design_id,competition_id,polarity,tag,statement_count,present,polarity_statement_total,statement_share
A1,A,negative,acoustics,1,1,5,0.2
A1,A,negative,circulation,2,1,5,0.4
A1,A,negative,fire safety,2,1,5,0.4
A1,A,negative,flexibility,1,1,5,0.2
A1,A,negative,functionality,2,1,5,0.4
A1,A,negative,landscape,1,1,5,0.2
A1,A,negative,layout,1,1,5,0.2
A1,A,negative,open space,1,1,5,0.2
A1,A,negative,privacy,1,1,5,0.2
A1,A,positive,circulation,1,1,8,0.125
A1,A,positive,cost,1,1,8,0.125
A1,A,positive,daylight,1,1,8,0.125
A1,A,positive,flexibility,2,1,8,0.25
A1,A,positive,functionality,3,1,8,0.375
A1,A,positive,identity,2,1,8,0.25
A1,A,positive,layout,3,1,8,0.375
A1,A,positive,massing,2,1,8,0.25
A1,A,positive,proportion,1,1,8,0.125
A1,A,positive,scale,1,1,8,0.125
A1,A,positive,sustainability,1,1,8,0.125
A1,A,positive,urban integration,1,1,8,0.125
A2,A,negative,accessibility,1,1,8,0.125
A2,A,negative,circulation,1,1,8,0.125
A2,A,negative,facade,1,1,8,0.125
A2,A,negative,flexibility,1,1,8,0.125
A2,A,negative,functionality,3,1,8,0.375
A2,A,negative,layout,2,1,8,0.25
A2,A,negative,massing,2,1,8,0.25
A2,A,negative,open space,1,1,8,0.125
A2,A,negative,scale,1,1,8,0.125
A2,A,negative,structure,1,1,8,0.125
A2,A,negative,urban integration,2,1,8,0.25
A2,A,positive,circulation,1,1,6,0.16666666666666666
A2,A,positive,fire safety,1,1,6,0.16666666666666666
A2,A,positive,flexibility,1,1,6,0.16666666666666666
A2,A,positive,functionality,2,1,6,0.3333333333333333
A2,A,positive,landscape,1,1,6,0.16666666666666666
A2,A,positive,layout,2,1,6,0.3333333333333333
A2,A,positive,massing,1,1,6,0.16666666666666666
A2,A,positive,open space,1,1,6,0.16666666666666666
A2,A,positive,operation,1,1,6,0.16666666666666666
A2,A,positive,structure,1,1,6,0.16666666666666666
A2,A,positive,topography,1,1,6,0.16666666666666666
A3,A,negative,accessibility,1,1,13,0.07692307692307693
A3,A,negative,cost,1,1,13,0.07692307692307693
A3,A,negative,daylight,2,1,13,0.15384615384615385
A3,A,negative,expression,1,1,13,0.07692307692307693
A3,A,negative,facade,1,1,13,0.07692307692307693
A3,A,negative,fire safety,1,1,13,0.07692307692307693
A3,A,negative,functionality,5,1,13,0.38461538461538464
A3,A,negative,layout,1,1,13,0.07692307692307693
A3,A,negative,scale,1,1,13,0.07692307692307693
A3,A,negative,sustainability,1,1,13,0.07692307692307693
A3,A,negative,ventilation,1,1,13,0.07692307692307693
A3,A,positive,accessibility,1,1,9,0.1111111111111111
A3,A,positive,circulation,1,1,9,0.1111111111111111
A3,A,positive,daylight,2,1,9,0.2222222222222222
A3,A,positive,flexibility,1,1,9,0.1111111111111111
A3,A,positive,functionality,1,1,9,0.1111111111111111
A3,A,positive,identity,1,1,9,0.1111111111111111
A3,A,positive,layout,2,1,9,0.2222222222222222
A3,A,positive,open space,1,1,9,0.1111111111111111
A3,A,positive,urban integration,1,1,9,0.1111111111111111
A3,A,positive,visibility,1,1,9,0.1111111111111111
A4,A,negative,circulation,1,1,6,0.16666666666666666
A4,A,negative,functionality,1,1,6,0.16666666666666666
A4,A,negative,identity,3,1,6,0.5
A4,A,negative,layout,1,1,6,0.16666666666666666
A4,A,negative,urban integration,1,1,6,0.16666666666666666
A4,A,positive,circulation,1,1,11,0.09090909090909091
A4,A,positive,cost,1,1,11,0.09090909090909091
A4,A,positive,daylight,1,1,11,0.09090909090909091
A4,A,positive,flexibility,1,1,11,0.09090909090909091
A4,A,positive,landscape,1,1,11,0.09090909090909091
A4,A,positive,open space,1,1,11,0.09090909090909091
A4,A,positive,structure,1,1,11,0.09090909090909091
A4,A,positive,topography,1,1,11,0.09090909090909091
A4,A,positive,urban integration,3,1,11,0.2727272727272727
A5,A,negative,daylight,1,1,10,0.1
A5,A,negative,facade,1,1,10,0.1
A5,A,negative,landscape,2,1,10,0.2
A5,A,negative,layout,1,1,10,0.1
A5,A,negative,massing,1,1,10,0.1
A5,A,negative,open space,1,1,10,0.1
A5,A,negative,scale,1,1,10,0.1
A5,A,negative,structure,1,1,10,0.1
A5,A,negative,topography,1,1,10,0.1
A5,A,negative,urban integration,1,1,10,0.1
A5,A,positive,daylight,1,1,6,0.16666666666666666
A5,A,positive,flexibility,1,1,6,0.16666666666666666
A5,A,positive,functionality,1,1,6,0.16666666666666666
A5,A,positive,layout,2,1,6,0.3333333333333333
A5,A,positive,massing,1,1,6,0.16666666666666666
A5,A,positive,open space,1,1,6,0.16666666666666666
A6,A,negative,accessibility,1,1,11,0.09090909090909091
A6,A,negative,circulation,1,1,11,0.09090909090909091
A6,A,negative,cost,2,1,11,0.18181818181818182
A6,A,negative,daylight,1,1,11,0.09090909090909091
A6,A,negative,facade,1,1,11,0.09090909090909091
A6,A,negative,fire safety,1,1,11,0.09090909090909091
A6,A,negative,flexibility,2,1,11,0.18181818181818182
A6,A,negative,functionality,1,1,11,0.09090909090909091
A6,A,negative,layout,1,1,11,0.09090909090909091
A6,A,negative,open space,1,1,11,0.09090909090909091
A6,A,negative,sustainability,1,1,11,0.09090909090909091
A6,A,negative,urban integration,1,1,11,0.09090909090909091
A6,A,positive,facade,1,1,5,0.2
A6,A,positive,landscape,1,1,5,0.2
A6,A,positive,layout,1,1,5,0.2
A6,A,positive,urban integration,2,1,5,0.4
A7,A,negative,circulation,1,1,8,0.125
A7,A,negative,daylight,1,1,8,0.125
A7,A,negative,flexibility,1,1,8,0.125
A7,A,negative,layout,2,1,8,0.25
A7,A,negative,massing,1,1,8,0.125
A7,A,negative,structure,1,1,8,0.125
A7,A,negative,topography,1,1,8,0.125
A7,A,positive,circulation,2,1,8,0.25
A7,A,positive,daylight,1,1,8,0.125
A7,A,positive,functionality,1,1,8,0.125
A7,A,positive,layout,2,1,8,0.25
A7,A,positive,proportion,1,1,8,0.125
A7,A,positive,structure,1,1,8,0.125
A7,A,positive,urban integration,1,1,8,0.125
A7,A,positive,visibility,1,1,8,0.125
AA1,AA,negative,accessibility,1,1,6,0.16666666666666666
AA1,AA,negative,functionality,1,1,6,0.16666666666666666
AA1,AA,negative,layout,1,1,6,0.16666666666666666
AA1,AA,negative,operation,1,1,6,0.16666666666666666
AA1,AA,negative,structure,1,1,6,0.16666666666666666
AA1,AA,negative,visibility,1,1,6,0.16666666666666666
AA1,AA,positive,circulation,3,1,10,0.3
AA1,AA,positive,cost,1,1,10,0.1
AA1,AA,positive,flexibility,1,1,10,0.1
AA1,AA,positive,identity,1,1,10,0.1
AA1,AA,positive,urban integration,4,1,10,0.4
AA2,AA,negative,daylight,1,1,9,0.1111111111111111
AA2,AA,negative,expression,1,1,9,0.1111111111111111
AA2,AA,negative,facade,1,1,9,0.1111111111111111
AA2,AA,negative,layout,2,1,9,0.2222222222222222
AA2,AA,negative,proportion,1,1,9,0.1111111111111111
AA2,AA,negative,safety,1,1,9,0.1111111111111111
AA2,AA,negative,structure,1,1,9,0.1111111111111111
AA2,AA,negative,urban integration,1,1,9,0.1111111111111111
AA2,AA,positive,accessibility,1,1,10,0.1
AA2,AA,positive,circulation,4,1,10,0.4
AA2,AA,positive,daylight,1,1,10,0.1
AA2,AA,positive,flexibility,1,1,10,0.1
AA2,AA,positive,functionality,1,1,10,0.1
AA2,AA,positive,layout,1,1,10,0.1
AA2,AA,positive,open space,1,1,10,0.1
AA2,AA,positive,structure,1,1,10,0.1
AA2,AA,positive,urban integration,1,1,10,0.1
AA3,AA,negative,circulation,1,1,6,0.16666666666666666
AA3,AA,negative,cost,1,1,6,0.16666666666666666
AA3,AA,negative,daylight,1,1,6,0.16666666666666666
AA3,AA,negative,facade,1,1,6,0.16666666666666666
AA3,AA,negative,functionality,1,1,6,0.16666666666666666
AA3,AA,negative,urban integration,1,1,6,0.16666666666666666
AA3,AA,negative,ventilation,1,1,6,0.16666666666666666
AA3,AA,positive,circulation,1,1,9,0.1111111111111111
AA3,AA,positive,daylight,1,1,9,0.1111111111111111
AA3,AA,positive,facade,1,1,9,0.1111111111111111
AA3,AA,positive,flexibility,1,1,9,0.1111111111111111
AA3,AA,positive,layout,2,1,9,0.2222222222222222
AA3,AA,positive,structure,1,1,9,0.1111111111111111
AA3,AA,positive,urban integration,3,1,9,0.3333333333333333
AA3,AA,positive,ventilation,1,1,9,0.1111111111111111
AA4,AA,negative,circulation,1,1,6,0.16666666666666666
AA4,AA,negative,cost,1,1,6,0.16666666666666666
AA4,AA,negative,expression,1,1,6,0.16666666666666666
AA4,AA,negative,flexibility,1,1,6,0.16666666666666666
AA4,AA,negative,functionality,1,1,6,0.16666666666666666
AA4,AA,negative,structure,1,1,6,0.16666666666666666
AA4,AA,negative,topography,1,1,6,0.16666666666666666
AA4,AA,positive,accessibility,1,1,11,0.09090909090909091
AA4,AA,positive,circulation,1,1,11,0.09090909090909091
AA4,AA,positive,daylight,1,1,11,0.09090909090909091
AA4,AA,positive,expression,1,1,11,0.09090909090909091
AA4,AA,positive,facade,1,1,11,0.09090909090909091
AA4,AA,positive,flexibility,1,1,11,0.09090909090909091
AA4,AA,positive,landscape,1,1,11,0.09090909090909091
AA4,AA,positive,layout,1,1,11,0.09090909090909091
AA4,AA,positive,open space,1,1,11,0.09090909090909091
AA4,AA,positive,proportion,1,1,11,0.09090909090909091
AA4,AA,positive,urban integration,3,1,11,0.2727272727272727
AA5,AA,negative,circulation,1,1,10,0.1
AA5,AA,negative,cost,1,1,10,0.1
AA5,AA,negative,daylight,1,1,10,0.1
AA5,AA,negative,flexibility,1,1,10,0.1
AA5,AA,negative,functionality,3,1,10,0.3
AA5,AA,negative,layout,2,1,10,0.2
AA5,AA,negative,proportion,1,1,10,0.1
AA5,AA,negative,structure,3,1,10,0.3
AA5,AA,negative,topography,1,1,10,0.1
AA5,AA,positive,circulation,2,1,10,0.2
AA5,AA,positive,daylight,1,1,10,0.1
AA5,AA,positive,facade,2,1,10,0.2
AA5,AA,positive,flexibility,1,1,10,0.1
AA5,AA,positive,identity,1,1,10,0.1
AA5,AA,positive,layout,1,1,10,0.1
AA5,AA,positive,urban integration,3,1,10,0.3
AA6,AA,negative,circulation,3,1,11,0.2727272727272727
AA6,AA,negative,cost,3,1,11,0.2727272727272727
AA6,AA,negative,daylight,2,1,11,0.18181818181818182
AA6,AA,negative,expression,2,1,11,0.18181818181818182
AA6,AA,negative,facade,1,1,11,0.09090909090909091
AA6,AA,negative,flexibility,1,1,11,0.09090909090909091
AA6,AA,negative,functionality,4,1,11,0.36363636363636365
AA6,AA,negative,identity,1,1,11,0.09090909090909091
AA6,AA,negative,layout,1,1,11,0.09090909090909091
AA6,AA,negative,massing,1,1,11,0.09090909090909091
AA6,AA,negative,open space,2,1,11,0.18181818181818182
AA6,AA,negative,safety,1,1,11,0.09090909090909091
AA6,AA,negative,structure,1,1,11,0.09090909090909091
AA6,AA,negative,topography,1,1,11,0.09090909090909091
AA6,AA,negative,urban integration,2,1,11,0.18181818181818182
AA6,AA,positive,accessibility,1,1,5,0.2
AA6,AA,positive,circulation,1,1,5,0.2
AA6,AA,positive,expression,1,1,5,0.2
AA6,AA,positive,functionality,2,1,5,0.4
AA6,AA,positive,layout,1,1,5,0.2
AA6,AA,positive,massing,1,1,5,0.2
AA6,AA,positive,open space,1,1,5,0.2
AA6,AA,positive,scale,1,1,5,0.2
AA6,AA,positive,urban integration,2,1,5,0.4
AA7,AA,negative,circulation,1,1,7,0.14285714285714285
AA7,AA,negative,expression,1,1,7,0.14285714285714285
AA7,AA,negative,functionality,3,1,7,0.42857142857142855
AA7,AA,negative,layout,1,1,7,0.14285714285714285
AA7,AA,negative,massing,2,1,7,0.2857142857142857
AA7,AA,negative,open space,1,1,7,0.14285714285714285
AA7,AA,negative,proportion,1,1,7,0.14285714285714285
AA7,AA,negative,scale,1,1,7,0.14285714285714285
AA7,AA,negative,structure,1,1,7,0.14285714285714285
AA7,AA,negative,topography,2,1,7,0.2857142857142857
AA7,AA,negative,urban integration,4,1,7,0.5714285714285714
AA7,AA,positive,circulation,2,1,6,0.3333333333333333
AA7,AA,positive,expression,1,1,6,0.16666666666666666
AA7,AA,positive,flexibility,1,1,6,0.16666666666666666
AA7,AA,positive,identity,1,1,6,0.16666666666666666
AA7,AA,positive,layout,1,1,6,0.16666666666666666
AA7,AA,positive,massing,1,1,6,0.16666666666666666
AA7,AA,positive,open space,1,1,6,0.16666666666666666
AA7,AA,positive,safety,1,1,6,0.16666666666666666
AA7,AA,positive,scale,1,1,6,0.16666666666666666
AA7,AA,positive,structure,1,1,6,0.16666666666666666
AA7,AA,positive,urban integration,2,1,6,0.3333333333333333
AAA1,AAA,negative,functionality,2,1,6,0.3333333333333333
AAA1,AAA,negative,landscape,1,1,6,0.16666666666666666
AAA1,AAA,negative,layout,2,1,6,0.3333333333333333
AAA1,AAA,negative,massing,1,1,6,0.16666666666666666
AAA1,AAA,negative,open space,1,1,6,0.16666666666666666
AAA1,AAA,negative,proportion,1,1,6,0.16666666666666666
AAA1,AAA,negative,structure,1,1,6,0.16666666666666666
AAA1,AAA,negative,sustainability,2,1,6,0.3333333333333333
AAA1,AAA,negative,urban integration,1,1,6,0.16666666666666666
AAA1,AAA,positive,circulation,1,1,9,0.1111111111111111
AAA1,AAA,positive,cost,1,1,9,0.1111111111111111
AAA1,AAA,positive,functionality,5,1,9,0.5555555555555556
AAA1,AAA,positive,identity,1,1,9,0.1111111111111111
AAA1,AAA,positive,landscape,1,1,9,0.1111111111111111
AAA1,AAA,positive,layout,2,1,9,0.2222222222222222
AAA1,AAA,positive,massing,1,1,9,0.1111111111111111
AAA1,AAA,positive,open space,2,1,9,0.2222222222222222
AAA1,AAA,positive,safety,1,1,9,0.1111111111111111
AAA1,AAA,positive,topography,1,1,9,0.1111111111111111
AAA1,AAA,positive,urban integration,3,1,9,0.3333333333333333
AAA1,AAA,positive,visibility,1,1,9,0.1111111111111111
AAA2,AAA,negative,acoustics,1,1,7,0.14285714285714285
AAA2,AAA,negative,circulation,1,1,7,0.14285714285714285
AAA2,AAA,negative,cost,2,1,7,0.2857142857142857
AAA2,AAA,negative,daylight,1,1,7,0.14285714285714285
AAA2,AAA,negative,expression,1,1,7,0.14285714285714285
AAA2,AAA,negative,facade,1,1,7,0.14285714285714285
AAA2,AAA,negative,functionality,2,1,7,0.2857142857142857
AAA2,AAA,negative,layout,3,1,7,0.42857142857142855
AAA2,AAA,negative,open space,2,1,7,0.2857142857142857
AAA2,AAA,negative,structure,2,1,7,0.2857142857142857
AAA2,AAA,negative,sustainability,1,1,7,0.14285714285714285
AAA2,AAA,positive,accessibility,2,1,6,0.3333333333333333
AAA2,AAA,positive,circulation,1,1,6,0.16666666666666666
AAA2,AAA,positive,flexibility,1,1,6,0.16666666666666666
AAA2,AAA,positive,functionality,2,1,6,0.3333333333333333
AAA2,AAA,positive,identity,1,1,6,0.16666666666666666
AAA2,AAA,positive,layout,3,1,6,0.5
AAA2,AAA,positive,massing,1,1,6,0.16666666666666666
AAA2,AAA,positive,open space,1,1,6,0.16666666666666666
AAA2,AAA,positive,operation,1,1,6,0.16666666666666666
AAA2,AAA,positive,structure,2,1,6,0.3333333333333333
AAA2,AAA,positive,urban integration,1,1,6,0.16666666666666666
AAA2,AAA,positive,visibility,1,1,6,0.16666666666666666
AAA3,AAA,negative,circulation,2,1,8,0.25
AAA3,AAA,negative,cost,1,1,8,0.125
AAA3,AAA,negative,expression,1,1,8,0.125
AAA3,AAA,negative,facade,1,1,8,0.125
AAA3,AAA,negative,functionality,2,1,8,0.25
AAA3,AAA,negative,landscape,2,1,8,0.25
AAA3,AAA,negative,layout,4,1,8,0.5
AAA3,AAA,negative,open space,4,1,8,0.5
AAA3,AAA,negative,proportion,1,1,8,0.125
AAA3,AAA,negative,structure,2,1,8,0.25
AAA3,AAA,negative,urban integration,1,1,8,0.125
AAA3,AAA,positive,circulation,2,1,6,0.3333333333333333
AAA3,AAA,positive,cost,1,1,6,0.16666666666666666
AAA3,AAA,positive,daylight,1,1,6,0.16666666666666666
AAA3,AAA,positive,flexibility,1,1,6,0.16666666666666666
AAA3,AAA,positive,functionality,2,1,6,0.3333333333333333
AAA3,AAA,positive,layout,4,1,6,0.6666666666666666
AAA3,AAA,positive,massing,1,1,6,0.16666666666666666
AAA3,AAA,positive,sustainability,1,1,6,0.16666666666666666
AAA3,AAA,positive,urban integration,1,1,6,0.16666666666666666
AAA4,AAA,negative,circulation,2,1,9,0.2222222222222222
AAA4,AAA,negative,cost,1,1,9,0.1111111111111111
AAA4,AAA,negative,daylight,1,1,9,0.1111111111111111
AAA4,AAA,negative,expression,1,1,9,0.1111111111111111
AAA4,AAA,negative,functionality,1,1,9,0.1111111111111111
AAA4,AAA,negative,identity,1,1,9,0.1111111111111111
AAA4,AAA,negative,landscape,2,1,9,0.2222222222222222
AAA4,AAA,negative,layout,2,1,9,0.2222222222222222
AAA4,AAA,negative,open space,3,1,9,0.3333333333333333
AAA4,AAA,negative,operation,1,1,9,0.1111111111111111
AAA4,AAA,negative,safety,1,1,9,0.1111111111111111
AAA4,AAA,negative,structure,2,1,9,0.2222222222222222
AAA4,AAA,negative,topography,1,1,9,0.1111111111111111
AAA4,AAA,negative,urban integration,2,1,9,0.2222222222222222
AAA4,AAA,negative,visibility,2,1,9,0.2222222222222222
AAA4,AAA,positive,circulation,1,1,8,0.125
AAA4,AAA,positive,cost,1,1,8,0.125
AAA4,AAA,positive,daylight,2,1,8,0.25
AAA4,AAA,positive,facade,1,1,8,0.125
AAA4,AAA,positive,fire safety,1,1,8,0.125
AAA4,AAA,positive,flexibility,2,1,8,0.25
AAA4,AAA,positive,functionality,2,1,8,0.25
AAA4,AAA,positive,identity,1,1,8,0.125
AAA4,AAA,positive,layout,4,1,8,0.5
AAA4,AAA,positive,massing,3,1,8,0.375
AAA4,AAA,positive,open space,1,1,8,0.125
AAA4,AAA,positive,sustainability,1,1,8,0.125
AAA4,AAA,positive,urban integration,1,1,8,0.125
AAA4,AAA,positive,visibility,2,1,8,0.25
AAA5,AAA,negative,circulation,2,1,9,0.2222222222222222
AAA5,AAA,negative,cost,1,1,9,0.1111111111111111
AAA5,AAA,negative,expression,1,1,9,0.1111111111111111
AAA5,AAA,negative,facade,1,1,9,0.1111111111111111
AAA5,AAA,negative,fire safety,1,1,9,0.1111111111111111
AAA5,AAA,negative,functionality,3,1,9,0.3333333333333333
AAA5,AAA,negative,identity,1,1,9,0.1111111111111111
AAA5,AAA,negative,layout,3,1,9,0.3333333333333333
AAA5,AAA,negative,open space,2,1,9,0.2222222222222222
AAA5,AAA,negative,operation,2,1,9,0.2222222222222222
AAA5,AAA,negative,proportion,1,1,9,0.1111111111111111
AAA5,AAA,negative,safety,2,1,9,0.2222222222222222
AAA5,AAA,negative,urban integration,1,1,9,0.1111111111111111
AAA5,AAA,negative,visibility,1,1,9,0.1111111111111111
AAA5,AAA,positive,functionality,3,1,6,0.5
AAA5,AAA,positive,layout,3,1,6,0.5
AAA5,AAA,positive,massing,3,1,6,0.5
AAA5,AAA,positive,open space,2,1,6,0.3333333333333333
AAA5,AAA,positive,structure,1,1,6,0.16666666666666666
AAA5,AAA,positive,urban integration,2,1,6,0.3333333333333333
AAAA1,AAAA,negative,circulation,1,1,5,0.2
AAAA1,AAAA,negative,expression,3,1,5,0.6
AAAA1,AAAA,negative,facade,3,1,5,0.6
AAAA1,AAAA,negative,functionality,1,1,5,0.2
AAAA1,AAAA,negative,identity,1,1,5,0.2
AAAA1,AAAA,negative,landscape,1,1,5,0.2
AAAA1,AAAA,negative,urban integration,1,1,5,0.2
AAAA1,AAAA,positive,acoustics,1,1,9,0.1111111111111111
AAAA1,AAAA,positive,circulation,2,1,9,0.2222222222222222
AAAA1,AAAA,positive,cost,1,1,9,0.1111111111111111
AAAA1,AAAA,positive,expression,1,1,9,0.1111111111111111
AAAA1,AAAA,positive,flexibility,2,1,9,0.2222222222222222
AAAA1,AAAA,positive,functionality,1,1,9,0.1111111111111111
AAAA1,AAAA,positive,layout,1,1,9,0.1111111111111111
AAAA1,AAAA,positive,massing,2,1,9,0.2222222222222222
AAAA1,AAAA,positive,open space,3,1,9,0.3333333333333333
AAAA1,AAAA,positive,operation,1,1,9,0.1111111111111111
AAAA1,AAAA,positive,proportion,2,1,9,0.2222222222222222
AAAA1,AAAA,positive,topography,1,1,9,0.1111111111111111
AAAA1,AAAA,positive,urban integration,3,1,9,0.3333333333333333
AAAA1,AAAA,positive,visibility,1,1,9,0.1111111111111111
AAAA2,AAAA,negative,accessibility,1,1,9,0.1111111111111111
AAAA2,AAAA,negative,acoustics,1,1,9,0.1111111111111111
AAAA2,AAAA,negative,circulation,1,1,9,0.1111111111111111
AAAA2,AAAA,negative,cost,1,1,9,0.1111111111111111
AAAA2,AAAA,negative,expression,2,1,9,0.2222222222222222
AAAA2,AAAA,negative,functionality,3,1,9,0.3333333333333333
AAAA2,AAAA,negative,identity,1,1,9,0.1111111111111111
AAAA2,AAAA,negative,landscape,2,1,9,0.2222222222222222
AAAA2,AAAA,negative,layout,1,1,9,0.1111111111111111
AAAA2,AAAA,negative,massing,2,1,9,0.2222222222222222
AAAA2,AAAA,negative,open space,2,1,9,0.2222222222222222
AAAA2,AAAA,negative,structure,1,1,9,0.1111111111111111
AAAA2,AAAA,negative,sustainability,1,1,9,0.1111111111111111
AAAA2,AAAA,negative,urban integration,2,1,9,0.2222222222222222
AAAA2,AAAA,positive,circulation,2,1,7,0.2857142857142857
AAAA2,AAAA,positive,cost,1,1,7,0.14285714285714285
AAAA2,AAAA,positive,expression,1,1,7,0.14285714285714285
AAAA2,AAAA,positive,facade,1,1,7,0.14285714285714285
AAAA2,AAAA,positive,functionality,1,1,7,0.14285714285714285
AAAA2,AAAA,positive,identity,1,1,7,0.14285714285714285
AAAA2,AAAA,positive,massing,1,1,7,0.14285714285714285
AAAA2,AAAA,positive,open space,2,1,7,0.2857142857142857
AAAA2,AAAA,positive,operation,2,1,7,0.2857142857142857
AAAA2,AAAA,positive,proportion,1,1,7,0.14285714285714285
AAAA2,AAAA,positive,scale,2,1,7,0.2857142857142857
AAAA2,AAAA,positive,structure,1,1,7,0.14285714285714285
AAAA2,AAAA,positive,sustainability,1,1,7,0.14285714285714285
AAAA2,AAAA,positive,urban integration,3,1,7,0.42857142857142855
AAAA2,AAAA,positive,visibility,1,1,7,0.14285714285714285
AAAA3,AAAA,negative,acoustics,3,1,9,0.3333333333333333
AAAA3,AAAA,negative,circulation,1,1,9,0.1111111111111111
AAAA3,AAAA,negative,cost,3,1,9,0.3333333333333333
AAAA3,AAAA,negative,flexibility,1,1,9,0.1111111111111111
AAAA3,AAAA,negative,functionality,2,1,9,0.2222222222222222
AAAA3,AAAA,negative,identity,1,1,9,0.1111111111111111
AAAA3,AAAA,negative,landscape,2,1,9,0.2222222222222222
AAAA3,AAAA,negative,layout,1,1,9,0.1111111111111111
AAAA3,AAAA,negative,massing,1,1,9,0.1111111111111111
AAAA3,AAAA,negative,open space,3,1,9,0.3333333333333333
AAAA3,AAAA,negative,operation,2,1,9,0.2222222222222222
AAAA3,AAAA,negative,privacy,2,1,9,0.2222222222222222
AAAA3,AAAA,negative,urban integration,2,1,9,0.2222222222222222
AAAA3,AAAA,positive,accessibility,1,1,5,0.2
AAAA3,AAAA,positive,circulation,2,1,5,0.4
AAAA3,AAAA,positive,flexibility,2,1,5,0.4
AAAA3,AAAA,positive,functionality,2,1,5,0.4
AAAA3,AAAA,positive,identity,1,1,5,0.2
AAAA3,AAAA,positive,landscape,1,1,5,0.2
AAAA3,AAAA,positive,layout,1,1,5,0.2
AAAA3,AAAA,positive,open space,1,1,5,0.2
AAAA3,AAAA,positive,operation,1,1,5,0.2
AAAA3,AAAA,positive,scale,1,1,5,0.2
AAAA3,AAAA,positive,urban integration,2,1,5,0.4
AAAA4,AAAA,negative,acoustics,1,1,10,0.1
AAAA4,AAAA,negative,circulation,2,1,10,0.2
AAAA4,AAAA,negative,cost,1,1,10,0.1
AAAA4,AAAA,negative,expression,1,1,10,0.1
AAAA4,AAAA,negative,facade,1,1,10,0.1
AAAA4,AAAA,negative,functionality,4,1,10,0.4
AAAA4,AAAA,negative,identity,1,1,10,0.1
AAAA4,AAAA,negative,landscape,1,1,10,0.1
AAAA4,AAAA,negative,layout,2,1,10,0.2
AAAA4,AAAA,negative,open space,2,1,10,0.2
AAAA4,AAAA,negative,operation,3,1,10,0.3
AAAA4,AAAA,negative,privacy,1,1,10,0.1
AAAA4,AAAA,negative,scale,1,1,10,0.1
AAAA4,AAAA,negative,structure,2,1,10,0.2
AAAA4,AAAA,negative,urban integration,2,1,10,0.2
AAAA4,AAAA,positive,circulation,1,1,6,0.16666666666666666
AAAA4,AAAA,positive,expression,2,1,6,0.3333333333333333
AAAA4,AAAA,positive,functionality,3,1,6,0.5
AAAA4,AAAA,positive,identity,1,1,6,0.16666666666666666
AAAA4,AAAA,positive,layout,1,1,6,0.16666666666666666
AAAA4,AAAA,positive,massing,2,1,6,0.3333333333333333
AAAA4,AAAA,positive,open space,3,1,6,0.5
AAAA4,AAAA,positive,scale,1,1,6,0.16666666666666666
AAAA4,AAAA,positive,urban integration,3,1,6,0.5
AAAA4,AAAA,positive,visibility,1,1,6,0.16666666666666666
AAAA5,AAAA,negative,accessibility,1,1,11,0.09090909090909091
AAAA5,AAAA,negative,circulation,4,1,11,0.36363636363636365
AAAA5,AAAA,negative,cost,1,1,11,0.09090909090909091
AAAA5,AAAA,negative,expression,1,1,11,0.09090909090909091
AAAA5,AAAA,negative,flexibility,1,1,11,0.09090909090909091
AAAA5,AAAA,negative,functionality,4,1,11,0.36363636363636365
AAAA5,AAAA,negative,identity,1,1,11,0.09090909090909091
AAAA5,AAAA,negative,landscape,2,1,11,0.18181818181818182
AAAA5,AAAA,negative,layout,2,1,11,0.18181818181818182
AAAA5,AAAA,negative,massing,2,1,11,0.18181818181818182
AAAA5,AAAA,negative,open space,2,1,11,0.18181818181818182
AAAA5,AAAA,negative,operation,2,1,11,0.18181818181818182
AAAA5,AAAA,negative,scale,1,1,11,0.09090909090909091
AAAA5,AAAA,negative,urban integration,3,1,11,0.2727272727272727
AAAA5,AAAA,negative,visibility,1,1,11,0.09090909090909091
AAAA5,AAAA,positive,circulation,3,1,7,0.42857142857142855
AAAA5,AAAA,positive,daylight,1,1,7,0.14285714285714285
AAAA5,AAAA,positive,expression,2,1,7,0.2857142857142857
AAAA5,AAAA,positive,flexibility,3,1,7,0.42857142857142855
AAAA5,AAAA,positive,functionality,5,1,7,0.7142857142857143
AAAA5,AAAA,positive,landscape,1,1,7,0.14285714285714285
AAAA5,AAAA,positive,layout,2,1,7,0.2857142857142857
AAAA5,AAAA,positive,massing,1,1,7,0.14285714285714285
AAAA5,AAAA,positive,scale,1,1,7,0.14285714285714285
AAAA5,AAAA,positive,sustainability,1,1,7,0.14285714285714285
AAAA5,AAAA,positive,urban integration,1,1,7,0.14285714285714285
AAAA6,AAAA,negative,acoustics,2,1,11,0.18181818181818182
AAAA6,AAAA,negative,circulation,1,1,11,0.09090909090909091
AAAA6,AAAA,negative,cost,2,1,11,0.18181818181818182
AAAA6,AAAA,negative,expression,2,1,11,0.18181818181818182
AAAA6,AAAA,negative,functionality,5,1,11,0.45454545454545453
AAAA6,AAAA,negative,identity,2,1,11,0.18181818181818182
AAAA6,AAAA,negative,landscape,1,1,11,0.09090909090909091
AAAA6,AAAA,negative,layout,1,1,11,0.09090909090909091
AAAA6,AAAA,negative,open space,1,1,11,0.09090909090909091
AAAA6,AAAA,negative,operation,3,1,11,0.2727272727272727
AAAA6,AAAA,negative,safety,1,1,11,0.09090909090909091
AAAA6,AAAA,negative,structure,1,1,11,0.09090909090909091
AAAA6,AAAA,negative,urban integration,3,1,11,0.2727272727272727
AAAA6,AAAA,negative,visibility,3,1,11,0.2727272727272727
AAAA6,AAAA,positive,acoustics,1,1,8,0.125
AAAA6,AAAA,positive,circulation,3,1,8,0.375
AAAA6,AAAA,positive,cost,1,1,8,0.125
AAAA6,AAAA,positive,expression,1,1,8,0.125
AAAA6,AAAA,positive,functionality,2,1,8,0.25
AAAA6,AAAA,positive,identity,1,1,8,0.125
AAAA6,AAAA,positive,landscape,1,1,8,0.125
AAAA6,AAAA,positive,layout,2,1,8,0.25
AAAA6,AAAA,positive,massing,2,1,8,0.25
AAAA6,AAAA,positive,open space,2,1,8,0.25
AAAA6,AAAA,positive,operation,1,1,8,0.125
AAAA6,AAAA,positive,proportion,2,1,8,0.25
AAAA6,AAAA,positive,scale,1,1,8,0.125
AAAA6,AAAA,positive,sustainability,1,1,8,0.125
AAAA6,AAAA,positive,urban integration,2,1,8,0.25
B1,B,negative,circulation,1,1,3,0.3333333333333333
B1,B,negative,expression,2,1,3,0.6666666666666666
B1,B,negative,facade,1,1,3,0.3333333333333333
B1,B,negative,identity,1,1,3,0.3333333333333333
B1,B,negative,massing,1,1,3,0.3333333333333333
B1,B,negative,operation,1,1,3,0.3333333333333333
B1,B,negative,urban integration,1,1,3,0.3333333333333333
B1,B,positive,cost,1,1,10,0.1
B1,B,positive,daylight,1,1,10,0.1
B1,B,positive,expression,1,1,10,0.1
B1,B,positive,flexibility,2,1,10,0.2
B1,B,positive,functionality,3,1,10,0.3
B1,B,positive,identity,1,1,10,0.1
B1,B,positive,landscape,2,1,10,0.2
B1,B,positive,layout,3,1,10,0.3
B1,B,positive,massing,4,1,10,0.4
B1,B,positive,open space,3,1,10,0.3
B1,B,positive,operation,2,1,10,0.2
B1,B,positive,proportion,2,1,10,0.2
B1,B,positive,structure,1,1,10,0.1
B1,B,positive,sustainability,1,1,10,0.1
B1,B,positive,urban integration,2,1,10,0.2
B2,B,negative,accessibility,1,1,4,0.25
B2,B,negative,circulation,3,1,4,0.75
B2,B,negative,daylight,1,1,4,0.25
B2,B,negative,facade,1,1,4,0.25
B2,B,negative,layout,2,1,4,0.5
B2,B,negative,open space,1,1,4,0.25
B2,B,positive,cost,1,1,7,0.14285714285714285
B2,B,positive,expression,2,1,7,0.2857142857142857
B2,B,positive,facade,2,1,7,0.2857142857142857
B2,B,positive,functionality,1,1,7,0.14285714285714285
B2,B,positive,identity,2,1,7,0.2857142857142857
B2,B,positive,landscape,1,1,7,0.14285714285714285
B2,B,positive,layout,2,1,7,0.2857142857142857
B2,B,positive,massing,1,1,7,0.14285714285714285
B2,B,positive,open space,3,1,7,0.42857142857142855
B2,B,positive,structure,1,1,7,0.14285714285714285
B2,B,positive,urban integration,4,1,7,0.5714285714285714
B3,B,negative,accessibility,1,1,9,0.1111111111111111
B3,B,negative,circulation,3,1,9,0.3333333333333333
B3,B,negative,daylight,1,1,9,0.1111111111111111
B3,B,negative,expression,1,1,9,0.1111111111111111
B3,B,negative,functionality,2,1,9,0.2222222222222222
B3,B,negative,identity,3,1,9,0.3333333333333333
B3,B,negative,layout,3,1,9,0.3333333333333333
B3,B,negative,massing,1,1,9,0.1111111111111111
B3,B,negative,open space,3,1,9,0.3333333333333333
B3,B,negative,operation,2,1,9,0.2222222222222222
B3,B,negative,proportion,1,1,9,0.1111111111111111
B3,B,negative,urban integration,4,1,9,0.4444444444444444
B3,B,positive,circulation,1,1,7,0.14285714285714285
B3,B,positive,cost,1,1,7,0.14285714285714285
B3,B,positive,expression,1,1,7,0.14285714285714285
B3,B,positive,facade,1,1,7,0.14285714285714285
B3,B,positive,flexibility,1,1,7,0.14285714285714285
B3,B,positive,functionality,2,1,7,0.2857142857142857
B3,B,positive,identity,1,1,7,0.14285714285714285
B3,B,positive,layout,4,1,7,0.5714285714285714
B3,B,positive,massing,3,1,7,0.42857142857142855
B3,B,positive,open space,1,1,7,0.14285714285714285
B3,B,positive,operation,1,1,7,0.14285714285714285
B3,B,positive,structure,1,1,7,0.14285714285714285
B3,B,positive,urban integration,2,1,7,0.2857142857142857
B4,B,negative,accessibility,1,1,8,0.125
B4,B,negative,circulation,2,1,8,0.25
B4,B,negative,cost,1,1,8,0.125
B4,B,negative,facade,2,1,8,0.25
B4,B,negative,fire safety,1,1,8,0.125
B4,B,negative,flexibility,1,1,8,0.125
B4,B,negative,layout,1,1,8,0.125
B4,B,negative,operation,2,1,8,0.25
B4,B,negative,proportion,1,1,8,0.125
B4,B,negative,safety,2,1,8,0.25
B4,B,negative,structure,2,1,8,0.25
B4,B,negative,sustainability,2,1,8,0.25
B4,B,positive,circulation,3,1,7,0.42857142857142855
B4,B,positive,cost,1,1,7,0.14285714285714285
B4,B,positive,daylight,1,1,7,0.14285714285714285
B4,B,positive,expression,1,1,7,0.14285714285714285
B4,B,positive,facade,1,1,7,0.14285714285714285
B4,B,positive,flexibility,1,1,7,0.14285714285714285
B4,B,positive,functionality,2,1,7,0.2857142857142857
B4,B,positive,identity,1,1,7,0.14285714285714285
B4,B,positive,layout,3,1,7,0.42857142857142855
B4,B,positive,massing,2,1,7,0.2857142857142857
B4,B,positive,open space,1,1,7,0.14285714285714285
B4,B,positive,operation,1,1,7,0.14285714285714285
B4,B,positive,urban integration,3,1,7,0.42857142857142855
B5,B,negative,accessibility,1,1,11,0.09090909090909091
B5,B,negative,circulation,3,1,11,0.2727272727272727
B5,B,negative,cost,2,1,11,0.18181818181818182
B5,B,negative,expression,1,1,11,0.09090909090909091
B5,B,negative,flexibility,3,1,11,0.2727272727272727
B5,B,negative,functionality,4,1,11,0.36363636363636365
B5,B,negative,identity,1,1,11,0.09090909090909091
B5,B,negative,landscape,1,1,11,0.09090909090909091
B5,B,negative,layout,4,1,11,0.36363636363636365
B5,B,negative,massing,1,1,11,0.09090909090909091
B5,B,negative,open space,1,1,11,0.09090909090909091
B5,B,negative,operation,3,1,11,0.2727272727272727
B5,B,negative,proportion,2,1,11,0.18181818181818182
B5,B,negative,structure,1,1,11,0.09090909090909091
B5,B,negative,sustainability,1,1,11,0.09090909090909091
B5,B,positive,accessibility,1,1,4,0.25
B5,B,positive,circulation,1,1,4,0.25
B5,B,positive,expression,1,1,4,0.25
B5,B,positive,facade,1,1,4,0.25
B5,B,positive,identity,1,1,4,0.25
B5,B,positive,massing,1,1,4,0.25
B5,B,positive,operation,1,1,4,0.25
B5,B,positive,scale,1,1,4,0.25
B5,B,positive,urban integration,2,1,4,0.5
B6,B,negative,accessibility,1,1,7,0.14285714285714285
B6,B,negative,circulation,2,1,7,0.2857142857142857
B6,B,negative,expression,1,1,7,0.14285714285714285
B6,B,negative,facade,1,1,7,0.14285714285714285
B6,B,negative,functionality,2,1,7,0.2857142857142857
B6,B,negative,open space,2,1,7,0.2857142857142857
B6,B,negative,operation,1,1,7,0.14285714285714285
B6,B,negative,proportion,1,1,7,0.14285714285714285
B6,B,negative,structure,1,1,7,0.14285714285714285
B6,B,negative,urban integration,2,1,7,0.2857142857142857
B6,B,positive,circulation,1,1,6,0.16666666666666666
B6,B,positive,flexibility,1,1,6,0.16666666666666666
B6,B,positive,identity,1,1,6,0.16666666666666666
B6,B,positive,layout,1,1,6,0.16666666666666666
B6,B,positive,massing,1,1,6,0.16666666666666666
B6,B,positive,open space,1,1,6,0.16666666666666666
B6,B,positive,operation,1,1,6,0.16666666666666666
B6,B,positive,scale,1,1,6,0.16666666666666666
B6,B,positive,structure,1,1,6,0.16666666666666666
B6,B,positive,sustainability,1,1,6,0.16666666666666666
B6,B,positive,urban integration,1,1,6,0.16666666666666666
B6,B,positive,visibility,1,1,6,0.16666666666666666
B7,B,negative,accessibility,1,1,8,0.125
B7,B,negative,circulation,1,1,8,0.125
B7,B,negative,cost,2,1,8,0.25
B7,B,negative,daylight,1,1,8,0.125
B7,B,negative,facade,1,1,8,0.125
B7,B,negative,massing,1,1,8,0.125
B7,B,negative,open space,2,1,8,0.25
B7,B,negative,safety,2,1,8,0.25
B7,B,negative,structure,3,1,8,0.375
B7,B,negative,sustainability,1,1,8,0.125
B7,B,negative,urban integration,1,1,8,0.125
B7,B,positive,circulation,1,1,6,0.16666666666666666
B7,B,positive,expression,1,1,6,0.16666666666666666
B7,B,positive,fire safety,1,1,6,0.16666666666666666
B7,B,positive,flexibility,1,1,6,0.16666666666666666
B7,B,positive,functionality,2,1,6,0.3333333333333333
B7,B,positive,identity,2,1,6,0.3333333333333333
B7,B,positive,layout,3,1,6,0.5
B7,B,positive,massing,2,1,6,0.3333333333333333
B7,B,positive,scale,1,1,6,0.16666666666666666
B7,B,positive,urban integration,1,1,6,0.16666666666666666
BB1,BB,negative,acoustics,1,1,1,1.0
BB1,BB,negative,layout,1,1,1,1.0
BB1,BB,positive,circulation,1,1,7,0.14285714285714285
BB1,BB,positive,cost,1,1,7,0.14285714285714285
BB1,BB,positive,expression,1,1,7,0.14285714285714285
BB1,BB,positive,functionality,2,1,7,0.2857142857142857
BB1,BB,positive,identity,2,1,7,0.2857142857142857
BB1,BB,positive,landscape,1,1,7,0.14285714285714285
BB1,BB,positive,layout,2,1,7,0.2857142857142857
BB1,BB,positive,massing,2,1,7,0.2857142857142857
BB1,BB,positive,operation,1,1,7,0.14285714285714285
BB1,BB,positive,sustainability,1,1,7,0.14285714285714285
BB1,BB,positive,topography,1,1,7,0.14285714285714285
BB1,BB,positive,urban integration,3,1,7,0.42857142857142855
BB2,BB,negative,circulation,2,1,7,0.2857142857142857
BB2,BB,negative,expression,1,1,7,0.14285714285714285
BB2,BB,negative,functionality,4,1,7,0.5714285714285714
BB2,BB,negative,layout,3,1,7,0.42857142857142855
BB2,BB,negative,open space,2,1,7,0.2857142857142857
BB2,BB,negative,scale,1,1,7,0.14285714285714285
BB2,BB,positive,circulation,1,1,6,0.16666666666666666
BB2,BB,positive,expression,1,1,6,0.16666666666666666
BB2,BB,positive,fire safety,1,1,6,0.16666666666666666
BB2,BB,positive,identity,1,1,6,0.16666666666666666
BB2,BB,positive,landscape,2,1,6,0.3333333333333333
BB2,BB,positive,massing,2,1,6,0.3333333333333333
BB2,BB,positive,open space,1,1,6,0.16666666666666666
BB2,BB,positive,scale,1,1,6,0.16666666666666666
BB2,BB,positive,sustainability,1,1,6,0.16666666666666666
BB2,BB,positive,urban integration,2,1,6,0.3333333333333333
BB2,BB,positive,visibility,1,1,6,0.16666666666666666
BB3,BB,negative,accessibility,2,1,7,0.2857142857142857
BB3,BB,negative,circulation,1,1,7,0.14285714285714285
BB3,BB,negative,cost,1,1,7,0.14285714285714285
BB3,BB,negative,expression,2,1,7,0.2857142857142857
BB3,BB,negative,facade,2,1,7,0.2857142857142857
BB3,BB,negative,fire safety,1,1,7,0.14285714285714285
BB3,BB,negative,functionality,1,1,7,0.14285714285714285
BB3,BB,negative,layout,1,1,7,0.14285714285714285
BB3,BB,negative,massing,1,1,7,0.14285714285714285
BB3,BB,negative,open space,1,1,7,0.14285714285714285
BB3,BB,negative,operation,1,1,7,0.14285714285714285
BB3,BB,negative,visibility,1,1,7,0.14285714285714285
BB3,BB,positive,circulation,3,1,9,0.3333333333333333
BB3,BB,positive,daylight,1,1,9,0.1111111111111111
BB3,BB,positive,expression,1,1,9,0.1111111111111111
BB3,BB,positive,facade,1,1,9,0.1111111111111111
BB3,BB,positive,functionality,1,1,9,0.1111111111111111
BB3,BB,positive,identity,1,1,9,0.1111111111111111
BB3,BB,positive,landscape,2,1,9,0.2222222222222222
BB3,BB,positive,layout,2,1,9,0.2222222222222222
BB3,BB,positive,massing,2,1,9,0.2222222222222222
BB3,BB,positive,open space,1,1,9,0.1111111111111111
BB3,BB,positive,operation,1,1,9,0.1111111111111111
BB3,BB,positive,scale,2,1,9,0.2222222222222222
BB3,BB,positive,sustainability,1,1,9,0.1111111111111111
BB3,BB,positive,topography,1,1,9,0.1111111111111111
BB3,BB,positive,urban integration,2,1,9,0.2222222222222222
BB4,BB,negative,circulation,1,1,4,0.25
BB4,BB,negative,expression,1,1,4,0.25
BB4,BB,negative,facade,1,1,4,0.25
BB4,BB,negative,fire safety,1,1,4,0.25
BB4,BB,negative,massing,2,1,4,0.5
BB4,BB,negative,proportion,1,1,4,0.25
BB4,BB,negative,sustainability,1,1,4,0.25
BB4,BB,negative,urban integration,1,1,4,0.25
BB4,BB,negative,visibility,1,1,4,0.25
BB4,BB,positive,circulation,1,1,3,0.3333333333333333
BB4,BB,positive,expression,1,1,3,0.3333333333333333
BB4,BB,positive,functionality,2,1,3,0.6666666666666666
BB4,BB,positive,layout,2,1,3,0.6666666666666666
BB4,BB,positive,massing,1,1,3,0.3333333333333333
BB4,BB,positive,operation,1,1,3,0.3333333333333333
BB5,BB,negative,accessibility,2,1,8,0.25
BB5,BB,negative,circulation,3,1,8,0.375
BB5,BB,negative,cost,1,1,8,0.125
BB5,BB,negative,daylight,1,1,8,0.125
BB5,BB,negative,facade,1,1,8,0.125
BB5,BB,negative,functionality,1,1,8,0.125
BB5,BB,negative,identity,2,1,8,0.25
BB5,BB,negative,layout,1,1,8,0.125
BB5,BB,negative,massing,2,1,8,0.25
BB5,BB,negative,proportion,1,1,8,0.125
BB5,BB,negative,structure,1,1,8,0.125
BB5,BB,negative,sustainability,1,1,8,0.125
BB5,BB,negative,urban integration,1,1,8,0.125
BB5,BB,positive,landscape,3,1,4,0.75
BB5,BB,positive,massing,2,1,4,0.5
BB5,BB,positive,open space,1,1,4,0.25
BB5,BB,positive,urban integration,2,1,4,0.5
BB5,BB,positive,visibility,1,1,4,0.25
BBB1,BBB,negative,cost,1,1,2,0.5
BBB1,BBB,negative,massing,1,1,2,0.5
BBB1,BBB,negative,structure,1,1,2,0.5
BBB1,BBB,negative,topography,1,1,2,0.5
BBB1,BBB,negative,urban integration,1,1,2,0.5
BBB1,BBB,positive,accessibility,1,1,10,0.1
BBB1,BBB,positive,circulation,1,1,10,0.1
BBB1,BBB,positive,cost,1,1,10,0.1
BBB1,BBB,positive,expression,1,1,10,0.1
BBB1,BBB,positive,flexibility,1,1,10,0.1
BBB1,BBB,positive,functionality,1,1,10,0.1
BBB1,BBB,positive,identity,1,1,10,0.1
BBB1,BBB,positive,landscape,2,1,10,0.2
BBB1,BBB,positive,layout,1,1,10,0.1
BBB1,BBB,positive,massing,4,1,10,0.4
BBB1,BBB,positive,open space,2,1,10,0.2
BBB1,BBB,positive,operation,1,1,10,0.1
BBB1,BBB,positive,scale,1,1,10,0.1
BBB1,BBB,positive,sustainability,1,1,10,0.1
BBB1,BBB,positive,topography,2,1,10,0.2
BBB1,BBB,positive,urban integration,4,1,10,0.4
BBB1,BBB,positive,visibility,1,1,10,0.1
BBB2,BBB,negative,accessibility,1,1,9,0.1111111111111111
BBB2,BBB,negative,circulation,3,1,9,0.3333333333333333
BBB2,BBB,negative,cost,1,1,9,0.1111111111111111
BBB2,BBB,negative,expression,1,1,9,0.1111111111111111
BBB2,BBB,negative,facade,1,1,9,0.1111111111111111
BBB2,BBB,negative,functionality,3,1,9,0.3333333333333333
BBB2,BBB,negative,identity,1,1,9,0.1111111111111111
BBB2,BBB,negative,layout,2,1,9,0.2222222222222222
BBB2,BBB,negative,massing,1,1,9,0.1111111111111111
BBB2,BBB,negative,open space,2,1,9,0.2222222222222222
BBB2,BBB,negative,structure,2,1,9,0.2222222222222222
BBB2,BBB,negative,sustainability,1,1,9,0.1111111111111111
BBB2,BBB,negative,urban integration,4,1,9,0.4444444444444444
BBB2,BBB,positive,circulation,1,1,7,0.14285714285714285
BBB2,BBB,positive,expression,1,1,7,0.14285714285714285
BBB2,BBB,positive,flexibility,2,1,7,0.2857142857142857
BBB2,BBB,positive,functionality,3,1,7,0.42857142857142855
BBB2,BBB,positive,identity,1,1,7,0.14285714285714285
BBB2,BBB,positive,landscape,1,1,7,0.14285714285714285
BBB2,BBB,positive,layout,3,1,7,0.42857142857142855
BBB2,BBB,positive,massing,2,1,7,0.2857142857142857
BBB2,BBB,positive,open space,2,1,7,0.2857142857142857
BBB2,BBB,positive,topography,1,1,7,0.14285714285714285
BBB2,BBB,positive,urban integration,1,1,7,0.14285714285714285
BBB3,BBB,negative,circulation,1,1,8,0.125
BBB3,BBB,negative,daylight,2,1,8,0.25
BBB3,BBB,negative,facade,1,1,8,0.125
BBB3,BBB,negative,flexibility,1,1,8,0.125
BBB3,BBB,negative,functionality,3,1,8,0.375
BBB3,BBB,negative,landscape,1,1,8,0.125
BBB3,BBB,negative,layout,5,1,8,0.625
BBB3,BBB,negative,orientation,1,1,8,0.125
BBB3,BBB,negative,privacy,1,1,8,0.125
BBB3,BBB,negative,proportion,1,1,8,0.125
BBB3,BBB,negative,structure,1,1,8,0.125
BBB3,BBB,negative,urban integration,2,1,8,0.25
BBB3,BBB,positive,accessibility,1,1,9,0.1111111111111111
BBB3,BBB,positive,circulation,1,1,9,0.1111111111111111
BBB3,BBB,positive,functionality,2,1,9,0.2222222222222222
BBB3,BBB,positive,identity,1,1,9,0.1111111111111111
BBB3,BBB,positive,landscape,3,1,9,0.3333333333333333
BBB3,BBB,positive,layout,3,1,9,0.3333333333333333
BBB3,BBB,positive,massing,3,1,9,0.3333333333333333
BBB3,BBB,positive,open space,2,1,9,0.2222222222222222
BBB3,BBB,positive,scale,3,1,9,0.3333333333333333
BBB3,BBB,positive,topography,2,1,9,0.2222222222222222
BBB3,BBB,positive,urban integration,2,1,9,0.2222222222222222
BBB3,BBB,positive,visibility,2,1,9,0.2222222222222222
BBB4,BBB,negative,accessibility,1,1,6,0.16666666666666666
BBB4,BBB,negative,daylight,1,1,6,0.16666666666666666
BBB4,BBB,negative,expression,1,1,6,0.16666666666666666
BBB4,BBB,negative,flexibility,1,1,6,0.16666666666666666
BBB4,BBB,negative,functionality,2,1,6,0.3333333333333333
BBB4,BBB,negative,layout,4,1,6,0.6666666666666666
BBB4,BBB,negative,massing,1,1,6,0.16666666666666666
BBB4,BBB,negative,structure,1,1,6,0.16666666666666666
BBB4,BBB,negative,urban integration,2,1,6,0.3333333333333333
BBB4,BBB,positive,flexibility,1,1,4,0.25
BBB4,BBB,positive,functionality,1,1,4,0.25
BBB4,BBB,positive,landscape,1,1,4,0.25
BBB4,BBB,positive,layout,2,1,4,0.5
BBB4,BBB,positive,massing,1,1,4,0.25
BBB4,BBB,positive,open space,1,1,4,0.25
BBB4,BBB,positive,structure,1,1,4,0.25
BBB4,BBB,positive,sustainability,1,1,4,0.25
BBB4,BBB,positive,topography,1,1,4,0.25
BBB4,BBB,positive,urban integration,2,1,4,0.5
BBB5,BBB,negative,accessibility,2,1,6,0.3333333333333333
BBB5,BBB,negative,circulation,2,1,6,0.3333333333333333
BBB5,BBB,negative,daylight,1,1,6,0.16666666666666666
BBB5,BBB,negative,facade,1,1,6,0.16666666666666666
BBB5,BBB,negative,flexibility,1,1,6,0.16666666666666666
BBB5,BBB,negative,layout,1,1,6,0.16666666666666666
BBB5,BBB,negative,massing,1,1,6,0.16666666666666666
BBB5,BBB,negative,open space,1,1,6,0.16666666666666666
BBB5,BBB,negative,safety,1,1,6,0.16666666666666666
BBB5,BBB,negative,structure,1,1,6,0.16666666666666666
BBB5,BBB,negative,urban integration,1,1,6,0.16666666666666666
BBB5,BBB,positive,circulation,1,1,8,0.125
BBB5,BBB,positive,cost,1,1,8,0.125
BBB5,BBB,positive,expression,2,1,8,0.25
BBB5,BBB,positive,facade,1,1,8,0.125
BBB5,BBB,positive,functionality,2,1,8,0.25
BBB5,BBB,positive,identity,1,1,8,0.125
BBB5,BBB,positive,landscape,2,1,8,0.25
BBB5,BBB,positive,layout,1,1,8,0.125
BBB5,BBB,positive,massing,1,1,8,0.125
BBB5,BBB,positive,open space,2,1,8,0.25
BBB5,BBB,positive,structure,1,1,8,0.125
BBB5,BBB,positive,topography,2,1,8,0.25
BBB5,BBB,positive,urban integration,5,1,8,0.625
BBB5,BBB,positive,visibility,1,1,8,0.125
BBB6,BBB,negative,accessibility,1,1,7,0.14285714285714285
BBB6,BBB,negative,circulation,1,1,7,0.14285714285714285
BBB6,BBB,negative,cost,3,1,7,0.42857142857142855
BBB6,BBB,negative,fire safety,1,1,7,0.14285714285714285
BBB6,BBB,negative,flexibility,1,1,7,0.14285714285714285
BBB6,BBB,negative,functionality,1,1,7,0.14285714285714285
BBB6,BBB,negative,layout,1,1,7,0.14285714285714285
BBB6,BBB,negative,massing,1,1,7,0.14285714285714285
BBB6,BBB,negative,topography,1,1,7,0.14285714285714285
BBB6,BBB,negative,urban integration,3,1,7,0.42857142857142855
BBB6,BBB,positive,cost,1,1,8,0.125
BBB6,BBB,positive,expression,1,1,8,0.125
BBB6,BBB,positive,facade,1,1,8,0.125
BBB6,BBB,positive,flexibility,1,1,8,0.125
BBB6,BBB,positive,functionality,3,1,8,0.375
BBB6,BBB,positive,landscape,1,1,8,0.125
BBB6,BBB,positive,layout,3,1,8,0.375
BBB6,BBB,positive,massing,2,1,8,0.25
BBB6,BBB,positive,open space,3,1,8,0.375
BBB6,BBB,positive,structure,2,1,8,0.25
BBB6,BBB,positive,urban integration,4,1,8,0.5
BBB6,BBB,positive,visibility,1,1,8,0.125
BBB7,BBB,negative,accessibility,1,1,9,0.1111111111111111
BBB7,BBB,negative,circulation,4,1,9,0.4444444444444444
BBB7,BBB,negative,facade,2,1,9,0.2222222222222222
BBB7,BBB,negative,functionality,2,1,9,0.2222222222222222
BBB7,BBB,negative,layout,2,1,9,0.2222222222222222
BBB7,BBB,negative,massing,1,1,9,0.1111111111111111
BBB7,BBB,negative,open space,1,1,9,0.1111111111111111
BBB7,BBB,negative,privacy,1,1,9,0.1111111111111111
BBB7,BBB,negative,scale,2,1,9,0.2222222222222222
BBB7,BBB,negative,urban integration,2,1,9,0.2222222222222222
BBB7,BBB,negative,visibility,1,1,9,0.1111111111111111
BBB7,BBB,positive,accessibility,1,1,6,0.16666666666666666
BBB7,BBB,positive,circulation,2,1,6,0.3333333333333333
BBB7,BBB,positive,functionality,2,1,6,0.3333333333333333
BBB7,BBB,positive,landscape,2,1,6,0.3333333333333333
BBB7,BBB,positive,layout,2,1,6,0.3333333333333333
BBB7,BBB,positive,massing,1,1,6,0.16666666666666666
BBB7,BBB,positive,open space,1,1,6,0.16666666666666666
BBB7,BBB,positive,scale,1,1,6,0.16666666666666666
BBB7,BBB,positive,topography,2,1,6,0.3333333333333333
BBB7,BBB,positive,urban integration,1,1,6,0.16666666666666666
BBBB1,BBBB,negative,accessibility,2,1,11,0.18181818181818182
BBBB1,BBBB,negative,circulation,2,1,11,0.18181818181818182
BBBB1,BBBB,negative,cost,2,1,11,0.18181818181818182
BBBB1,BBBB,negative,daylight,1,1,11,0.09090909090909091
BBBB1,BBBB,negative,expression,1,1,11,0.09090909090909091
BBBB1,BBBB,negative,facade,2,1,11,0.18181818181818182
BBBB1,BBBB,negative,functionality,1,1,11,0.09090909090909091
BBBB1,BBBB,negative,layout,1,1,11,0.09090909090909091
BBBB1,BBBB,negative,open space,1,1,11,0.09090909090909091
BBBB1,BBBB,negative,operation,2,1,11,0.18181818181818182
BBBB1,BBBB,negative,safety,1,1,11,0.09090909090909091
BBBB1,BBBB,negative,structure,1,1,11,0.09090909090909091
BBBB1,BBBB,negative,sustainability,1,1,11,0.09090909090909091
BBBB1,BBBB,negative,ventilation,1,1,11,0.09090909090909091
BBBB1,BBBB,negative,visibility,1,1,11,0.09090909090909091
BBBB1,BBBB,positive,circulation,5,1,9,0.5555555555555556
BBBB1,BBBB,positive,cost,1,1,9,0.1111111111111111
BBBB1,BBBB,positive,daylight,1,1,9,0.1111111111111111
BBBB1,BBBB,positive,flexibility,1,1,9,0.1111111111111111
BBBB1,BBBB,positive,functionality,4,1,9,0.4444444444444444
BBBB1,BBBB,positive,landscape,1,1,9,0.1111111111111111
BBBB1,BBBB,positive,layout,3,1,9,0.3333333333333333
BBBB1,BBBB,positive,massing,1,1,9,0.1111111111111111
BBBB1,BBBB,positive,open space,1,1,9,0.1111111111111111
BBBB1,BBBB,positive,operation,1,1,9,0.1111111111111111
BBBB1,BBBB,positive,proportion,1,1,9,0.1111111111111111
BBBB1,BBBB,positive,urban integration,2,1,9,0.2222222222222222
BBBB1,BBBB,positive,visibility,2,1,9,0.2222222222222222
BBBB2,BBBB,negative,accessibility,1,1,6,0.16666666666666666
BBBB2,BBBB,negative,circulation,2,1,6,0.3333333333333333
BBBB2,BBBB,negative,cost,2,1,6,0.3333333333333333
BBBB2,BBBB,negative,daylight,2,1,6,0.3333333333333333
BBBB2,BBBB,negative,fire safety,1,1,6,0.16666666666666666
BBBB2,BBBB,negative,functionality,1,1,6,0.16666666666666666
BBBB2,BBBB,negative,layout,1,1,6,0.16666666666666666
BBBB2,BBBB,negative,open space,1,1,6,0.16666666666666666
BBBB2,BBBB,negative,operation,1,1,6,0.16666666666666666
BBBB2,BBBB,negative,privacy,1,1,6,0.16666666666666666
BBBB2,BBBB,negative,proportion,1,1,6,0.16666666666666666
BBBB2,BBBB,negative,visibility,1,1,6,0.16666666666666666
BBBB2,BBBB,positive,circulation,1,1,5,0.2
BBBB2,BBBB,positive,expression,3,1,5,0.6
BBBB2,BBBB,positive,facade,1,1,5,0.2
BBBB2,BBBB,positive,identity,3,1,5,0.6
BBBB2,BBBB,positive,layout,1,1,5,0.2
BBBB2,BBBB,positive,massing,2,1,5,0.4
BBBB2,BBBB,positive,proportion,1,1,5,0.2
BBBB2,BBBB,positive,urban integration,2,1,5,0.4
BBBB3,BBBB,negative,circulation,2,1,8,0.25
BBBB3,BBBB,negative,cost,1,1,8,0.125
BBBB3,BBBB,negative,daylight,1,1,8,0.125
BBBB3,BBBB,negative,expression,2,1,8,0.25
BBBB3,BBBB,negative,facade,4,1,8,0.5
BBBB3,BBBB,negative,flexibility,1,1,8,0.125
BBBB3,BBBB,negative,functionality,1,1,8,0.125
BBBB3,BBBB,negative,landscape,2,1,8,0.25
BBBB3,BBBB,negative,open space,1,1,8,0.125
BBBB3,BBBB,negative,operation,1,1,8,0.125
BBBB3,BBBB,negative,urban integration,1,1,8,0.125
BBBB3,BBBB,negative,visibility,1,1,8,0.125
BBBB3,BBBB,positive,circulation,4,1,6,0.6666666666666666
BBBB3,BBBB,positive,daylight,1,1,6,0.16666666666666666
BBBB3,BBBB,positive,functionality,2,1,6,0.3333333333333333
BBBB3,BBBB,positive,identity,2,1,6,0.3333333333333333
BBBB3,BBBB,positive,layout,3,1,6,0.5
BBBB3,BBBB,positive,open space,1,1,6,0.16666666666666666
BBBB3,BBBB,positive,urban integration,1,1,6,0.16666666666666666
BBBB4,BBBB,negative,accessibility,1,1,8,0.125
BBBB4,BBBB,negative,circulation,3,1,8,0.375
BBBB4,BBBB,negative,cost,1,1,8,0.125
BBBB4,BBBB,negative,facade,2,1,8,0.25
BBBB4,BBBB,negative,functionality,3,1,8,0.375
BBBB4,BBBB,negative,layout,2,1,8,0.25
BBBB4,BBBB,negative,massing,1,1,8,0.125
BBBB4,BBBB,negative,open space,2,1,8,0.25
BBBB4,BBBB,negative,safety,2,1,8,0.25
BBBB4,BBBB,negative,ventilation,1,1,8,0.125
BBBB4,BBBB,positive,daylight,1,1,6,0.16666666666666666
BBBB4,BBBB,positive,expression,2,1,6,0.3333333333333333
BBBB4,BBBB,positive,functionality,1,1,6,0.16666666666666666
BBBB4,BBBB,positive,identity,1,1,6,0.16666666666666666
BBBB4,BBBB,positive,landscape,1,1,6,0.16666666666666666
BBBB4,BBBB,positive,layout,2,1,6,0.3333333333333333
BBBB4,BBBB,positive,massing,2,1,6,0.3333333333333333
BBBB4,BBBB,positive,proportion,1,1,6,0.16666666666666666
BBBB4,BBBB,positive,urban integration,3,1,6,0.5
BBBB4,BBBB,positive,ventilation,1,1,6,0.16666666666666666
BBBB5,BBBB,negative,accessibility,1,1,9,0.1111111111111111
BBBB5,BBBB,negative,circulation,3,1,9,0.3333333333333333
BBBB5,BBBB,negative,daylight,1,1,9,0.1111111111111111
BBBB5,BBBB,negative,functionality,3,1,9,0.3333333333333333
BBBB5,BBBB,negative,identity,1,1,9,0.1111111111111111
BBBB5,BBBB,negative,landscape,1,1,9,0.1111111111111111
BBBB5,BBBB,negative,layout,2,1,9,0.2222222222222222
BBBB5,BBBB,negative,massing,1,1,9,0.1111111111111111
BBBB5,BBBB,negative,open space,2,1,9,0.2222222222222222
BBBB5,BBBB,negative,operation,2,1,9,0.2222222222222222
BBBB5,BBBB,negative,sustainability,2,1,9,0.2222222222222222
BBBB5,BBBB,negative,urban integration,2,1,9,0.2222222222222222
BBBB5,BBBB,positive,circulation,2,1,6,0.3333333333333333
BBBB5,BBBB,positive,daylight,1,1,6,0.16666666666666666
BBBB5,BBBB,positive,expression,1,1,6,0.16666666666666666
BBBB5,BBBB,positive,facade,1,1,6,0.16666666666666666
BBBB5,BBBB,positive,functionality,2,1,6,0.3333333333333333
BBBB5,BBBB,positive,identity,1,1,6,0.16666666666666666
BBBB5,BBBB,positive,layout,3,1,6,0.5
BBBB5,BBBB,positive,massing,1,1,6,0.16666666666666666
BBBB5,BBBB,positive,operation,1,1,6,0.16666666666666666
BBBB5,BBBB,positive,sustainability,1,1,6,0.16666666666666666
C1,C,negative,circulation,1,1,6,0.16666666666666666
C1,C,negative,expression,1,1,6,0.16666666666666666
C1,C,negative,flexibility,1,1,6,0.16666666666666666
C1,C,negative,functionality,1,1,6,0.16666666666666666
C1,C,negative,landscape,2,1,6,0.3333333333333333
C1,C,negative,layout,2,1,6,0.3333333333333333
C1,C,negative,open space,2,1,6,0.3333333333333333
C1,C,negative,operation,1,1,6,0.16666666666666666
C1,C,negative,sustainability,1,1,6,0.16666666666666666
C1,C,positive,circulation,1,1,7,0.14285714285714285
C1,C,positive,daylight,1,1,7,0.14285714285714285
C1,C,positive,expression,1,1,7,0.14285714285714285
C1,C,positive,flexibility,2,1,7,0.2857142857142857
C1,C,positive,functionality,1,1,7,0.14285714285714285
C1,C,positive,identity,2,1,7,0.2857142857142857
C1,C,positive,landscape,2,1,7,0.2857142857142857
C1,C,positive,layout,2,1,7,0.2857142857142857
C1,C,positive,massing,3,1,7,0.42857142857142855
C1,C,positive,open space,3,1,7,0.42857142857142855
C1,C,positive,operation,1,1,7,0.14285714285714285
C1,C,positive,urban integration,1,1,7,0.14285714285714285
C1,C,positive,visibility,1,1,7,0.14285714285714285
C2,C,negative,circulation,2,1,5,0.4
C2,C,negative,cost,2,1,5,0.4
C2,C,negative,expression,1,1,5,0.2
C2,C,negative,layout,2,1,5,0.4
C2,C,negative,massing,1,1,5,0.2
C2,C,negative,open space,1,1,5,0.2
C2,C,negative,sustainability,1,1,5,0.2
C2,C,negative,topography,1,1,5,0.2
C2,C,negative,urban integration,1,1,5,0.2
C2,C,negative,ventilation,1,1,5,0.2
C2,C,positive,accessibility,2,1,7,0.2857142857142857
C2,C,positive,circulation,3,1,7,0.42857142857142855
C2,C,positive,expression,2,1,7,0.2857142857142857
C2,C,positive,flexibility,2,1,7,0.2857142857142857
C2,C,positive,functionality,1,1,7,0.14285714285714285
C2,C,positive,layout,3,1,7,0.42857142857142855
C2,C,positive,massing,1,1,7,0.14285714285714285
C2,C,positive,open space,3,1,7,0.42857142857142855
C2,C,positive,proportion,1,1,7,0.14285714285714285
C2,C,positive,topography,1,1,7,0.14285714285714285
C2,C,positive,urban integration,2,1,7,0.2857142857142857
C3,C,negative,accessibility,1,1,7,0.14285714285714285
C3,C,negative,cost,2,1,7,0.2857142857142857
C3,C,negative,functionality,3,1,7,0.42857142857142855
C3,C,negative,landscape,1,1,7,0.14285714285714285
C3,C,negative,layout,1,1,7,0.14285714285714285
C3,C,negative,massing,1,1,7,0.14285714285714285
C3,C,negative,open space,2,1,7,0.2857142857142857
C3,C,negative,proportion,1,1,7,0.14285714285714285
C3,C,negative,scale,2,1,7,0.2857142857142857
C3,C,negative,sustainability,1,1,7,0.14285714285714285
C3,C,negative,topography,1,1,7,0.14285714285714285
C3,C,negative,urban integration,1,1,7,0.14285714285714285
C3,C,positive,expression,2,1,6,0.3333333333333333
C3,C,positive,functionality,2,1,6,0.3333333333333333
C3,C,positive,identity,2,1,6,0.3333333333333333
C3,C,positive,layout,3,1,6,0.5
C3,C,positive,massing,2,1,6,0.3333333333333333
C3,C,positive,open space,2,1,6,0.3333333333333333
C3,C,positive,scale,1,1,6,0.16666666666666666
C3,C,positive,topography,1,1,6,0.16666666666666666
C3,C,positive,urban integration,2,1,6,0.3333333333333333
C4,C,negative,cost,1,1,6,0.16666666666666666
C4,C,negative,expression,1,1,6,0.16666666666666666
C4,C,negative,facade,1,1,6,0.16666666666666666
C4,C,negative,functionality,1,1,6,0.16666666666666666
C4,C,negative,layout,1,1,6,0.16666666666666666
C4,C,negative,massing,1,1,6,0.16666666666666666
C4,C,negative,proportion,1,1,6,0.16666666666666666
C4,C,negative,scale,1,1,6,0.16666666666666666
C4,C,negative,structure,1,1,6,0.16666666666666666
C4,C,negative,sustainability,1,1,6,0.16666666666666666
C4,C,negative,topography,1,1,6,0.16666666666666666
C4,C,negative,urban integration,1,1,6,0.16666666666666666
C4,C,positive,daylight,1,1,7,0.14285714285714285
C4,C,positive,expression,1,1,7,0.14285714285714285
C4,C,positive,landscape,2,1,7,0.2857142857142857
C4,C,positive,layout,3,1,7,0.42857142857142855
C4,C,positive,massing,2,1,7,0.2857142857142857
C4,C,positive,open space,5,1,7,0.7142857142857143
C4,C,positive,proportion,1,1,7,0.14285714285714285
C4,C,positive,urban integration,4,1,7,0.5714285714285714
C5,C,negative,accessibility,1,1,5,0.2
C5,C,negative,circulation,1,1,5,0.2
C5,C,negative,cost,1,1,5,0.2
C5,C,negative,flexibility,1,1,5,0.2
C5,C,negative,massing,2,1,5,0.4
C5,C,negative,open space,1,1,5,0.2
C5,C,negative,proportion,1,1,5,0.2
C5,C,negative,sustainability,3,1,5,0.6
C5,C,negative,topography,1,1,5,0.2
C5,C,negative,urban integration,1,1,5,0.2
C5,C,positive,accessibility,1,1,8,0.125
C5,C,positive,circulation,2,1,8,0.25
C5,C,positive,daylight,1,1,8,0.125
C5,C,positive,expression,1,1,8,0.125
C5,C,positive,facade,1,1,8,0.125
C5,C,positive,functionality,1,1,8,0.125
C5,C,positive,landscape,1,1,8,0.125
C5,C,positive,layout,5,1,8,0.625
C5,C,positive,massing,2,1,8,0.25
C5,C,positive,open space,1,1,8,0.125
C5,C,positive,scale,1,1,8,0.125
C5,C,positive,topography,1,1,8,0.125
C5,C,positive,urban integration,1,1,8,0.125
C5,C,positive,ventilation,1,1,8,0.125
C5,C,positive,visibility,1,1,8,0.125
C6,C,negative,accessibility,2,1,11,0.18181818181818182
C6,C,negative,circulation,4,1,11,0.36363636363636365
C6,C,negative,cost,1,1,11,0.09090909090909091
C6,C,negative,expression,1,1,11,0.09090909090909091
C6,C,negative,facade,1,1,11,0.09090909090909091
C6,C,negative,functionality,4,1,11,0.36363636363636365
C6,C,negative,layout,4,1,11,0.36363636363636365
C6,C,negative,massing,4,1,11,0.36363636363636365
C6,C,negative,open space,1,1,11,0.09090909090909091
C6,C,negative,proportion,1,1,11,0.09090909090909091
C6,C,negative,sustainability,1,1,11,0.09090909090909091
C6,C,negative,urban integration,2,1,11,0.18181818181818182
C6,C,positive,expression,1,1,6,0.16666666666666666
C6,C,positive,facade,1,1,6,0.16666666666666666
C6,C,positive,layout,4,1,6,0.6666666666666666
C6,C,positive,massing,1,1,6,0.16666666666666666
C6,C,positive,open space,3,1,6,0.5
C6,C,positive,scale,1,1,6,0.16666666666666666
C6,C,positive,topography,1,1,6,0.16666666666666666
C6,C,positive,urban integration,3,1,6,0.5
C7,C,negative,accessibility,1,1,6,0.16666666666666666
C7,C,negative,circulation,3,1,6,0.5
C7,C,negative,daylight,1,1,6,0.16666666666666666
C7,C,negative,flexibility,2,1,6,0.3333333333333333
C7,C,negative,functionality,2,1,6,0.3333333333333333
C7,C,negative,layout,1,1,6,0.16666666666666666
C7,C,negative,massing,1,1,6,0.16666666666666666
C7,C,negative,operation,1,1,6,0.16666666666666666
C7,C,negative,urban integration,1,1,6,0.16666666666666666
C7,C,positive,expression,3,1,3,1.0
C7,C,positive,identity,2,1,3,0.6666666666666666
C7,C,positive,structure,1,1,3,0.3333333333333333
C7,C,positive,sustainability,1,1,3,0.3333333333333333
CC1,CC,negative,circulation,1,1,11,0.09090909090909091
CC1,CC,negative,cost,1,1,11,0.09090909090909091
CC1,CC,negative,facade,1,1,11,0.09090909090909091
CC1,CC,negative,functionality,4,1,11,0.36363636363636365
CC1,CC,negative,landscape,3,1,11,0.2727272727272727
CC1,CC,negative,layout,3,1,11,0.2727272727272727
CC1,CC,negative,massing,1,1,11,0.09090909090909091
CC1,CC,negative,open space,2,1,11,0.18181818181818182
CC1,CC,negative,sustainability,2,1,11,0.18181818181818182
CC1,CC,negative,urban integration,1,1,11,0.09090909090909091
CC1,CC,negative,visibility,2,1,11,0.18181818181818182
CC1,CC,positive,circulation,4,1,18,0.2222222222222222
CC1,CC,positive,daylight,2,1,18,0.1111111111111111
CC1,CC,positive,expression,2,1,18,0.1111111111111111
CC1,CC,positive,facade,1,1,18,0.05555555555555555
CC1,CC,positive,flexibility,4,1,18,0.2222222222222222
CC1,CC,positive,functionality,7,1,18,0.3888888888888889
CC1,CC,positive,identity,3,1,18,0.16666666666666666
CC1,CC,positive,landscape,3,1,18,0.16666666666666666
CC1,CC,positive,layout,3,1,18,0.16666666666666666
CC1,CC,positive,massing,2,1,18,0.1111111111111111
CC1,CC,positive,open space,2,1,18,0.1111111111111111
CC1,CC,positive,operation,1,1,18,0.05555555555555555
CC1,CC,positive,proportion,1,1,18,0.05555555555555555
CC1,CC,positive,scale,1,1,18,0.05555555555555555
CC1,CC,positive,structure,1,1,18,0.05555555555555555
CC1,CC,positive,sustainability,1,1,18,0.05555555555555555
CC1,CC,positive,topography,2,1,18,0.1111111111111111
CC1,CC,positive,urban integration,3,1,18,0.16666666666666666
CC1,CC,positive,visibility,1,1,18,0.05555555555555555
CC2,CC,negative,accessibility,1,1,15,0.06666666666666667
CC2,CC,negative,circulation,5,1,15,0.3333333333333333
CC2,CC,negative,cost,1,1,15,0.06666666666666667
CC2,CC,negative,expression,1,1,15,0.06666666666666667
CC2,CC,negative,facade,2,1,15,0.13333333333333333
CC2,CC,negative,functionality,4,1,15,0.26666666666666666
CC2,CC,negative,identity,2,1,15,0.13333333333333333
CC2,CC,negative,landscape,3,1,15,0.2
CC2,CC,negative,layout,3,1,15,0.2
CC2,CC,negative,massing,2,1,15,0.13333333333333333
CC2,CC,negative,open space,4,1,15,0.26666666666666666
CC2,CC,negative,safety,1,1,15,0.06666666666666667
CC2,CC,negative,sustainability,2,1,15,0.13333333333333333
CC2,CC,negative,topography,2,1,15,0.13333333333333333
CC2,CC,negative,urban integration,3,1,15,0.2
CC2,CC,positive,circulation,1,1,9,0.1111111111111111
CC2,CC,positive,daylight,1,1,9,0.1111111111111111
CC2,CC,positive,flexibility,2,1,9,0.2222222222222222
CC2,CC,positive,functionality,2,1,9,0.2222222222222222
CC2,CC,positive,landscape,1,1,9,0.1111111111111111
CC2,CC,positive,layout,2,1,9,0.2222222222222222
CC2,CC,positive,massing,2,1,9,0.2222222222222222
CC2,CC,positive,open space,1,1,9,0.1111111111111111
CC2,CC,positive,structure,1,1,9,0.1111111111111111
CC2,CC,positive,sustainability,1,1,9,0.1111111111111111
CC2,CC,positive,topography,1,1,9,0.1111111111111111
CC2,CC,positive,urban integration,2,1,9,0.2222222222222222
CC3,CC,negative,accessibility,2,1,15,0.13333333333333333
CC3,CC,negative,circulation,4,1,15,0.26666666666666666
CC3,CC,negative,daylight,2,1,15,0.13333333333333333
CC3,CC,negative,expression,3,1,15,0.2
CC3,CC,negative,facade,3,1,15,0.2
CC3,CC,negative,functionality,2,1,15,0.13333333333333333
CC3,CC,negative,identity,1,1,15,0.06666666666666667
CC3,CC,negative,landscape,5,1,15,0.3333333333333333
CC3,CC,negative,layout,1,1,15,0.06666666666666667
CC3,CC,negative,massing,3,1,15,0.2
CC3,CC,negative,open space,2,1,15,0.13333333333333333
CC3,CC,negative,scale,1,1,15,0.06666666666666667
CC3,CC,negative,sustainability,2,1,15,0.13333333333333333
CC3,CC,negative,urban integration,1,1,15,0.06666666666666667
CC3,CC,negative,visibility,2,1,15,0.13333333333333333
CC3,CC,positive,circulation,3,1,9,0.3333333333333333
CC3,CC,positive,cost,1,1,9,0.1111111111111111
CC3,CC,positive,expression,1,1,9,0.1111111111111111
CC3,CC,positive,flexibility,1,1,9,0.1111111111111111
CC3,CC,positive,functionality,2,1,9,0.2222222222222222
CC3,CC,positive,identity,2,1,9,0.2222222222222222
CC3,CC,positive,landscape,3,1,9,0.3333333333333333
CC3,CC,positive,layout,2,1,9,0.2222222222222222
CC3,CC,positive,massing,1,1,9,0.1111111111111111
CC3,CC,positive,open space,2,1,9,0.2222222222222222
CC3,CC,positive,structure,2,1,9,0.2222222222222222
CC3,CC,positive,sustainability,1,1,9,0.1111111111111111
CC3,CC,positive,urban integration,2,1,9,0.2222222222222222
CC4,CC,negative,circulation,1,1,14,0.07142857142857142
CC4,CC,negative,cost,1,1,14,0.07142857142857142
CC4,CC,negative,daylight,1,1,14,0.07142857142857142
CC4,CC,negative,expression,1,1,14,0.07142857142857142
CC4,CC,negative,facade,1,1,14,0.07142857142857142
CC4,CC,negative,flexibility,4,1,14,0.2857142857142857
CC4,CC,negative,functionality,4,1,14,0.2857142857142857
CC4,CC,negative,identity,2,1,14,0.14285714285714285
CC4,CC,negative,landscape,3,1,14,0.21428571428571427
CC4,CC,negative,layout,3,1,14,0.21428571428571427
CC4,CC,negative,massing,1,1,14,0.07142857142857142
CC4,CC,negative,open space,1,1,14,0.07142857142857142
CC4,CC,negative,structure,1,1,14,0.07142857142857142
CC4,CC,negative,sustainability,2,1,14,0.14285714285714285
CC4,CC,negative,topography,2,1,14,0.14285714285714285
CC4,CC,negative,urban integration,2,1,14,0.14285714285714285
CC4,CC,negative,visibility,1,1,14,0.07142857142857142
CC4,CC,positive,circulation,1,1,11,0.09090909090909091
CC4,CC,positive,daylight,1,1,11,0.09090909090909091
CC4,CC,positive,expression,3,1,11,0.2727272727272727
CC4,CC,positive,facade,1,1,11,0.09090909090909091
CC4,CC,positive,flexibility,1,1,11,0.09090909090909091
CC4,CC,positive,functionality,3,1,11,0.2727272727272727
CC4,CC,positive,identity,2,1,11,0.18181818181818182
CC4,CC,positive,landscape,3,1,11,0.2727272727272727
CC4,CC,positive,layout,1,1,11,0.09090909090909091
CC4,CC,positive,massing,2,1,11,0.18181818181818182
CC4,CC,positive,open space,1,1,11,0.09090909090909091
CC4,CC,positive,scale,2,1,11,0.18181818181818182
CC4,CC,positive,structure,1,1,11,0.09090909090909091
CC4,CC,positive,sustainability,1,1,11,0.09090909090909091
CC4,CC,positive,urban integration,3,1,11,0.2727272727272727
CC4,CC,positive,visibility,1,1,11,0.09090909090909091
CC5,CC,negative,circulation,3,1,8,0.375
CC5,CC,negative,cost,1,1,8,0.125
CC5,CC,negative,functionality,2,1,8,0.25
CC5,CC,negative,landscape,1,1,8,0.125
CC5,CC,negative,layout,1,1,8,0.125
CC5,CC,negative,massing,4,1,8,0.5
CC5,CC,negative,open space,2,1,8,0.25
CC5,CC,negative,sustainability,1,1,8,0.125
CC5,CC,negative,topography,2,1,8,0.25
CC5,CC,negative,urban integration,2,1,8,0.25
CC5,CC,positive,circulation,1,1,7,0.14285714285714285
CC5,CC,positive,daylight,3,1,7,0.42857142857142855
CC5,CC,positive,expression,1,1,7,0.14285714285714285
CC5,CC,positive,facade,1,1,7,0.14285714285714285
CC5,CC,positive,flexibility,1,1,7,0.14285714285714285
CC5,CC,positive,functionality,1,1,7,0.14285714285714285
CC5,CC,positive,landscape,1,1,7,0.14285714285714285
CC5,CC,positive,layout,2,1,7,0.2857142857142857
CC5,CC,positive,massing,2,1,7,0.2857142857142857
CC5,CC,positive,open space,1,1,7,0.14285714285714285
CC5,CC,positive,proportion,1,1,7,0.14285714285714285
CCC1,CCC,negative,circulation,1,1,6,0.16666666666666666
CCC1,CCC,negative,daylight,1,1,6,0.16666666666666666
CCC1,CCC,negative,fire safety,1,1,6,0.16666666666666666
CCC1,CCC,negative,functionality,2,1,6,0.3333333333333333
CCC1,CCC,negative,layout,4,1,6,0.6666666666666666
CCC1,CCC,negative,massing,1,1,6,0.16666666666666666
CCC1,CCC,negative,sustainability,1,1,6,0.16666666666666666
CCC1,CCC,negative,visibility,1,1,6,0.16666666666666666
CCC1,CCC,positive,circulation,2,1,8,0.25
CCC1,CCC,positive,cost,1,1,8,0.125
CCC1,CCC,positive,expression,1,1,8,0.125
CCC1,CCC,positive,fire safety,1,1,8,0.125
CCC1,CCC,positive,flexibility,3,1,8,0.375
CCC1,CCC,positive,functionality,2,1,8,0.25
CCC1,CCC,positive,identity,1,1,8,0.125
CCC1,CCC,positive,layout,3,1,8,0.375
CCC1,CCC,positive,massing,2,1,8,0.25
CCC1,CCC,positive,urban integration,3,1,8,0.375
CCC2,CCC,negative,acoustics,1,1,8,0.125
CCC2,CCC,negative,circulation,2,1,8,0.25
CCC2,CCC,negative,cost,1,1,8,0.125
CCC2,CCC,negative,flexibility,2,1,8,0.25
CCC2,CCC,negative,functionality,5,1,8,0.625
CCC2,CCC,negative,layout,4,1,8,0.5
CCC2,CCC,negative,urban integration,1,1,8,0.125
CCC2,CCC,positive,circulation,3,1,8,0.375
CCC2,CCC,positive,daylight,1,1,8,0.125
CCC2,CCC,positive,expression,1,1,8,0.125
CCC2,CCC,positive,functionality,2,1,8,0.25
CCC2,CCC,positive,landscape,1,1,8,0.125
CCC2,CCC,positive,layout,2,1,8,0.25
CCC2,CCC,positive,massing,1,1,8,0.125
CCC2,CCC,positive,open space,1,1,8,0.125
CCC2,CCC,positive,scale,1,1,8,0.125
CCC2,CCC,positive,topography,1,1,8,0.125
CCC2,CCC,positive,urban integration,3,1,8,0.375
CCC3,CCC,negative,circulation,1,1,7,0.14285714285714285
CCC3,CCC,negative,cost,1,1,7,0.14285714285714285
CCC3,CCC,negative,expression,2,1,7,0.2857142857142857
CCC3,CCC,negative,functionality,1,1,7,0.14285714285714285
CCC3,CCC,negative,identity,2,1,7,0.2857142857142857
CCC3,CCC,negative,layout,1,1,7,0.14285714285714285
CCC3,CCC,negative,open space,1,1,7,0.14285714285714285
CCC3,CCC,negative,scale,2,1,7,0.2857142857142857
CCC3,CCC,negative,sustainability,1,1,7,0.14285714285714285
CCC3,CCC,negative,topography,1,1,7,0.14285714285714285
CCC3,CCC,negative,urban integration,3,1,7,0.42857142857142855
CCC3,CCC,positive,circulation,1,1,8,0.125
CCC3,CCC,positive,daylight,1,1,8,0.125
CCC3,CCC,positive,flexibility,1,1,8,0.125
CCC3,CCC,positive,functionality,2,1,8,0.25
CCC3,CCC,positive,identity,2,1,8,0.25
CCC3,CCC,positive,landscape,1,1,8,0.125
CCC3,CCC,positive,layout,3,1,8,0.375
CCC3,CCC,positive,massing,1,1,8,0.125
CCC3,CCC,positive,open space,2,1,8,0.25
CCC3,CCC,positive,urban integration,3,1,8,0.375
CCC3,CCC,positive,visibility,1,1,8,0.125
CCC4,CCC,negative,circulation,2,1,8,0.25
CCC4,CCC,negative,cost,1,1,8,0.125
CCC4,CCC,negative,daylight,1,1,8,0.125
CCC4,CCC,negative,expression,2,1,8,0.25
CCC4,CCC,negative,facade,3,1,8,0.375
CCC4,CCC,negative,functionality,1,1,8,0.125
CCC4,CCC,negative,massing,1,1,8,0.125
CCC4,CCC,negative,open space,1,1,8,0.125
CCC4,CCC,negative,sustainability,2,1,8,0.25
CCC4,CCC,negative,urban integration,3,1,8,0.375
CCC4,CCC,negative,visibility,1,1,8,0.125
CCC4,CCC,positive,cost,2,1,8,0.25
CCC4,CCC,positive,functionality,2,1,8,0.25
CCC4,CCC,positive,identity,1,1,8,0.125
CCC4,CCC,positive,layout,3,1,8,0.375
CCC4,CCC,positive,massing,3,1,8,0.375
CCC4,CCC,positive,safety,1,1,8,0.125
CCC4,CCC,positive,structure,1,1,8,0.125
CCC4,CCC,positive,sustainability,1,1,8,0.125
CCC4,CCC,positive,urban integration,3,1,8,0.375
CCC5,CCC,negative,accessibility,1,1,10,0.1
CCC5,CCC,negative,acoustics,1,1,10,0.1
CCC5,CCC,negative,circulation,2,1,10,0.2
CCC5,CCC,negative,daylight,1,1,10,0.1
CCC5,CCC,negative,expression,2,1,10,0.2
CCC5,CCC,negative,facade,1,1,10,0.1
CCC5,CCC,negative,flexibility,1,1,10,0.1
CCC5,CCC,negative,functionality,3,1,10,0.3
CCC5,CCC,negative,landscape,1,1,10,0.1
CCC5,CCC,negative,layout,2,1,10,0.2
CCC5,CCC,negative,open space,1,1,10,0.1
CCC5,CCC,negative,operation,1,1,10,0.1
CCC5,CCC,negative,sustainability,1,1,10,0.1
CCC5,CCC,negative,urban integration,1,1,10,0.1
CCC5,CCC,negative,visibility,1,1,10,0.1
CCC5,CCC,positive,circulation,1,1,9,0.1111111111111111
CCC5,CCC,positive,expression,1,1,9,0.1111111111111111
CCC5,CCC,positive,facade,1,1,9,0.1111111111111111
CCC5,CCC,positive,flexibility,1,1,9,0.1111111111111111
CCC5,CCC,positive,functionality,2,1,9,0.2222222222222222
CCC5,CCC,positive,identity,1,1,9,0.1111111111111111
CCC5,CCC,positive,layout,4,1,9,0.4444444444444444
CCC5,CCC,positive,massing,2,1,9,0.2222222222222222
CCC5,CCC,positive,open space,1,1,9,0.1111111111111111
CCC5,CCC,positive,proportion,2,1,9,0.2222222222222222
CCC5,CCC,positive,sustainability,1,1,9,0.1111111111111111
CCC5,CCC,positive,urban integration,3,1,9,0.3333333333333333
CCCC1,CCCC,negative,circulation,1,1,5,0.2
CCCC1,CCCC,negative,cost,1,1,5,0.2
CCCC1,CCCC,negative,functionality,1,1,5,0.2
CCCC1,CCCC,negative,layout,2,1,5,0.4
CCCC1,CCCC,negative,open space,1,1,5,0.2
CCCC1,CCCC,negative,privacy,2,1,5,0.4
CCCC1,CCCC,negative,regulatory compliance,1,1,5,0.2
CCCC1,CCCC,negative,structure,1,1,5,0.2
CCCC1,CCCC,negative,sustainability,1,1,5,0.2
CCCC1,CCCC,positive,circulation,2,1,8,0.25
CCCC1,CCCC,positive,expression,1,1,8,0.125
CCCC1,CCCC,positive,functionality,1,1,8,0.125
CCCC1,CCCC,positive,identity,2,1,8,0.25
CCCC1,CCCC,positive,layout,3,1,8,0.375
CCCC1,CCCC,positive,massing,3,1,8,0.375
CCCC1,CCCC,positive,open space,1,1,8,0.125
CCCC1,CCCC,positive,proportion,1,1,8,0.125
CCCC1,CCCC,positive,scale,1,1,8,0.125
CCCC1,CCCC,positive,urban integration,2,1,8,0.25
CCCC2,CCCC,negative,circulation,1,1,9,0.1111111111111111
CCCC2,CCCC,negative,cost,1,1,9,0.1111111111111111
CCCC2,CCCC,negative,daylight,1,1,9,0.1111111111111111
CCCC2,CCCC,negative,expression,4,1,9,0.4444444444444444
CCCC2,CCCC,negative,identity,2,1,9,0.2222222222222222
CCCC2,CCCC,negative,layout,1,1,9,0.1111111111111111
CCCC2,CCCC,negative,massing,1,1,9,0.1111111111111111
CCCC2,CCCC,negative,privacy,1,1,9,0.1111111111111111
CCCC2,CCCC,negative,proportion,1,1,9,0.1111111111111111
CCCC2,CCCC,negative,regulatory compliance,1,1,9,0.1111111111111111
CCCC2,CCCC,negative,safety,1,1,9,0.1111111111111111
CCCC2,CCCC,negative,scale,1,1,9,0.1111111111111111
CCCC2,CCCC,negative,structure,2,1,9,0.2222222222222222
CCCC2,CCCC,negative,visibility,1,1,9,0.1111111111111111
CCCC2,CCCC,positive,circulation,2,1,8,0.25
CCCC2,CCCC,positive,functionality,1,1,8,0.125
CCCC2,CCCC,positive,identity,1,1,8,0.125
CCCC2,CCCC,positive,layout,3,1,8,0.375
CCCC2,CCCC,positive,massing,1,1,8,0.125
CCCC2,CCCC,positive,open space,2,1,8,0.25
CCCC2,CCCC,positive,scale,1,1,8,0.125
CCCC2,CCCC,positive,structure,1,1,8,0.125
CCCC2,CCCC,positive,sustainability,1,1,8,0.125
CCCC2,CCCC,positive,urban integration,3,1,8,0.375
CCCC2,CCCC,positive,visibility,1,1,8,0.125
CCCC3,CCCC,negative,circulation,3,1,11,0.2727272727272727
CCCC3,CCCC,negative,cost,1,1,11,0.09090909090909091
CCCC3,CCCC,negative,expression,1,1,11,0.09090909090909091
CCCC3,CCCC,negative,facade,1,1,11,0.09090909090909091
CCCC3,CCCC,negative,functionality,2,1,11,0.18181818181818182
CCCC3,CCCC,negative,layout,4,1,11,0.36363636363636365
CCCC3,CCCC,negative,massing,1,1,11,0.09090909090909091
CCCC3,CCCC,negative,open space,1,1,11,0.09090909090909091
CCCC3,CCCC,negative,safety,1,1,11,0.09090909090909091
CCCC3,CCCC,negative,scale,2,1,11,0.18181818181818182
CCCC3,CCCC,negative,structure,2,1,11,0.18181818181818182
CCCC3,CCCC,negative,topography,1,1,11,0.09090909090909091
CCCC3,CCCC,negative,urban integration,2,1,11,0.18181818181818182
CCCC3,CCCC,negative,visibility,1,1,11,0.09090909090909091
CCCC3,CCCC,positive,functionality,1,1,5,0.2
CCCC3,CCCC,positive,identity,1,1,5,0.2
CCCC3,CCCC,positive,landscape,1,1,5,0.2
CCCC3,CCCC,positive,massing,2,1,5,0.4
CCCC3,CCCC,positive,open space,2,1,5,0.4
CCCC3,CCCC,positive,structure,1,1,5,0.2
CCCC3,CCCC,positive,sustainability,1,1,5,0.2
CCCC3,CCCC,positive,urban integration,1,1,5,0.2
CCCC4,CCCC,negative,circulation,1,1,11,0.09090909090909091
CCCC4,CCCC,negative,cost,1,1,11,0.09090909090909091
CCCC4,CCCC,negative,daylight,1,1,11,0.09090909090909091
CCCC4,CCCC,negative,expression,1,1,11,0.09090909090909091
CCCC4,CCCC,negative,facade,2,1,11,0.18181818181818182
CCCC4,CCCC,negative,functionality,1,1,11,0.09090909090909091
CCCC4,CCCC,negative,identity,2,1,11,0.18181818181818182
CCCC4,CCCC,negative,layout,1,1,11,0.09090909090909091
CCCC4,CCCC,negative,massing,3,1,11,0.2727272727272727
CCCC4,CCCC,negative,open space,3,1,11,0.2727272727272727
CCCC4,CCCC,negative,proportion,1,1,11,0.09090909090909091
CCCC4,CCCC,negative,safety,1,1,11,0.09090909090909091
CCCC4,CCCC,negative,scale,1,1,11,0.09090909090909091
CCCC4,CCCC,negative,structure,1,1,11,0.09090909090909091
CCCC4,CCCC,negative,urban integration,2,1,11,0.18181818181818182
CCCC4,CCCC,positive,cost,1,1,5,0.2
CCCC4,CCCC,positive,functionality,1,1,5,0.2
CCCC4,CCCC,positive,landscape,1,1,5,0.2
CCCC4,CCCC,positive,layout,2,1,5,0.4
CCCC4,CCCC,positive,massing,2,1,5,0.4
CCCC4,CCCC,positive,structure,1,1,5,0.2
CCCC4,CCCC,positive,sustainability,1,1,5,0.2
CCCC4,CCCC,positive,urban integration,1,1,5,0.2
CCCC5,CCCC,negative,circulation,1,1,5,0.2
CCCC5,CCCC,negative,facade,1,1,5,0.2
CCCC5,CCCC,negative,flexibility,1,1,5,0.2
CCCC5,CCCC,negative,functionality,1,1,5,0.2
CCCC5,CCCC,negative,identity,1,1,5,0.2
CCCC5,CCCC,negative,layout,2,1,5,0.4
CCCC5,CCCC,negative,open space,2,1,5,0.4
CCCC5,CCCC,negative,privacy,1,1,5,0.2
CCCC5,CCCC,negative,safety,1,1,5,0.2
CCCC5,CCCC,negative,urban integration,1,1,5,0.2
CCCC5,CCCC,positive,cost,1,1,4,0.25
CCCC5,CCCC,positive,massing,3,1,4,0.75
CCCC5,CCCC,positive,scale,1,1,4,0.25
CCCC5,CCCC,positive,structure,1,1,4,0.25
CCCC5,CCCC,positive,sustainability,1,1,4,0.25
CCCC5,CCCC,positive,urban integration,2,1,4,0.5
CCCC6,CCCC,negative,circulation,2,1,5,0.4
CCCC6,CCCC,negative,expression,1,1,5,0.2
CCCC6,CCCC,negative,functionality,2,1,5,0.4
CCCC6,CCCC,negative,identity,1,1,5,0.2
CCCC6,CCCC,negative,massing,1,1,5,0.2
CCCC6,CCCC,negative,open space,2,1,5,0.4
CCCC6,CCCC,negative,safety,1,1,5,0.2
CCCC6,CCCC,negative,scale,1,1,5,0.2
CCCC6,CCCC,negative,urban integration,2,1,5,0.4
CCCC6,CCCC,positive,cost,1,1,5,0.2
CCCC6,CCCC,positive,expression,1,1,5,0.2
CCCC6,CCCC,positive,functionality,1,1,5,0.2
CCCC6,CCCC,positive,identity,1,1,5,0.2
CCCC6,CCCC,positive,landscape,1,1,5,0.2
CCCC6,CCCC,positive,massing,2,1,5,0.4
CCCC6,CCCC,positive,open space,2,1,5,0.4
CCCC6,CCCC,positive,structure,1,1,5,0.2
CCCC6,CCCC,positive,sustainability,1,1,5,0.2
CCCC6,CCCC,positive,urban integration,2,1,5,0.4
CCCC7,CCCC,negative,circulation,2,1,9,0.2222222222222222
CCCC7,CCCC,negative,cost,2,1,9,0.2222222222222222
CCCC7,CCCC,negative,expression,2,1,9,0.2222222222222222
CCCC7,CCCC,negative,facade,1,1,9,0.1111111111111111
CCCC7,CCCC,negative,flexibility,1,1,9,0.1111111111111111
CCCC7,CCCC,negative,functionality,3,1,9,0.3333333333333333
CCCC7,CCCC,negative,identity,1,1,9,0.1111111111111111
CCCC7,CCCC,negative,layout,2,1,9,0.2222222222222222
CCCC7,CCCC,negative,massing,1,1,9,0.1111111111111111
CCCC7,CCCC,negative,open space,1,1,9,0.1111111111111111
CCCC7,CCCC,negative,scale,1,1,9,0.1111111111111111
CCCC7,CCCC,negative,structure,2,1,9,0.2222222222222222
CCCC7,CCCC,negative,sustainability,1,1,9,0.1111111111111111
CCCC7,CCCC,negative,topography,1,1,9,0.1111111111111111
CCCC7,CCCC,negative,urban integration,1,1,9,0.1111111111111111
CCCC7,CCCC,positive,expression,1,1,3,0.3333333333333333
CCCC7,CCCC,positive,identity,1,1,3,0.3333333333333333
CCCC7,CCCC,positive,layout,1,1,3,0.3333333333333333
CCCC7,CCCC,positive,massing,2,1,3,0.6666666666666666
CCCC7,CCCC,positive,open space,1,1,3,0.3333333333333333
CCCC7,CCCC,positive,urban integration,1,1,3,0.3333333333333333
D1,D,negative,expression,1,1,3,0.3333333333333333
D1,D,negative,facade,2,1,3,0.6666666666666666
D1,D,negative,identity,1,1,3,0.3333333333333333
D1,D,negative,massing,1,1,3,0.3333333333333333
D1,D,negative,scale,1,1,3,0.3333333333333333
D1,D,negative,sustainability,1,1,3,0.3333333333333333
D1,D,positive,circulation,1,1,5,0.2
D1,D,positive,expression,1,1,5,0.2
D1,D,positive,facade,1,1,5,0.2
D1,D,positive,flexibility,1,1,5,0.2
D1,D,positive,functionality,1,1,5,0.2
D1,D,positive,identity,1,1,5,0.2
D1,D,positive,layout,2,1,5,0.4
D1,D,positive,massing,1,1,5,0.2
D1,D,positive,open space,1,1,5,0.2
D1,D,positive,scale,2,1,5,0.4
D1,D,positive,urban integration,1,1,5,0.2
D2,D,negative,circulation,1,1,5,0.2
D2,D,negative,facade,1,1,5,0.2
D2,D,negative,layout,1,1,5,0.2
D2,D,negative,massing,1,1,5,0.2
D2,D,negative,open space,4,1,5,0.8
D2,D,negative,scale,1,1,5,0.2
D2,D,negative,sustainability,1,1,5,0.2
D2,D,negative,urban integration,1,1,5,0.2
D2,D,positive,accessibility,1,1,4,0.25
D2,D,positive,circulation,1,1,4,0.25
D2,D,positive,expression,1,1,4,0.25
D2,D,positive,flexibility,2,1,4,0.5
D2,D,positive,functionality,2,1,4,0.5
D2,D,positive,layout,1,1,4,0.25
D2,D,positive,open space,1,1,4,0.25
D2,D,positive,structure,1,1,4,0.25
D3,D,negative,circulation,1,1,5,0.2
D3,D,negative,expression,2,1,5,0.4
D3,D,negative,facade,1,1,5,0.2
D3,D,negative,functionality,2,1,5,0.4
D3,D,negative,identity,1,1,5,0.2
D3,D,negative,landscape,1,1,5,0.2
D3,D,negative,open space,2,1,5,0.4
D3,D,negative,privacy,1,1,5,0.2
D3,D,negative,scale,2,1,5,0.4
D3,D,positive,daylight,1,1,4,0.25
D3,D,positive,expression,2,1,4,0.5
D3,D,positive,facade,1,1,4,0.25
D3,D,positive,functionality,1,1,4,0.25
D3,D,positive,layout,1,1,4,0.25
D3,D,positive,urban integration,1,1,4,0.25
D4,D,negative,accessibility,1,1,4,0.25
D4,D,negative,acoustics,1,1,4,0.25
D4,D,negative,circulation,1,1,4,0.25
D4,D,negative,functionality,1,1,4,0.25
D4,D,negative,landscape,1,1,4,0.25
D4,D,negative,layout,1,1,4,0.25
D4,D,negative,massing,1,1,4,0.25
D4,D,negative,open space,1,1,4,0.25
D4,D,negative,proportion,1,1,4,0.25
D4,D,negative,urban integration,1,1,4,0.25
D4,D,positive,circulation,2,1,7,0.2857142857142857
D4,D,positive,expression,1,1,7,0.14285714285714285
D4,D,positive,functionality,2,1,7,0.2857142857142857
D4,D,positive,identity,1,1,7,0.14285714285714285
D4,D,positive,layout,3,1,7,0.42857142857142855
D4,D,positive,open space,1,1,7,0.14285714285714285
D4,D,positive,urban integration,4,1,7,0.5714285714285714
D5,D,negative,facade,1,1,5,0.2
D5,D,negative,flexibility,1,1,5,0.2
D5,D,negative,functionality,2,1,5,0.4
D5,D,negative,landscape,3,1,5,0.6
D5,D,negative,open space,2,1,5,0.4
D5,D,negative,urban integration,2,1,5,0.4
D5,D,positive,circulation,1,1,6,0.16666666666666666
D5,D,positive,cost,1,1,6,0.16666666666666666
D5,D,positive,expression,1,1,6,0.16666666666666666
D5,D,positive,flexibility,1,1,6,0.16666666666666666
D5,D,positive,functionality,1,1,6,0.16666666666666666
D5,D,positive,layout,1,1,6,0.16666666666666666
D5,D,positive,massing,1,1,6,0.16666666666666666
D5,D,positive,open space,1,1,6,0.16666666666666666
D5,D,positive,operation,1,1,6,0.16666666666666666
D5,D,positive,proportion,1,1,6,0.16666666666666666
D5,D,positive,topography,1,1,6,0.16666666666666666
D5,D,positive,urban integration,2,1,6,0.3333333333333333
D6,D,negative,expression,1,1,3,0.3333333333333333
D6,D,negative,flexibility,1,1,3,0.3333333333333333
D6,D,negative,functionality,1,1,3,0.3333333333333333
D6,D,negative,layout,2,1,3,0.6666666666666666
D6,D,negative,massing,1,1,3,0.3333333333333333
D6,D,negative,open space,1,1,3,0.3333333333333333
D6,D,positive,accessibility,1,1,7,0.14285714285714285
D6,D,positive,circulation,2,1,7,0.2857142857142857
D6,D,positive,cost,1,1,7,0.14285714285714285
D6,D,positive,daylight,1,1,7,0.14285714285714285
D6,D,positive,expression,1,1,7,0.14285714285714285
D6,D,positive,facade,1,1,7,0.14285714285714285
D6,D,positive,flexibility,1,1,7,0.14285714285714285
D6,D,positive,identity,1,1,7,0.14285714285714285
D6,D,positive,layout,1,1,7,0.14285714285714285
D6,D,positive,open space,1,1,7,0.14285714285714285
D6,D,positive,operation,1,1,7,0.14285714285714285
D6,D,positive,proportion,1,1,7,0.14285714285714285
D6,D,positive,structure,1,1,7,0.14285714285714285
D6,D,positive,urban integration,1,1,7,0.14285714285714285
D7,D,negative,circulation,1,1,7,0.14285714285714285
D7,D,negative,daylight,1,1,7,0.14285714285714285
D7,D,negative,expression,1,1,7,0.14285714285714285
D7,D,negative,facade,1,1,7,0.14285714285714285
D7,D,negative,functionality,1,1,7,0.14285714285714285
D7,D,negative,identity,1,1,7,0.14285714285714285
D7,D,negative,landscape,1,1,7,0.14285714285714285
D7,D,negative,layout,2,1,7,0.2857142857142857
D7,D,negative,massing,1,1,7,0.14285714285714285
D7,D,negative,open space,2,1,7,0.2857142857142857
D7,D,negative,proportion,1,1,7,0.14285714285714285
D7,D,negative,urban integration,4,1,7,0.5714285714285714
D7,D,positive,circulation,1,1,8,0.125
D7,D,positive,daylight,1,1,8,0.125
D7,D,positive,flexibility,1,1,8,0.125
D7,D,positive,functionality,2,1,8,0.25
D7,D,positive,layout,2,1,8,0.25
D7,D,positive,massing,1,1,8,0.125
D7,D,positive,open space,1,1,8,0.125
D7,D,positive,operation,2,1,8,0.25
D7,D,positive,scale,1,1,8,0.125
D7,D,positive,urban integration,3,1,8,0.375
DD1,DD,negative,acoustics,1,1,4,0.25
DD1,DD,negative,circulation,2,1,4,0.5
DD1,DD,negative,functionality,1,1,4,0.25
DD1,DD,negative,landscape,1,1,4,0.25
DD1,DD,negative,layout,1,1,4,0.25
DD1,DD,negative,orientation,1,1,4,0.25
DD1,DD,positive,circulation,1,1,7,0.14285714285714285
DD1,DD,positive,daylight,1,1,7,0.14285714285714285
DD1,DD,positive,expression,1,1,7,0.14285714285714285
DD1,DD,positive,functionality,3,1,7,0.42857142857142855
DD1,DD,positive,landscape,1,1,7,0.14285714285714285
DD1,DD,positive,layout,2,1,7,0.2857142857142857
DD1,DD,positive,massing,2,1,7,0.2857142857142857
DD1,DD,positive,open space,1,1,7,0.14285714285714285
DD1,DD,positive,structure,1,1,7,0.14285714285714285
DD1,DD,positive,visibility,1,1,7,0.14285714285714285
DD2,DD,negative,acoustics,1,1,7,0.14285714285714285
DD2,DD,negative,facade,1,1,7,0.14285714285714285
DD2,DD,negative,functionality,1,1,7,0.14285714285714285
DD2,DD,negative,landscape,2,1,7,0.2857142857142857
DD2,DD,negative,layout,2,1,7,0.2857142857142857
DD2,DD,negative,open space,2,1,7,0.2857142857142857
DD2,DD,negative,operation,2,1,7,0.2857142857142857
DD2,DD,negative,structure,1,1,7,0.14285714285714285
DD2,DD,negative,urban integration,2,1,7,0.2857142857142857
DD2,DD,positive,flexibility,2,1,6,0.3333333333333333
DD2,DD,positive,functionality,4,1,6,0.6666666666666666
DD2,DD,positive,layout,3,1,6,0.5
DD2,DD,positive,massing,2,1,6,0.3333333333333333
DD2,DD,positive,open space,1,1,6,0.16666666666666666
DD2,DD,positive,urban integration,1,1,6,0.16666666666666666
DD3,DD,negative,accessibility,1,1,7,0.14285714285714285
DD3,DD,negative,circulation,3,1,7,0.42857142857142855
DD3,DD,negative,daylight,2,1,7,0.2857142857142857
DD3,DD,negative,functionality,2,1,7,0.2857142857142857
DD3,DD,negative,landscape,1,1,7,0.14285714285714285
DD3,DD,negative,layout,1,1,7,0.14285714285714285
DD3,DD,negative,operation,1,1,7,0.14285714285714285
DD3,DD,negative,safety,1,1,7,0.14285714285714285
DD3,DD,negative,scale,1,1,7,0.14285714285714285
DD3,DD,positive,accessibility,1,1,9,0.1111111111111111
DD3,DD,positive,circulation,3,1,9,0.3333333333333333
DD3,DD,positive,expression,1,1,9,0.1111111111111111
DD3,DD,positive,functionality,2,1,9,0.2222222222222222
DD3,DD,positive,landscape,1,1,9,0.1111111111111111
DD3,DD,positive,layout,3,1,9,0.3333333333333333
DD3,DD,positive,massing,3,1,9,0.3333333333333333
DD3,DD,positive,open space,1,1,9,0.1111111111111111
DD3,DD,positive,operation,1,1,9,0.1111111111111111
DD3,DD,positive,proportion,1,1,9,0.1111111111111111
DD3,DD,positive,scale,1,1,9,0.1111111111111111
DD3,DD,positive,urban integration,1,1,9,0.1111111111111111
DD4,DD,negative,circulation,1,1,8,0.125
DD4,DD,negative,cost,1,1,8,0.125
DD4,DD,negative,daylight,2,1,8,0.25
DD4,DD,negative,functionality,2,1,8,0.25
DD4,DD,negative,landscape,1,1,8,0.125
DD4,DD,negative,layout,1,1,8,0.125
DD4,DD,negative,massing,1,1,8,0.125
DD4,DD,negative,operation,3,1,8,0.375
DD4,DD,negative,orientation,1,1,8,0.125
DD4,DD,negative,scale,1,1,8,0.125
DD4,DD,negative,urban integration,1,1,8,0.125
DD4,DD,positive,circulation,1,1,8,0.125
DD4,DD,positive,expression,3,1,8,0.375
DD4,DD,positive,flexibility,1,1,8,0.125
DD4,DD,positive,functionality,2,1,8,0.25
DD4,DD,positive,identity,1,1,8,0.125
DD4,DD,positive,landscape,2,1,8,0.25
DD4,DD,positive,layout,2,1,8,0.25
DD4,DD,positive,structure,1,1,8,0.125
DD4,DD,positive,sustainability,1,1,8,0.125
DD4,DD,positive,urban integration,2,1,8,0.25
DD5,DD,negative,circulation,1,1,7,0.14285714285714285
DD5,DD,negative,daylight,1,1,7,0.14285714285714285
DD5,DD,negative,facade,1,1,7,0.14285714285714285
DD5,DD,negative,functionality,3,1,7,0.42857142857142855
DD5,DD,negative,landscape,1,1,7,0.14285714285714285
DD5,DD,negative,layout,2,1,7,0.2857142857142857
DD5,DD,negative,open space,1,1,7,0.14285714285714285
DD5,DD,negative,urban integration,1,1,7,0.14285714285714285
DD5,DD,negative,ventilation,1,1,7,0.14285714285714285
DD5,DD,negative,visibility,2,1,7,0.2857142857142857
DD5,DD,positive,circulation,1,1,8,0.125
DD5,DD,positive,daylight,2,1,8,0.25
DD5,DD,positive,expression,1,1,8,0.125
DD5,DD,positive,landscape,3,1,8,0.375
DD5,DD,positive,layout,3,1,8,0.375
DD5,DD,positive,open space,1,1,8,0.125
DD5,DD,positive,privacy,1,1,8,0.125
DD5,DD,positive,sustainability,1,1,8,0.125
DD5,DD,positive,urban integration,2,1,8,0.25
DD5,DD,positive,visibility,1,1,8,0.125
DD6,DD,negative,accessibility,1,1,4,0.25
DD6,DD,negative,circulation,1,1,4,0.25
DD6,DD,negative,expression,1,1,4,0.25
DD6,DD,negative,facade,1,1,4,0.25
DD6,DD,negative,functionality,2,1,4,0.5
DD6,DD,negative,open space,1,1,4,0.25
DD6,DD,negative,operation,1,1,4,0.25
DD6,DD,positive,accessibility,1,1,4,0.25
DD6,DD,positive,circulation,1,1,4,0.25
DD6,DD,positive,facade,1,1,4,0.25
DD6,DD,positive,functionality,1,1,4,0.25
DD6,DD,positive,layout,1,1,4,0.25
DD6,DD,positive,massing,2,1,4,0.5
DD6,DD,positive,open space,1,1,4,0.25
DD6,DD,positive,urban integration,2,1,4,0.5
DD7,DD,negative,daylight,2,1,3,0.6666666666666666
DD7,DD,negative,layout,2,1,3,0.6666666666666666
DD7,DD,negative,massing,1,1,3,0.3333333333333333
DD7,DD,negative,open space,1,1,3,0.3333333333333333
DD7,DD,positive,accessibility,1,1,4,0.25
DD7,DD,positive,circulation,1,1,4,0.25
DD7,DD,positive,expression,1,1,4,0.25
DD7,DD,positive,facade,1,1,4,0.25
DD7,DD,positive,flexibility,1,1,4,0.25
DD7,DD,positive,functionality,1,1,4,0.25
DD7,DD,positive,layout,1,1,4,0.25
DD7,DD,positive,massing,1,1,4,0.25
DD7,DD,positive,scale,1,1,4,0.25
DD7,DD,positive,urban integration,2,1,4,0.5
DDD1,DDD,negative,accessibility,1,1,10,0.1
DDD1,DDD,negative,circulation,3,1,10,0.3
DDD1,DDD,negative,expression,1,1,10,0.1
DDD1,DDD,negative,facade,1,1,10,0.1
DDD1,DDD,negative,functionality,3,1,10,0.3
DDD1,DDD,negative,identity,1,1,10,0.1
DDD1,DDD,negative,landscape,2,1,10,0.2
DDD1,DDD,negative,layout,3,1,10,0.3
DDD1,DDD,negative,open space,1,1,10,0.1
DDD1,DDD,negative,proportion,1,1,10,0.1
DDD1,DDD,negative,safety,1,1,10,0.1
DDD1,DDD,negative,sustainability,2,1,10,0.2
DDD1,DDD,positive,cost,2,1,4,0.5
DDD1,DDD,positive,expression,1,1,4,0.25
DDD1,DDD,positive,massing,1,1,4,0.25
DDD1,DDD,positive,open space,1,1,4,0.25
DDD1,DDD,positive,structure,2,1,4,0.5
DDD1,DDD,positive,sustainability,1,1,4,0.25
DDD1,DDD,positive,urban integration,1,1,4,0.25
DDD2,DDD,negative,accessibility,2,1,9,0.2222222222222222
DDD2,DDD,negative,circulation,1,1,9,0.1111111111111111
DDD2,DDD,negative,cost,1,1,9,0.1111111111111111
DDD2,DDD,negative,functionality,7,1,9,0.7777777777777778
DDD2,DDD,negative,layout,2,1,9,0.2222222222222222
DDD2,DDD,negative,open space,1,1,9,0.1111111111111111
DDD2,DDD,negative,operation,3,1,9,0.3333333333333333
DDD2,DDD,positive,cost,1,1,5,0.2
DDD2,DDD,positive,expression,1,1,5,0.2
DDD2,DDD,positive,facade,1,1,5,0.2
DDD2,DDD,positive,functionality,1,1,5,0.2
DDD2,DDD,positive,identity,1,1,5,0.2
DDD2,DDD,positive,massing,1,1,5,0.2
DDD2,DDD,positive,open space,1,1,5,0.2
DDD2,DDD,positive,operation,1,1,5,0.2
DDD2,DDD,positive,structure,1,1,5,0.2
DDD2,DDD,positive,sustainability,1,1,5,0.2
DDD2,DDD,positive,urban integration,2,1,5,0.4
DDD3,DDD,negative,circulation,1,1,9,0.1111111111111111
DDD3,DDD,negative,expression,2,1,9,0.2222222222222222
DDD3,DDD,negative,facade,1,1,9,0.1111111111111111
DDD3,DDD,negative,functionality,3,1,9,0.3333333333333333
DDD3,DDD,negative,landscape,1,1,9,0.1111111111111111
DDD3,DDD,negative,layout,2,1,9,0.2222222222222222
DDD3,DDD,negative,massing,1,1,9,0.1111111111111111
DDD3,DDD,negative,open space,2,1,9,0.2222222222222222
DDD3,DDD,negative,operation,3,1,9,0.3333333333333333
DDD3,DDD,negative,urban integration,3,1,9,0.3333333333333333
DDD3,DDD,positive,circulation,1,1,6,0.16666666666666666
DDD3,DDD,positive,cost,1,1,6,0.16666666666666666
DDD3,DDD,positive,expression,1,1,6,0.16666666666666666
DDD3,DDD,positive,facade,1,1,6,0.16666666666666666
DDD3,DDD,positive,functionality,2,1,6,0.3333333333333333
DDD3,DDD,positive,identity,1,1,6,0.16666666666666666
DDD3,DDD,positive,layout,1,1,6,0.16666666666666666
DDD3,DDD,positive,open space,1,1,6,0.16666666666666666
DDD3,DDD,positive,structure,1,1,6,0.16666666666666666
DDD3,DDD,positive,urban integration,2,1,6,0.3333333333333333
DDD4,DDD,negative,acoustics,1,1,5,0.2
DDD4,DDD,negative,cost,2,1,5,0.4
DDD4,DDD,negative,expression,2,1,5,0.4
DDD4,DDD,negative,functionality,1,1,5,0.2
DDD4,DDD,negative,layout,1,1,5,0.2
DDD4,DDD,negative,massing,1,1,5,0.2
DDD4,DDD,negative,open space,1,1,5,0.2
DDD4,DDD,negative,structure,1,1,5,0.2
DDD4,DDD,negative,sustainability,1,1,5,0.2
DDD4,DDD,negative,urban integration,2,1,5,0.4
DDD4,DDD,positive,expression,1,1,3,0.3333333333333333
DDD4,DDD,positive,identity,1,1,3,0.3333333333333333
DDD4,DDD,positive,landscape,1,1,3,0.3333333333333333
DDD4,DDD,positive,layout,1,1,3,0.3333333333333333
DDD4,DDD,positive,massing,1,1,3,0.3333333333333333
DDD4,DDD,positive,open space,2,1,3,0.6666666666666666
DDD4,DDD,positive,urban integration,1,1,3,0.3333333333333333
DDD5,DDD,negative,circulation,1,1,3,0.3333333333333333
DDD5,DDD,negative,functionality,2,1,3,0.6666666666666666
DDD5,DDD,negative,layout,1,1,3,0.3333333333333333
DDD5,DDD,negative,operation,2,1,3,0.6666666666666666
DDD5,DDD,positive,circulation,1,1,6,0.16666666666666666
DDD5,DDD,positive,cost,1,1,6,0.16666666666666666
DDD5,DDD,positive,expression,1,1,6,0.16666666666666666
DDD5,DDD,positive,functionality,2,1,6,0.3333333333333333
DDD5,DDD,positive,identity,1,1,6,0.16666666666666666
DDD5,DDD,positive,landscape,1,1,6,0.16666666666666666
DDD5,DDD,positive,layout,1,1,6,0.16666666666666666
DDD5,DDD,positive,massing,1,1,6,0.16666666666666666
DDD5,DDD,positive,open space,3,1,6,0.5
DDD5,DDD,positive,scale,1,1,6,0.16666666666666666
DDD5,DDD,positive,urban integration,3,1,6,0.5
DDDD1,DDDD,negative,accessibility,1,1,4,0.25
DDDD1,DDDD,negative,circulation,1,1,4,0.25
DDDD1,DDDD,negative,expression,1,1,4,0.25
DDDD1,DDDD,negative,functionality,2,1,4,0.5
DDDD1,DDDD,negative,layout,3,1,4,0.75
DDDD1,DDDD,negative,scale,1,1,4,0.25
DDDD1,DDDD,positive,cost,1,1,7,0.14285714285714285
DDDD1,DDDD,positive,daylight,2,1,7,0.2857142857142857
DDDD1,DDDD,positive,expression,1,1,7,0.14285714285714285
DDDD1,DDDD,positive,facade,1,1,7,0.14285714285714285
DDDD1,DDDD,positive,functionality,1,1,7,0.14285714285714285
DDDD1,DDDD,positive,identity,2,1,7,0.2857142857142857
DDDD1,DDDD,positive,layout,2,1,7,0.2857142857142857
DDDD1,DDDD,positive,massing,1,1,7,0.14285714285714285
DDDD1,DDDD,positive,scale,1,1,7,0.14285714285714285
DDDD1,DDDD,positive,sustainability,1,1,7,0.14285714285714285
DDDD1,DDDD,positive,topography,1,1,7,0.14285714285714285
DDDD1,DDDD,positive,urban integration,3,1,7,0.42857142857142855
DDDD1,DDDD,positive,ventilation,1,1,7,0.14285714285714285
DDDD2,DDDD,negative,expression,1,1,3,0.3333333333333333
DDDD2,DDDD,negative,facade,1,1,3,0.3333333333333333
DDDD2,DDDD,negative,identity,1,1,3,0.3333333333333333
DDDD2,DDDD,negative,massing,1,1,3,0.3333333333333333
DDDD2,DDDD,negative,scale,1,1,3,0.3333333333333333
DDDD2,DDDD,negative,urban integration,2,1,3,0.6666666666666666
DDDD2,DDDD,positive,circulation,3,1,7,0.42857142857142855
DDDD2,DDDD,positive,daylight,2,1,7,0.2857142857142857
DDDD2,DDDD,positive,flexibility,2,1,7,0.2857142857142857
DDDD2,DDDD,positive,functionality,2,1,7,0.2857142857142857
DDDD2,DDDD,positive,layout,4,1,7,0.5714285714285714
DDDD2,DDDD,positive,open space,1,1,7,0.14285714285714285
DDDD2,DDDD,positive,structure,2,1,7,0.2857142857142857
DDDD2,DDDD,positive,urban integration,1,1,7,0.14285714285714285
DDDD2,DDDD,positive,visibility,1,1,7,0.14285714285714285
DDDD3,DDDD,negative,acoustics,1,1,6,0.16666666666666666
DDDD3,DDDD,negative,cost,1,1,6,0.16666666666666666
DDDD3,DDDD,negative,expression,1,1,6,0.16666666666666666
DDDD3,DDDD,negative,facade,3,1,6,0.5
DDDD3,DDDD,negative,functionality,2,1,6,0.3333333333333333
DDDD3,DDDD,negative,layout,2,1,6,0.3333333333333333
DDDD3,DDDD,negative,massing,1,1,6,0.16666666666666666
DDDD3,DDDD,negative,open space,1,1,6,0.16666666666666666
DDDD3,DDDD,negative,privacy,1,1,6,0.16666666666666666
DDDD3,DDDD,negative,visibility,1,1,6,0.16666666666666666
DDDD3,DDDD,positive,expression,1,1,5,0.2
DDDD3,DDDD,positive,flexibility,1,1,5,0.2
DDDD3,DDDD,positive,functionality,1,1,5,0.2
DDDD3,DDDD,positive,identity,3,1,5,0.6
DDDD3,DDDD,positive,layout,2,1,5,0.4
DDDD3,DDDD,positive,operation,1,1,5,0.2
DDDD3,DDDD,positive,scale,1,1,5,0.2
DDDD3,DDDD,positive,structure,2,1,5,0.4
DDDD3,DDDD,positive,urban integration,1,1,5,0.2
DDDD4,DDDD,negative,circulation,2,1,5,0.4
DDDD4,DDDD,negative,cost,1,1,5,0.2
DDDD4,DDDD,negative,daylight,1,1,5,0.2
DDDD4,DDDD,negative,functionality,1,1,5,0.2
DDDD4,DDDD,negative,layout,1,1,5,0.2
DDDD4,DDDD,negative,massing,2,1,5,0.4
DDDD4,DDDD,negative,open space,2,1,5,0.4
DDDD4,DDDD,negative,proportion,1,1,5,0.2
DDDD4,DDDD,positive,cost,1,1,4,0.25
DDDD4,DDDD,positive,daylight,1,1,4,0.25
DDDD4,DDDD,positive,functionality,1,1,4,0.25
DDDD4,DDDD,positive,identity,1,1,4,0.25
DDDD4,DDDD,positive,layout,2,1,4,0.5
DDDD4,DDDD,positive,massing,1,1,4,0.25
DDDD4,DDDD,positive,open space,1,1,4,0.25
DDDD4,DDDD,positive,scale,1,1,4,0.25
DDDD4,DDDD,positive,structure,1,1,4,0.25
DDDD4,DDDD,positive,sustainability,1,1,4,0.25
DDDD4,DDDD,positive,urban integration,1,1,4,0.25
DDDD5,DDDD,negative,accessibility,1,1,8,0.125
DDDD5,DDDD,negative,circulation,6,1,8,0.75
DDDD5,DDDD,negative,cost,1,1,8,0.125
DDDD5,DDDD,negative,daylight,2,1,8,0.25
DDDD5,DDDD,negative,facade,1,1,8,0.125
DDDD5,DDDD,negative,fire safety,2,1,8,0.25
DDDD5,DDDD,negative,functionality,1,1,8,0.125
DDDD5,DDDD,negative,layout,3,1,8,0.375
DDDD5,DDDD,negative,open space,2,1,8,0.25
DDDD5,DDDD,negative,urban integration,1,1,8,0.125
DDDD5,DDDD,positive,circulation,2,1,6,0.3333333333333333
DDDD5,DDDD,positive,flexibility,3,1,6,0.5
DDDD5,DDDD,positive,functionality,3,1,6,0.5
DDDD5,DDDD,positive,landscape,1,1,6,0.16666666666666666
DDDD5,DDDD,positive,layout,2,1,6,0.3333333333333333
DDDD5,DDDD,positive,massing,1,1,6,0.16666666666666666
DDDD5,DDDD,positive,open space,2,1,6,0.3333333333333333
DDDD5,DDDD,positive,proportion,1,1,6,0.16666666666666666
DDDD5,DDDD,positive,scale,1,1,6,0.16666666666666666
DDDD5,DDDD,positive,urban integration,2,1,6,0.3333333333333333
DDDD6,DDDD,negative,circulation,2,1,7,0.2857142857142857
DDDD6,DDDD,negative,cost,1,1,7,0.14285714285714285
DDDD6,DDDD,negative,expression,2,1,7,0.2857142857142857
DDDD6,DDDD,negative,facade,1,1,7,0.14285714285714285
DDDD6,DDDD,negative,fire safety,2,1,7,0.2857142857142857
DDDD6,DDDD,negative,functionality,2,1,7,0.2857142857142857
DDDD6,DDDD,negative,identity,2,1,7,0.2857142857142857
DDDD6,DDDD,negative,layout,1,1,7,0.14285714285714285
DDDD6,DDDD,negative,open space,1,1,7,0.14285714285714285
DDDD6,DDDD,negative,proportion,1,1,7,0.14285714285714285
DDDD6,DDDD,positive,circulation,1,1,6,0.16666666666666666
DDDD6,DDDD,positive,cost,1,1,6,0.16666666666666666
DDDD6,DDDD,positive,flexibility,3,1,6,0.5
DDDD6,DDDD,positive,functionality,1,1,6,0.16666666666666666
DDDD6,DDDD,positive,layout,3,1,6,0.5
DDDD6,DDDD,positive,massing,2,1,6,0.3333333333333333
DDDD6,DDDD,positive,open space,1,1,6,0.16666666666666666
DDDD6,DDDD,positive,structure,1,1,6,0.16666666666666666
DDDD6,DDDD,positive,urban integration,1,1,6,0.16666666666666666
DDDD7,DDDD,negative,circulation,2,1,6,0.3333333333333333
DDDD7,DDDD,negative,cost,1,1,6,0.16666666666666666
DDDD7,DDDD,negative,daylight,2,1,6,0.3333333333333333
DDDD7,DDDD,negative,facade,2,1,6,0.3333333333333333
DDDD7,DDDD,negative,functionality,2,1,6,0.3333333333333333
DDDD7,DDDD,negative,layout,1,1,6,0.16666666666666666
DDDD7,DDDD,negative,open space,2,1,6,0.3333333333333333
DDDD7,DDDD,negative,urban integration,2,1,6,0.3333333333333333
DDDD7,DDDD,positive,accessibility,1,1,5,0.2
DDDD7,DDDD,positive,circulation,1,1,5,0.2
DDDD7,DDDD,positive,expression,1,1,5,0.2
DDDD7,DDDD,positive,flexibility,1,1,5,0.2
DDDD7,DDDD,positive,functionality,1,1,5,0.2
DDDD7,DDDD,positive,identity,1,1,5,0.2
DDDD7,DDDD,positive,layout,2,1,5,0.4
DDDD7,DDDD,positive,massing,1,1,5,0.2
DDDD7,DDDD,positive,scale,1,1,5,0.2
DDDD7,DDDD,positive,structure,1,1,5,0.2
DDDD7,DDDD,positive,urban integration,1,1,5,0.2
E1,E,negative,cost,1,1,5,0.2
E1,E,negative,expression,1,1,5,0.2
E1,E,negative,facade,1,1,5,0.2
E1,E,negative,functionality,1,1,5,0.2
E1,E,negative,landscape,1,1,5,0.2
E1,E,negative,layout,2,1,5,0.4
E1,E,negative,open space,2,1,5,0.4
E1,E,negative,operation,1,1,5,0.2
E1,E,negative,structure,1,1,5,0.2
E1,E,negative,urban integration,1,1,5,0.2
E1,E,positive,expression,2,1,8,0.25
E1,E,positive,flexibility,1,1,8,0.125
E1,E,positive,identity,3,1,8,0.375
E1,E,positive,landscape,3,1,8,0.375
E1,E,positive,layout,2,1,8,0.25
E1,E,positive,massing,1,1,8,0.125
E1,E,positive,open space,2,1,8,0.25
E1,E,positive,structure,1,1,8,0.125
E1,E,positive,urban integration,2,1,8,0.25
E2,E,negative,circulation,1,1,6,0.16666666666666666
E2,E,negative,cost,1,1,6,0.16666666666666666
E2,E,negative,facade,1,1,6,0.16666666666666666
E2,E,negative,functionality,2,1,6,0.3333333333333333
E2,E,negative,layout,3,1,6,0.5
E2,E,negative,massing,1,1,6,0.16666666666666666
E2,E,negative,open space,1,1,6,0.16666666666666666
E2,E,negative,structure,1,1,6,0.16666666666666666
E2,E,negative,topography,1,1,6,0.16666666666666666
E2,E,positive,circulation,1,1,4,0.25
E2,E,positive,expression,1,1,4,0.25
E2,E,positive,facade,1,1,4,0.25
E2,E,positive,functionality,1,1,4,0.25
E2,E,positive,landscape,1,1,4,0.25
E2,E,positive,layout,1,1,4,0.25
E2,E,positive,massing,1,1,4,0.25
E2,E,positive,open space,1,1,4,0.25
E2,E,positive,structure,1,1,4,0.25
E2,E,positive,urban integration,2,1,4,0.5
E3,E,negative,cost,1,1,5,0.2
E3,E,negative,expression,1,1,5,0.2
E3,E,negative,facade,1,1,5,0.2
E3,E,negative,functionality,1,1,5,0.2
E3,E,negative,landscape,1,1,5,0.2
E3,E,negative,massing,1,1,5,0.2
E3,E,negative,open space,2,1,5,0.4
E3,E,negative,proportion,1,1,5,0.2
E3,E,negative,sustainability,1,1,5,0.2
E3,E,negative,topography,2,1,5,0.4
E3,E,negative,urban integration,1,1,5,0.2
E3,E,positive,circulation,1,1,5,0.2
E3,E,positive,expression,1,1,5,0.2
E3,E,positive,landscape,1,1,5,0.2
E3,E,positive,layout,1,1,5,0.2
E3,E,positive,massing,2,1,5,0.4
E3,E,positive,open space,1,1,5,0.2
E3,E,positive,urban integration,3,1,5,0.6
E3,E,positive,visibility,1,1,5,0.2
E4,E,negative,circulation,1,1,6,0.16666666666666666
E4,E,negative,expression,3,1,6,0.5
E4,E,negative,facade,2,1,6,0.3333333333333333
E4,E,negative,functionality,1,1,6,0.16666666666666666
E4,E,negative,landscape,1,1,6,0.16666666666666666
E4,E,negative,open space,1,1,6,0.16666666666666666
E4,E,negative,scale,1,1,6,0.16666666666666666
E4,E,negative,structure,1,1,6,0.16666666666666666
E4,E,negative,topography,1,1,6,0.16666666666666666
E4,E,negative,urban integration,2,1,6,0.3333333333333333
E4,E,positive,circulation,3,1,6,0.5
E4,E,positive,cost,1,1,6,0.16666666666666666
E4,E,positive,flexibility,1,1,6,0.16666666666666666
E4,E,positive,functionality,1,1,6,0.16666666666666666
E4,E,positive,layout,2,1,6,0.3333333333333333
E4,E,positive,massing,1,1,6,0.16666666666666666
E4,E,positive,open space,1,1,6,0.16666666666666666
E4,E,positive,structure,2,1,6,0.3333333333333333
E4,E,positive,urban integration,2,1,6,0.3333333333333333
E4,E,positive,visibility,1,1,6,0.16666666666666666
E5,E,negative,accessibility,1,1,7,0.14285714285714285
E5,E,negative,circulation,3,1,7,0.42857142857142855
E5,E,negative,cost,1,1,7,0.14285714285714285
E5,E,negative,expression,1,1,7,0.14285714285714285
E5,E,negative,functionality,1,1,7,0.14285714285714285
E5,E,negative,identity,1,1,7,0.14285714285714285
E5,E,negative,layout,1,1,7,0.14285714285714285
E5,E,negative,open space,2,1,7,0.2857142857142857
E5,E,negative,scale,2,1,7,0.2857142857142857
E5,E,negative,structure,2,1,7,0.2857142857142857
E5,E,positive,expression,1,1,5,0.2
E5,E,positive,facade,1,1,5,0.2
E5,E,positive,flexibility,1,1,5,0.2
E5,E,positive,functionality,1,1,5,0.2
E5,E,positive,landscape,1,1,5,0.2
E5,E,positive,layout,1,1,5,0.2
E5,E,positive,massing,2,1,5,0.4
E5,E,positive,open space,1,1,5,0.2
E5,E,positive,proportion,1,1,5,0.2
E5,E,positive,structure,1,1,5,0.2
E5,E,positive,urban integration,1,1,5,0.2
E6,E,negative,accessibility,1,1,7,0.14285714285714285
E6,E,negative,circulation,2,1,7,0.2857142857142857
E6,E,negative,expression,1,1,7,0.14285714285714285
E6,E,negative,facade,1,1,7,0.14285714285714285
E6,E,negative,functionality,1,1,7,0.14285714285714285
E6,E,negative,landscape,2,1,7,0.2857142857142857
E6,E,negative,layout,1,1,7,0.14285714285714285
E6,E,negative,massing,2,1,7,0.2857142857142857
E6,E,negative,open space,1,1,7,0.14285714285714285
E6,E,negative,sustainability,1,1,7,0.14285714285714285
E6,E,negative,topography,1,1,7,0.14285714285714285
E6,E,negative,urban integration,2,1,7,0.2857142857142857
E6,E,positive,circulation,1,1,7,0.14285714285714285
E6,E,positive,cost,1,1,7,0.14285714285714285
E6,E,positive,expression,1,1,7,0.14285714285714285
E6,E,positive,functionality,2,1,7,0.2857142857142857
E6,E,positive,identity,3,1,7,0.42857142857142855
E6,E,positive,landscape,1,1,7,0.14285714285714285
E6,E,positive,layout,1,1,7,0.14285714285714285
E6,E,positive,open space,2,1,7,0.2857142857142857
E6,E,positive,scale,1,1,7,0.14285714285714285
E6,E,positive,urban integration,2,1,7,0.2857142857142857
E6,E,positive,visibility,1,1,7,0.14285714285714285
E7,E,negative,cost,1,1,7,0.14285714285714285
E7,E,negative,daylight,2,1,7,0.2857142857142857
E7,E,negative,expression,1,1,7,0.14285714285714285
E7,E,negative,facade,1,1,7,0.14285714285714285
E7,E,negative,fire safety,1,1,7,0.14285714285714285
E7,E,negative,landscape,3,1,7,0.42857142857142855
E7,E,negative,layout,1,1,7,0.14285714285714285
E7,E,negative,open space,3,1,7,0.42857142857142855
E7,E,negative,sustainability,1,1,7,0.14285714285714285
E7,E,negative,urban integration,1,1,7,0.14285714285714285
E7,E,negative,ventilation,1,1,7,0.14285714285714285
E7,E,negative,visibility,1,1,7,0.14285714285714285
E7,E,positive,circulation,2,1,7,0.2857142857142857
E7,E,positive,cost,1,1,7,0.14285714285714285
E7,E,positive,expression,2,1,7,0.2857142857142857
E7,E,positive,flexibility,1,1,7,0.14285714285714285
E7,E,positive,functionality,1,1,7,0.14285714285714285
E7,E,positive,identity,2,1,7,0.2857142857142857
E7,E,positive,layout,3,1,7,0.42857142857142855
E7,E,positive,massing,1,1,7,0.14285714285714285
E7,E,positive,operation,1,1,7,0.14285714285714285
E7,E,positive,sustainability,1,1,7,0.14285714285714285
EE1,EE,positive,daylight,3,1,8,0.375
EE1,EE,positive,functionality,3,1,8,0.375
EE1,EE,positive,layout,4,1,8,0.5
EE1,EE,positive,massing,1,1,8,0.125
EE1,EE,positive,open space,3,1,8,0.375
EE1,EE,positive,operation,2,1,8,0.25
EE1,EE,positive,scale,1,1,8,0.125
EE1,EE,positive,sustainability,1,1,8,0.125
EE1,EE,positive,topography,1,1,8,0.125
EE1,EE,positive,urban integration,1,1,8,0.125
EE2,EE,negative,circulation,1,1,7,0.14285714285714285
EE2,EE,negative,cost,1,1,7,0.14285714285714285
EE2,EE,negative,daylight,2,1,7,0.2857142857142857
EE2,EE,negative,expression,1,1,7,0.14285714285714285
EE2,EE,negative,facade,1,1,7,0.14285714285714285
EE2,EE,negative,functionality,3,1,7,0.42857142857142855
EE2,EE,negative,massing,1,1,7,0.14285714285714285
EE2,EE,negative,open space,2,1,7,0.2857142857142857
EE2,EE,negative,operation,1,1,7,0.14285714285714285
EE2,EE,negative,scale,2,1,7,0.2857142857142857
EE2,EE,negative,urban integration,1,1,7,0.14285714285714285
EE2,EE,positive,daylight,1,1,3,0.3333333333333333
EE2,EE,positive,expression,1,1,3,0.3333333333333333
EE2,EE,positive,functionality,1,1,3,0.3333333333333333
EE2,EE,positive,identity,1,1,3,0.3333333333333333
EE2,EE,positive,urban integration,1,1,3,0.3333333333333333
EE3,EE,negative,circulation,2,1,10,0.2
EE3,EE,negative,cost,1,1,10,0.1
EE3,EE,negative,expression,1,1,10,0.1
EE3,EE,negative,facade,1,1,10,0.1
EE3,EE,negative,functionality,3,1,10,0.3
EE3,EE,negative,layout,4,1,10,0.4
EE3,EE,negative,massing,2,1,10,0.2
EE3,EE,negative,operation,1,1,10,0.1
EE3,EE,negative,proportion,1,1,10,0.1
EE3,EE,negative,safety,1,1,10,0.1
EE3,EE,negative,scale,1,1,10,0.1
EE3,EE,negative,urban integration,2,1,10,0.2
EE3,EE,negative,visibility,1,1,10,0.1
EE3,EE,positive,circulation,1,1,4,0.25
EE3,EE,positive,cost,1,1,4,0.25
EE3,EE,positive,daylight,1,1,4,0.25
EE3,EE,positive,landscape,2,1,4,0.5
EE3,EE,positive,layout,1,1,4,0.25
EE3,EE,positive,massing,1,1,4,0.25
EE3,EE,positive,open space,1,1,4,0.25
EE3,EE,positive,topography,2,1,4,0.5
EE3,EE,positive,urban integration,1,1,4,0.25
EE4,EE,negative,accessibility,1,1,6,0.16666666666666666
EE4,EE,negative,circulation,2,1,6,0.3333333333333333
EE4,EE,negative,comfort,1,1,6,0.16666666666666666
EE4,EE,negative,cost,2,1,6,0.3333333333333333
EE4,EE,negative,daylight,1,1,6,0.16666666666666666
EE4,EE,negative,expression,1,1,6,0.16666666666666666
EE4,EE,negative,facade,2,1,6,0.3333333333333333
EE4,EE,negative,functionality,2,1,6,0.3333333333333333
EE4,EE,negative,layout,2,1,6,0.3333333333333333
EE4,EE,negative,sustainability,1,1,6,0.16666666666666666
EE4,EE,negative,topography,1,1,6,0.16666666666666666
EE4,EE,negative,urban integration,1,1,6,0.16666666666666666
EE4,EE,positive,expression,1,1,6,0.16666666666666666
EE4,EE,positive,flexibility,1,1,6,0.16666666666666666
EE4,EE,positive,functionality,1,1,6,0.16666666666666666
EE4,EE,positive,landscape,1,1,6,0.16666666666666666
EE4,EE,positive,layout,3,1,6,0.5
EE4,EE,positive,massing,2,1,6,0.3333333333333333
EE4,EE,positive,open space,1,1,6,0.16666666666666666
EE4,EE,positive,scale,1,1,6,0.16666666666666666
EE4,EE,positive,structure,1,1,6,0.16666666666666666
EE4,EE,positive,urban integration,1,1,6,0.16666666666666666
EE5,EE,negative,accessibility,1,1,2,0.5
EE5,EE,negative,circulation,1,1,2,0.5
EE5,EE,negative,daylight,1,1,2,0.5
EE5,EE,negative,functionality,1,1,2,0.5
EE5,EE,negative,layout,1,1,2,0.5
EE5,EE,positive,circulation,3,1,6,0.5
EE5,EE,positive,daylight,1,1,6,0.16666666666666666
EE5,EE,positive,flexibility,1,1,6,0.16666666666666666
EE5,EE,positive,identity,1,1,6,0.16666666666666666
EE5,EE,positive,layout,1,1,6,0.16666666666666666
EE5,EE,positive,massing,3,1,6,0.5
EE5,EE,positive,open space,2,1,6,0.3333333333333333
EE5,EE,positive,scale,1,1,6,0.16666666666666666
EE5,EE,positive,sustainability,1,1,6,0.16666666666666666
EE5,EE,positive,urban integration,1,1,6,0.16666666666666666
EEE1,EEE,negative,landscape,2,1,2,1.0
EEE1,EEE,negative,layout,1,1,2,0.5
EEE1,EEE,negative,sustainability,1,1,2,0.5
EEE1,EEE,positive,circulation,1,1,7,0.14285714285714285
EEE1,EEE,positive,daylight,2,1,7,0.2857142857142857
EEE1,EEE,positive,expression,2,1,7,0.2857142857142857
EEE1,EEE,positive,flexibility,1,1,7,0.14285714285714285
EEE1,EEE,positive,functionality,1,1,7,0.14285714285714285
EEE1,EEE,positive,identity,1,1,7,0.14285714285714285
EEE1,EEE,positive,landscape,3,1,7,0.42857142857142855
EEE1,EEE,positive,layout,2,1,7,0.2857142857142857
EEE1,EEE,positive,open space,2,1,7,0.2857142857142857
EEE1,EEE,positive,privacy,1,1,7,0.14285714285714285
EEE1,EEE,positive,sustainability,1,1,7,0.14285714285714285
EEE1,EEE,positive,urban integration,2,1,7,0.2857142857142857
EEE1,EEE,positive,visibility,1,1,7,0.14285714285714285
EEE2,EEE,negative,expression,2,1,5,0.4
EEE2,EEE,negative,functionality,1,1,5,0.2
EEE2,EEE,negative,identity,1,1,5,0.2
EEE2,EEE,negative,layout,2,1,5,0.4
EEE2,EEE,negative,massing,1,1,5,0.2
EEE2,EEE,negative,open space,2,1,5,0.4
EEE2,EEE,negative,privacy,1,1,5,0.2
EEE2,EEE,negative,scale,1,1,5,0.2
EEE2,EEE,negative,urban integration,1,1,5,0.2
EEE2,EEE,positive,circulation,1,1,8,0.125
EEE2,EEE,positive,flexibility,1,1,8,0.125
EEE2,EEE,positive,functionality,3,1,8,0.375
EEE2,EEE,positive,identity,1,1,8,0.125
EEE2,EEE,positive,layout,2,1,8,0.25
EEE2,EEE,positive,massing,5,1,8,0.625
EEE2,EEE,positive,open space,3,1,8,0.375
EEE2,EEE,positive,scale,1,1,8,0.125
EEE2,EEE,positive,topography,2,1,8,0.25
EEE2,EEE,positive,urban integration,3,1,8,0.375
EEE3,EEE,negative,cost,1,1,7,0.14285714285714285
EEE3,EEE,negative,daylight,2,1,7,0.2857142857142857
EEE3,EEE,negative,facade,2,1,7,0.2857142857142857
EEE3,EEE,negative,functionality,2,1,7,0.2857142857142857
EEE3,EEE,negative,layout,2,1,7,0.2857142857142857
EEE3,EEE,negative,massing,1,1,7,0.14285714285714285
EEE3,EEE,negative,safety,1,1,7,0.14285714285714285
EEE3,EEE,negative,sustainability,1,1,7,0.14285714285714285
EEE3,EEE,negative,topography,1,1,7,0.14285714285714285
EEE3,EEE,negative,urban integration,2,1,7,0.2857142857142857
EEE3,EEE,negative,ventilation,1,1,7,0.14285714285714285
EEE3,EEE,positive,circulation,2,1,7,0.2857142857142857
EEE3,EEE,positive,expression,1,1,7,0.14285714285714285
EEE3,EEE,positive,facade,1,1,7,0.14285714285714285
EEE3,EEE,positive,flexibility,2,1,7,0.2857142857142857
EEE3,EEE,positive,functionality,1,1,7,0.14285714285714285
EEE3,EEE,positive,landscape,2,1,7,0.2857142857142857
EEE3,EEE,positive,layout,3,1,7,0.42857142857142855
EEE3,EEE,positive,massing,1,1,7,0.14285714285714285
EEE3,EEE,positive,open space,2,1,7,0.2857142857142857
EEE3,EEE,positive,privacy,1,1,7,0.14285714285714285
EEE3,EEE,positive,proportion,1,1,7,0.14285714285714285
EEE3,EEE,positive,structure,1,1,7,0.14285714285714285
EEE3,EEE,positive,sustainability,1,1,7,0.14285714285714285
EEE4,EEE,negative,facade,1,1,2,0.5
EEE4,EEE,negative,functionality,1,1,2,0.5
EEE4,EEE,negative,layout,1,1,2,0.5
EEE4,EEE,negative,operation,1,1,2,0.5
EEE4,EEE,negative,privacy,1,1,2,0.5
EEE4,EEE,negative,proportion,1,1,2,0.5
EEE4,EEE,positive,circulation,1,1,8,0.125
EEE4,EEE,positive,daylight,1,1,8,0.125
EEE4,EEE,positive,flexibility,2,1,8,0.25
EEE4,EEE,positive,functionality,2,1,8,0.25
EEE4,EEE,positive,layout,2,1,8,0.25
EEE4,EEE,positive,massing,4,1,8,0.5
EEE4,EEE,positive,open space,3,1,8,0.375
EEE4,EEE,positive,structure,1,1,8,0.125
EEE4,EEE,positive,sustainability,1,1,8,0.125
EEE4,EEE,positive,topography,2,1,8,0.25
EEE4,EEE,positive,urban integration,1,1,8,0.125
EEE5,EEE,negative,circulation,1,1,5,0.2
EEE5,EEE,negative,daylight,1,1,5,0.2
EEE5,EEE,negative,functionality,1,1,5,0.2
EEE5,EEE,negative,landscape,1,1,5,0.2
EEE5,EEE,negative,layout,1,1,5,0.2
EEE5,EEE,negative,massing,2,1,5,0.4
EEE5,EEE,negative,open space,2,1,5,0.4
EEE5,EEE,negative,safety,1,1,5,0.2
EEE5,EEE,negative,scale,1,1,5,0.2
EEE5,EEE,negative,urban integration,1,1,5,0.2
EEE5,EEE,positive,circulation,2,1,12,0.16666666666666666
EEE5,EEE,positive,cost,1,1,12,0.08333333333333333
EEE5,EEE,positive,daylight,1,1,12,0.08333333333333333
EEE5,EEE,positive,expression,2,1,12,0.16666666666666666
EEE5,EEE,positive,facade,1,1,12,0.08333333333333333
EEE5,EEE,positive,flexibility,2,1,12,0.16666666666666666
EEE5,EEE,positive,functionality,2,1,12,0.16666666666666666
EEE5,EEE,positive,identity,1,1,12,0.08333333333333333
EEE5,EEE,positive,landscape,1,1,12,0.08333333333333333
EEE5,EEE,positive,layout,4,1,12,0.3333333333333333
EEE5,EEE,positive,open space,3,1,12,0.25
EEE5,EEE,positive,operation,2,1,12,0.16666666666666666
EEE5,EEE,positive,structure,2,1,12,0.16666666666666666
EEE5,EEE,positive,topography,1,1,12,0.08333333333333333
EEE5,EEE,positive,urban integration,4,1,12,0.3333333333333333
EEEE1,EEEE,negative,daylight,1,1,5,0.2
EEEE1,EEEE,negative,expression,1,1,5,0.2
EEEE1,EEEE,negative,facade,1,1,5,0.2
EEEE1,EEEE,negative,fire safety,1,1,5,0.2
EEEE1,EEEE,negative,functionality,2,1,5,0.4
EEEE1,EEEE,negative,landscape,1,1,5,0.2
EEEE1,EEEE,negative,open space,1,1,5,0.2
EEEE1,EEEE,negative,structure,2,1,5,0.4
EEEE1,EEEE,negative,urban integration,1,1,5,0.2
EEEE1,EEEE,positive,circulation,1,1,8,0.125
EEEE1,EEEE,positive,cost,1,1,8,0.125
EEEE1,EEEE,positive,expression,3,1,8,0.375
EEEE1,EEEE,positive,facade,1,1,8,0.125
EEEE1,EEEE,positive,functionality,3,1,8,0.375
EEEE1,EEEE,positive,identity,2,1,8,0.25
EEEE1,EEEE,positive,layout,2,1,8,0.25
EEEE1,EEEE,positive,massing,2,1,8,0.25
EEEE1,EEEE,positive,open space,1,1,8,0.125
EEEE1,EEEE,positive,operation,2,1,8,0.25
EEEE1,EEEE,positive,proportion,1,1,8,0.125
EEEE1,EEEE,positive,scale,1,1,8,0.125
EEEE1,EEEE,positive,structure,1,1,8,0.125
EEEE1,EEEE,positive,urban integration,1,1,8,0.125
EEEE1,EEEE,positive,visibility,1,1,8,0.125
EEEE2,EEEE,negative,circulation,2,1,6,0.3333333333333333
EEEE2,EEEE,negative,cost,1,1,6,0.16666666666666666
EEEE2,EEEE,negative,daylight,1,1,6,0.16666666666666666
EEEE2,EEEE,negative,facade,2,1,6,0.3333333333333333
EEEE2,EEEE,negative,functionality,1,1,6,0.16666666666666666
EEEE2,EEEE,negative,layout,1,1,6,0.16666666666666666
EEEE2,EEEE,negative,operation,1,1,6,0.16666666666666666
EEEE2,EEEE,negative,safety,1,1,6,0.16666666666666666
EEEE2,EEEE,negative,structure,1,1,6,0.16666666666666666
EEEE2,EEEE,negative,sustainability,1,1,6,0.16666666666666666
EEEE2,EEEE,positive,circulation,1,1,9,0.1111111111111111
EEEE2,EEEE,positive,daylight,2,1,9,0.2222222222222222
EEEE2,EEEE,positive,expression,2,1,9,0.2222222222222222
EEEE2,EEEE,positive,facade,1,1,9,0.1111111111111111
EEEE2,EEEE,positive,flexibility,2,1,9,0.2222222222222222
EEEE2,EEEE,positive,functionality,1,1,9,0.1111111111111111
EEEE2,EEEE,positive,identity,1,1,9,0.1111111111111111
EEEE2,EEEE,positive,layout,2,1,9,0.2222222222222222
EEEE2,EEEE,positive,massing,1,1,9,0.1111111111111111
EEEE2,EEEE,positive,operation,2,1,9,0.2222222222222222
EEEE2,EEEE,positive,privacy,1,1,9,0.1111111111111111
EEEE2,EEEE,positive,scale,1,1,9,0.1111111111111111
EEEE2,EEEE,positive,structure,2,1,9,0.2222222222222222
EEEE2,EEEE,positive,sustainability,1,1,9,0.1111111111111111
EEEE2,EEEE,positive,urban integration,3,1,9,0.3333333333333333
EEEE2,EEEE,positive,visibility,1,1,9,0.1111111111111111
EEEE3,EEEE,negative,daylight,2,1,10,0.2
EEEE3,EEEE,negative,facade,1,1,10,0.1
EEEE3,EEEE,negative,flexibility,1,1,10,0.1
EEEE3,EEEE,negative,functionality,3,1,10,0.3
EEEE3,EEEE,negative,massing,1,1,10,0.1
EEEE3,EEEE,negative,operation,3,1,10,0.3
EEEE3,EEEE,negative,safety,1,1,10,0.1
EEEE3,EEEE,negative,scale,2,1,10,0.2
EEEE3,EEEE,negative,structure,3,1,10,0.3
EEEE3,EEEE,negative,sustainability,3,1,10,0.3
EEEE3,EEEE,negative,urban integration,2,1,10,0.2
EEEE3,EEEE,negative,visibility,1,1,10,0.1
EEEE3,EEEE,positive,circulation,3,1,8,0.375
EEEE3,EEEE,positive,cost,1,1,8,0.125
EEEE3,EEEE,positive,expression,4,1,8,0.5
EEEE3,EEEE,positive,flexibility,1,1,8,0.125
EEEE3,EEEE,positive,functionality,2,1,8,0.25
EEEE3,EEEE,positive,identity,1,1,8,0.125
EEEE3,EEEE,positive,layout,1,1,8,0.125
EEEE3,EEEE,positive,massing,1,1,8,0.125
EEEE3,EEEE,positive,operation,1,1,8,0.125
EEEE3,EEEE,positive,structure,1,1,8,0.125
EEEE3,EEEE,positive,urban integration,3,1,8,0.375
EEEE3,EEEE,positive,visibility,1,1,8,0.125
EEEE4,EEEE,negative,circulation,1,1,10,0.1
EEEE4,EEEE,negative,cost,2,1,10,0.2
EEEE4,EEEE,negative,expression,2,1,10,0.2
EEEE4,EEEE,negative,facade,4,1,10,0.4
EEEE4,EEEE,negative,functionality,1,1,10,0.1
EEEE4,EEEE,negative,identity,1,1,10,0.1
EEEE4,EEEE,negative,layout,2,1,10,0.2
EEEE4,EEEE,negative,privacy,1,1,10,0.1
EEEE4,EEEE,negative,scale,1,1,10,0.1
EEEE4,EEEE,negative,structure,4,1,10,0.4
EEEE4,EEEE,negative,sustainability,2,1,10,0.2
EEEE4,EEEE,negative,urban integration,1,1,10,0.1
EEEE4,EEEE,negative,visibility,2,1,10,0.2
EEEE4,EEEE,positive,circulation,2,1,9,0.2222222222222222
EEEE4,EEEE,positive,cost,1,1,9,0.1111111111111111
EEEE4,EEEE,positive,daylight,1,1,9,0.1111111111111111
EEEE4,EEEE,positive,expression,2,1,9,0.2222222222222222
EEEE4,EEEE,positive,flexibility,2,1,9,0.2222222222222222
EEEE4,EEEE,positive,functionality,2,1,9,0.2222222222222222
EEEE4,EEEE,positive,identity,1,1,9,0.1111111111111111
EEEE4,EEEE,positive,layout,3,1,9,0.3333333333333333
EEEE4,EEEE,positive,massing,1,1,9,0.1111111111111111
EEEE4,EEEE,positive,operation,1,1,9,0.1111111111111111
EEEE4,EEEE,positive,privacy,1,1,9,0.1111111111111111
EEEE4,EEEE,positive,structure,2,1,9,0.2222222222222222
EEEE4,EEEE,positive,sustainability,1,1,9,0.1111111111111111
EEEE4,EEEE,positive,urban integration,2,1,9,0.2222222222222222
EEEE4,EEEE,positive,visibility,1,1,9,0.1111111111111111
EEEE5,EEEE,negative,acoustics,1,1,10,0.1
EEEE5,EEEE,negative,circulation,1,1,10,0.1
EEEE5,EEEE,negative,cost,1,1,10,0.1
EEEE5,EEEE,negative,daylight,1,1,10,0.1
EEEE5,EEEE,negative,expression,1,1,10,0.1
EEEE5,EEEE,negative,facade,1,1,10,0.1
EEEE5,EEEE,negative,fire safety,1,1,10,0.1
EEEE5,EEEE,negative,functionality,2,1,10,0.2
EEEE5,EEEE,negative,layout,2,1,10,0.2
EEEE5,EEEE,negative,open space,1,1,10,0.1
EEEE5,EEEE,negative,operation,1,1,10,0.1
EEEE5,EEEE,negative,scale,1,1,10,0.1
EEEE5,EEEE,negative,structure,2,1,10,0.2
EEEE5,EEEE,negative,urban integration,2,1,10,0.2
EEEE5,EEEE,negative,visibility,1,1,10,0.1
EEEE5,EEEE,positive,circulation,1,1,4,0.25
EEEE5,EEEE,positive,cost,1,1,4,0.25
EEEE5,EEEE,positive,functionality,1,1,4,0.25
EEEE5,EEEE,positive,layout,2,1,4,0.5
EEEE5,EEEE,positive,operation,1,1,4,0.25
EEEE5,EEEE,positive,structure,1,1,4,0.25
EEEE6,EEEE,negative,cost,1,1,9,0.1111111111111111
EEEE6,EEEE,negative,daylight,1,1,9,0.1111111111111111
EEEE6,EEEE,negative,expression,2,1,9,0.2222222222222222
EEEE6,EEEE,negative,facade,2,1,9,0.2222222222222222
EEEE6,EEEE,negative,flexibility,1,1,9,0.1111111111111111
EEEE6,EEEE,negative,functionality,1,1,9,0.1111111111111111
EEEE6,EEEE,negative,landscape,1,1,9,0.1111111111111111
EEEE6,EEEE,negative,massing,2,1,9,0.2222222222222222
EEEE6,EEEE,negative,open space,1,1,9,0.1111111111111111
EEEE6,EEEE,negative,operation,1,1,9,0.1111111111111111
EEEE6,EEEE,negative,structure,1,1,9,0.1111111111111111
EEEE6,EEEE,negative,sustainability,2,1,9,0.2222222222222222
EEEE6,EEEE,negative,urban integration,1,1,9,0.1111111111111111
EEEE6,EEEE,negative,visibility,1,1,9,0.1111111111111111
EEEE6,EEEE,positive,circulation,1,1,6,0.16666666666666666
EEEE6,EEEE,positive,cost,1,1,6,0.16666666666666666
EEEE6,EEEE,positive,daylight,2,1,6,0.3333333333333333
EEEE6,EEEE,positive,flexibility,1,1,6,0.16666666666666666
EEEE6,EEEE,positive,functionality,1,1,6,0.16666666666666666
EEEE6,EEEE,positive,layout,2,1,6,0.3333333333333333
EEEE6,EEEE,positive,massing,1,1,6,0.16666666666666666
EEEE6,EEEE,positive,privacy,1,1,6,0.16666666666666666
EEEE6,EEEE,positive,structure,2,1,6,0.3333333333333333
F1,F,negative,circulation,1,1,5,0.2
F1,F,negative,cost,1,1,5,0.2
F1,F,negative,expression,1,1,5,0.2
F1,F,negative,functionality,1,1,5,0.2
F1,F,negative,landscape,1,1,5,0.2
F1,F,negative,layout,1,1,5,0.2
F1,F,negative,scale,2,1,5,0.4
F1,F,negative,urban integration,2,1,5,0.4
F1,F,positive,daylight,2,1,6,0.3333333333333333
F1,F,positive,expression,1,1,6,0.16666666666666666
F1,F,positive,functionality,1,1,6,0.16666666666666666
F1,F,positive,layout,2,1,6,0.3333333333333333
F1,F,positive,massing,1,1,6,0.16666666666666666
F1,F,positive,open space,1,1,6,0.16666666666666666
F1,F,positive,structure,1,1,6,0.16666666666666666
F1,F,positive,sustainability,1,1,6,0.16666666666666666
F1,F,positive,urban integration,2,1,6,0.3333333333333333
F2,F,negative,accessibility,1,1,6,0.16666666666666666
F2,F,negative,circulation,2,1,6,0.3333333333333333
F2,F,negative,cost,1,1,6,0.16666666666666666
F2,F,negative,expression,1,1,6,0.16666666666666666
F2,F,negative,open space,1,1,6,0.16666666666666666
F2,F,negative,proportion,1,1,6,0.16666666666666666
F2,F,negative,structure,1,1,6,0.16666666666666666
F2,F,negative,sustainability,1,1,6,0.16666666666666666
F2,F,negative,urban integration,2,1,6,0.3333333333333333
F2,F,positive,circulation,2,1,7,0.2857142857142857
F2,F,positive,expression,1,1,7,0.14285714285714285
F2,F,positive,flexibility,2,1,7,0.2857142857142857
F2,F,positive,functionality,1,1,7,0.14285714285714285
F2,F,positive,identity,1,1,7,0.14285714285714285
F2,F,positive,layout,3,1,7,0.42857142857142855
F2,F,positive,massing,1,1,7,0.14285714285714285
F2,F,positive,open space,1,1,7,0.14285714285714285
F2,F,positive,operation,1,1,7,0.14285714285714285
F2,F,positive,structure,2,1,7,0.2857142857142857
F3,F,negative,cost,2,1,4,0.5
F3,F,negative,expression,1,1,4,0.25
F3,F,negative,identity,1,1,4,0.25
F3,F,negative,massing,2,1,4,0.5
F3,F,negative,sustainability,2,1,4,0.5
F3,F,positive,circulation,1,1,7,0.14285714285714285
F3,F,positive,functionality,3,1,7,0.42857142857142855
F3,F,positive,identity,1,1,7,0.14285714285714285
F3,F,positive,landscape,1,1,7,0.14285714285714285
F3,F,positive,layout,2,1,7,0.2857142857142857
F3,F,positive,massing,1,1,7,0.14285714285714285
F3,F,positive,open space,3,1,7,0.42857142857142855
F3,F,positive,urban integration,2,1,7,0.2857142857142857
F4,F,negative,circulation,1,1,5,0.2
F4,F,negative,expression,4,1,5,0.8
F4,F,negative,facade,1,1,5,0.2
F4,F,negative,flexibility,1,1,5,0.2
F4,F,negative,functionality,1,1,5,0.2
F4,F,negative,identity,1,1,5,0.2
F4,F,negative,layout,1,1,5,0.2
F4,F,negative,massing,2,1,5,0.4
F4,F,negative,urban integration,2,1,5,0.4
F4,F,positive,cost,1,1,6,0.16666666666666666
F4,F,positive,daylight,1,1,6,0.16666666666666666
F4,F,positive,functionality,2,1,6,0.3333333333333333
F4,F,positive,layout,2,1,6,0.3333333333333333
F4,F,positive,massing,2,1,6,0.3333333333333333
F4,F,positive,operation,1,1,6,0.16666666666666666
F4,F,positive,proportion,1,1,6,0.16666666666666666
F4,F,positive,scale,1,1,6,0.16666666666666666
F4,F,positive,sustainability,1,1,6,0.16666666666666666
F4,F,positive,urban integration,1,1,6,0.16666666666666666
F4,F,positive,visibility,1,1,6,0.16666666666666666
F5,F,negative,circulation,2,1,7,0.2857142857142857
F5,F,negative,expression,1,1,7,0.14285714285714285
F5,F,negative,facade,1,1,7,0.14285714285714285
F5,F,negative,functionality,3,1,7,0.42857142857142855
F5,F,negative,layout,4,1,7,0.5714285714285714
F5,F,negative,massing,1,1,7,0.14285714285714285
F5,F,negative,open space,1,1,7,0.14285714285714285
F5,F,negative,proportion,1,1,7,0.14285714285714285
F5,F,negative,sustainability,1,1,7,0.14285714285714285
F5,F,negative,urban integration,3,1,7,0.42857142857142855
F5,F,positive,circulation,2,1,5,0.4
F5,F,positive,cost,1,1,5,0.2
F5,F,positive,daylight,1,1,5,0.2
F5,F,positive,functionality,2,1,5,0.4
F5,F,positive,layout,2,1,5,0.4
F5,F,positive,massing,2,1,5,0.4
F5,F,positive,open space,2,1,5,0.4
F5,F,positive,scale,1,1,5,0.2
F5,F,positive,urban integration,1,1,5,0.2
FF1,FF,negative,daylight,1,1,4,0.25
FF1,FF,negative,facade,1,1,4,0.25
FF1,FF,negative,fire safety,1,1,4,0.25
FF1,FF,negative,layout,1,1,4,0.25
FF1,FF,negative,safety,1,1,4,0.25
FF1,FF,negative,structure,3,1,4,0.75
FF1,FF,negative,sustainability,1,1,4,0.25
FF1,FF,negative,ventilation,1,1,4,0.25
FF1,FF,positive,circulation,1,1,8,0.125
FF1,FF,positive,flexibility,1,1,8,0.125
FF1,FF,positive,functionality,2,1,8,0.25
FF1,FF,positive,landscape,2,1,8,0.25
FF1,FF,positive,layout,2,1,8,0.25
FF1,FF,positive,massing,1,1,8,0.125
FF1,FF,positive,open space,2,1,8,0.25
FF1,FF,positive,scale,1,1,8,0.125
FF1,FF,positive,structure,1,1,8,0.125
FF1,FF,positive,sustainability,1,1,8,0.125
FF1,FF,positive,topography,2,1,8,0.25
FF1,FF,positive,urban integration,2,1,8,0.25
FF1,FF,positive,visibility,1,1,8,0.125
FF2,FF,negative,circulation,1,1,7,0.14285714285714285
FF2,FF,negative,daylight,2,1,7,0.2857142857142857
FF2,FF,negative,expression,1,1,7,0.14285714285714285
FF2,FF,negative,facade,2,1,7,0.2857142857142857
FF2,FF,negative,functionality,2,1,7,0.2857142857142857
FF2,FF,negative,landscape,1,1,7,0.14285714285714285
FF2,FF,negative,layout,1,1,7,0.14285714285714285
FF2,FF,negative,open space,2,1,7,0.2857142857142857
FF2,FF,negative,sustainability,2,1,7,0.2857142857142857
FF2,FF,negative,topography,2,1,7,0.2857142857142857
FF2,FF,negative,urban integration,3,1,7,0.42857142857142855
FF2,FF,positive,circulation,1,1,6,0.16666666666666666
FF2,FF,positive,daylight,1,1,6,0.16666666666666666
FF2,FF,positive,flexibility,1,1,6,0.16666666666666666
FF2,FF,positive,layout,2,1,6,0.3333333333333333
FF2,FF,positive,massing,2,1,6,0.3333333333333333
FF2,FF,positive,open space,1,1,6,0.16666666666666666
FF2,FF,positive,scale,2,1,6,0.3333333333333333
FF2,FF,positive,structure,1,1,6,0.16666666666666666
FF2,FF,positive,urban integration,1,1,6,0.16666666666666666
FF3,FF,negative,circulation,2,1,6,0.3333333333333333
FF3,FF,negative,daylight,1,1,6,0.16666666666666666
FF3,FF,negative,expression,1,1,6,0.16666666666666666
FF3,FF,negative,facade,1,1,6,0.16666666666666666
FF3,FF,negative,fire safety,2,1,6,0.3333333333333333
FF3,FF,negative,functionality,1,1,6,0.16666666666666666
FF3,FF,negative,layout,1,1,6,0.16666666666666666
FF3,FF,negative,massing,1,1,6,0.16666666666666666
FF3,FF,negative,open space,3,1,6,0.5
FF3,FF,negative,proportion,1,1,6,0.16666666666666666
FF3,FF,negative,structure,2,1,6,0.3333333333333333
FF3,FF,negative,urban integration,1,1,6,0.16666666666666666
FF3,FF,positive,circulation,2,1,7,0.2857142857142857
FF3,FF,positive,daylight,1,1,7,0.14285714285714285
FF3,FF,positive,landscape,1,1,7,0.14285714285714285
FF3,FF,positive,layout,1,1,7,0.14285714285714285
FF3,FF,positive,massing,3,1,7,0.42857142857142855
FF3,FF,positive,open space,3,1,7,0.42857142857142855
FF3,FF,positive,scale,2,1,7,0.2857142857142857
FF3,FF,positive,structure,1,1,7,0.14285714285714285
FF3,FF,positive,sustainability,1,1,7,0.14285714285714285
FF3,FF,positive,urban integration,2,1,7,0.2857142857142857
FF3,FF,positive,visibility,1,1,7,0.14285714285714285
FF4,FF,negative,accessibility,1,1,8,0.125
FF4,FF,negative,circulation,3,1,8,0.375
FF4,FF,negative,daylight,1,1,8,0.125
FF4,FF,negative,expression,1,1,8,0.125
FF4,FF,negative,fire safety,1,1,8,0.125
FF4,FF,negative,landscape,2,1,8,0.25
FF4,FF,negative,layout,1,1,8,0.125
FF4,FF,negative,massing,1,1,8,0.125
FF4,FF,negative,open space,3,1,8,0.375
FF4,FF,negative,sustainability,1,1,8,0.125
FF4,FF,negative,topography,2,1,8,0.25
FF4,FF,negative,urban integration,1,1,8,0.125
FF4,FF,negative,visibility,1,1,8,0.125
FF4,FF,positive,cost,1,1,5,0.2
FF4,FF,positive,expression,1,1,5,0.2
FF4,FF,positive,functionality,1,1,5,0.2
FF4,FF,positive,identity,1,1,5,0.2
FF4,FF,positive,massing,3,1,5,0.6
FF4,FF,positive,open space,1,1,5,0.2
FF4,FF,positive,structure,1,1,5,0.2
FF4,FF,positive,sustainability,1,1,5,0.2
FF4,FF,positive,urban integration,2,1,5,0.4
FFF1,FFF,negative,circulation,1,1,10,0.1
FFF1,FFF,negative,daylight,2,1,10,0.2
FFF1,FFF,negative,expression,2,1,10,0.2
FFF1,FFF,negative,facade,1,1,10,0.1
FFF1,FFF,negative,flexibility,1,1,10,0.1
FFF1,FFF,negative,functionality,2,1,10,0.2
FFF1,FFF,negative,landscape,1,1,10,0.1
FFF1,FFF,negative,layout,4,1,10,0.4
FFF1,FFF,negative,massing,2,1,10,0.2
FFF1,FFF,negative,open space,1,1,10,0.1
FFF1,FFF,negative,operation,1,1,10,0.1
FFF1,FFF,negative,proportion,1,1,10,0.1
FFF1,FFF,negative,scale,1,1,10,0.1
FFF1,FFF,negative,sustainability,2,1,10,0.2
FFF1,FFF,positive,cost,1,1,7,0.14285714285714285
FFF1,FFF,positive,daylight,1,1,7,0.14285714285714285
FFF1,FFF,positive,expression,2,1,7,0.2857142857142857
FFF1,FFF,positive,flexibility,1,1,7,0.14285714285714285
FFF1,FFF,positive,functionality,1,1,7,0.14285714285714285
FFF1,FFF,positive,landscape,1,1,7,0.14285714285714285
FFF1,FFF,positive,massing,1,1,7,0.14285714285714285
FFF1,FFF,positive,open space,1,1,7,0.14285714285714285
FFF1,FFF,positive,structure,1,1,7,0.14285714285714285
FFF1,FFF,positive,urban integration,4,1,7,0.5714285714285714
FFF1,FFF,positive,ventilation,1,1,7,0.14285714285714285
FFF2,FFF,negative,acoustics,1,1,12,0.08333333333333333
FFF2,FFF,negative,circulation,1,1,12,0.08333333333333333
FFF2,FFF,negative,cost,2,1,12,0.16666666666666666
FFF2,FFF,negative,daylight,1,1,12,0.08333333333333333
FFF2,FFF,negative,expression,1,1,12,0.08333333333333333
FFF2,FFF,negative,facade,2,1,12,0.16666666666666666
FFF2,FFF,negative,fire safety,1,1,12,0.08333333333333333
FFF2,FFF,negative,flexibility,1,1,12,0.08333333333333333
FFF2,FFF,negative,functionality,4,1,12,0.3333333333333333
FFF2,FFF,negative,identity,1,1,12,0.08333333333333333
FFF2,FFF,negative,landscape,1,1,12,0.08333333333333333
FFF2,FFF,negative,layout,4,1,12,0.3333333333333333
FFF2,FFF,negative,massing,1,1,12,0.08333333333333333
FFF2,FFF,negative,open space,2,1,12,0.16666666666666666
FFF2,FFF,negative,operation,1,1,12,0.08333333333333333
FFF2,FFF,negative,sustainability,2,1,12,0.16666666666666666
FFF2,FFF,positive,circulation,1,1,7,0.14285714285714285
FFF2,FFF,positive,cost,1,1,7,0.14285714285714285
FFF2,FFF,positive,expression,1,1,7,0.14285714285714285
FFF2,FFF,positive,functionality,2,1,7,0.2857142857142857
FFF2,FFF,positive,identity,1,1,7,0.14285714285714285
FFF2,FFF,positive,landscape,1,1,7,0.14285714285714285
FFF2,FFF,positive,layout,3,1,7,0.42857142857142855
FFF2,FFF,positive,massing,1,1,7,0.14285714285714285
FFF2,FFF,positive,open space,2,1,7,0.2857142857142857
FFF2,FFF,positive,proportion,1,1,7,0.14285714285714285
FFF2,FFF,positive,sustainability,1,1,7,0.14285714285714285
FFF2,FFF,positive,urban integration,1,1,7,0.14285714285714285
FFF3,FFF,negative,accessibility,1,1,6,0.16666666666666666
FFF3,FFF,negative,circulation,2,1,6,0.3333333333333333
FFF3,FFF,negative,expression,1,1,6,0.16666666666666666
FFF3,FFF,negative,fire safety,1,1,6,0.16666666666666666
FFF3,FFF,negative,flexibility,1,1,6,0.16666666666666666
FFF3,FFF,negative,identity,1,1,6,0.16666666666666666
FFF3,FFF,negative,layout,2,1,6,0.3333333333333333
FFF3,FFF,negative,open space,1,1,6,0.16666666666666666
FFF3,FFF,negative,sustainability,1,1,6,0.16666666666666666
FFF3,FFF,negative,topography,1,1,6,0.16666666666666666
FFF3,FFF,negative,urban integration,1,1,6,0.16666666666666666
FFF3,FFF,positive,cost,1,1,10,0.1
FFF3,FFF,positive,daylight,1,1,10,0.1
FFF3,FFF,positive,flexibility,1,1,10,0.1
FFF3,FFF,positive,functionality,1,1,10,0.1
FFF3,FFF,positive,identity,1,1,10,0.1
FFF3,FFF,positive,landscape,1,1,10,0.1
FFF3,FFF,positive,layout,3,1,10,0.3
FFF3,FFF,positive,massing,2,1,10,0.2
FFF3,FFF,positive,open space,1,1,10,0.1
FFF3,FFF,positive,scale,1,1,10,0.1
FFF3,FFF,positive,sustainability,2,1,10,0.2
FFF3,FFF,positive,urban integration,4,1,10,0.4
FFF4,FFF,negative,circulation,2,1,10,0.2
FFF4,FFF,negative,cost,2,1,10,0.2
FFF4,FFF,negative,daylight,1,1,10,0.1
FFF4,FFF,negative,expression,1,1,10,0.1
FFF4,FFF,negative,facade,1,1,10,0.1
FFF4,FFF,negative,functionality,2,1,10,0.2
FFF4,FFF,negative,identity,1,1,10,0.1
FFF4,FFF,negative,landscape,1,1,10,0.1
FFF4,FFF,negative,massing,1,1,10,0.1
FFF4,FFF,negative,scale,1,1,10,0.1
FFF4,FFF,negative,structure,1,1,10,0.1
FFF4,FFF,negative,sustainability,2,1,10,0.2
FFF4,FFF,negative,urban integration,4,1,10,0.4
FFF4,FFF,positive,circulation,3,1,7,0.42857142857142855
FFF4,FFF,positive,flexibility,2,1,7,0.2857142857142857
FFF4,FFF,positive,functionality,3,1,7,0.42857142857142855
FFF4,FFF,positive,layout,3,1,7,0.42857142857142855
FFF4,FFF,positive,massing,1,1,7,0.14285714285714285
FFF4,FFF,positive,open space,1,1,7,0.14285714285714285
FFF4,FFF,positive,operation,1,1,7,0.14285714285714285
FFF4,FFF,positive,topography,1,1,7,0.14285714285714285
FFF4,FFF,positive,urban integration,1,1,7,0.14285714285714285
FFF5,FFF,negative,circulation,3,1,5,0.6
FFF5,FFF,negative,cost,1,1,5,0.2
FFF5,FFF,negative,flexibility,2,1,5,0.4
FFF5,FFF,negative,landscape,1,1,5,0.2
FFF5,FFF,negative,layout,1,1,5,0.2
FFF5,FFF,negative,operation,2,1,5,0.4
FFF5,FFF,negative,sustainability,1,1,5,0.2
FFF5,FFF,negative,urban integration,1,1,5,0.2
FFF5,FFF,positive,circulation,1,1,5,0.2
FFF5,FFF,positive,expression,1,1,5,0.2
FFF5,FFF,positive,facade,1,1,5,0.2
FFF5,FFF,positive,functionality,1,1,5,0.2
FFF5,FFF,positive,identity,1,1,5,0.2
FFF5,FFF,positive,landscape,1,1,5,0.2
FFF5,FFF,positive,massing,2,1,5,0.4
FFF5,FFF,positive,open space,3,1,5,0.6
FFF5,FFF,positive,structure,1,1,5,0.2
FFF5,FFF,positive,urban integration,3,1,5,0.6
FFF6,FFF,negative,acoustics,1,1,9,0.1111111111111111
FFF6,FFF,negative,circulation,2,1,9,0.2222222222222222
FFF6,FFF,negative,daylight,1,1,9,0.1111111111111111
FFF6,FFF,negative,expression,2,1,9,0.2222222222222222
FFF6,FFF,negative,facade,2,1,9,0.2222222222222222
FFF6,FFF,negative,flexibility,1,1,9,0.1111111111111111
FFF6,FFF,negative,functionality,1,1,9,0.1111111111111111
FFF6,FFF,negative,identity,2,1,9,0.2222222222222222
FFF6,FFF,negative,layout,2,1,9,0.2222222222222222
FFF6,FFF,negative,massing,1,1,9,0.1111111111111111
FFF6,FFF,negative,open space,2,1,9,0.2222222222222222
FFF6,FFF,negative,operation,1,1,9,0.1111111111111111
FFF6,FFF,negative,sustainability,1,1,9,0.1111111111111111
FFF6,FFF,negative,topography,2,1,9,0.2222222222222222
FFF6,FFF,negative,urban integration,1,1,9,0.1111111111111111
FFF6,FFF,negative,visibility,1,1,9,0.1111111111111111
FFF6,FFF,positive,cost,1,1,5,0.2
FFF6,FFF,positive,daylight,1,1,5,0.2
FFF6,FFF,positive,expression,1,1,5,0.2
FFF6,FFF,positive,flexibility,1,1,5,0.2
FFF6,FFF,positive,identity,1,1,5,0.2
FFF6,FFF,positive,layout,1,1,5,0.2
FFF6,FFF,positive,massing,2,1,5,0.4
FFF6,FFF,positive,proportion,1,1,5,0.2
FFF6,FFF,positive,scale,1,1,5,0.2
FFF6,FFF,positive,urban integration,2,1,5,0.4
FFF7,FFF,negative,acoustics,1,1,4,0.25
FFF7,FFF,negative,daylight,1,1,4,0.25
FFF7,FFF,negative,expression,1,1,4,0.25
FFF7,FFF,negative,facade,1,1,4,0.25
FFF7,FFF,negative,functionality,1,1,4,0.25
FFF7,FFF,negative,identity,1,1,4,0.25
FFF7,FFF,negative,layout,2,1,4,0.5
FFF7,FFF,negative,scale,1,1,4,0.25
FFF7,FFF,negative,ventilation,1,1,4,0.25
FFF7,FFF,positive,circulation,1,1,7,0.14285714285714285
FFF7,FFF,positive,cost,1,1,7,0.14285714285714285
FFF7,FFF,positive,flexibility,1,1,7,0.14285714285714285
FFF7,FFF,positive,landscape,1,1,7,0.14285714285714285
FFF7,FFF,positive,layout,2,1,7,0.2857142857142857
FFF7,FFF,positive,massing,3,1,7,0.42857142857142855
FFF7,FFF,positive,open space,2,1,7,0.2857142857142857
FFF7,FFF,positive,proportion,1,1,7,0.14285714285714285
FFF7,FFF,positive,scale,1,1,7,0.14285714285714285
FFF7,FFF,positive,sustainability,1,1,7,0.14285714285714285
FFF7,FFF,positive,urban integration,3,1,7,0.42857142857142855
FFF8,FFF,negative,circulation,1,1,7,0.14285714285714285
FFF8,FFF,negative,cost,1,1,7,0.14285714285714285
FFF8,FFF,negative,expression,1,1,7,0.14285714285714285
FFF8,FFF,negative,facade,1,1,7,0.14285714285714285
FFF8,FFF,negative,flexibility,1,1,7,0.14285714285714285
FFF8,FFF,negative,functionality,3,1,7,0.42857142857142855
FFF8,FFF,negative,landscape,1,1,7,0.14285714285714285
FFF8,FFF,negative,layout,2,1,7,0.2857142857142857
FFF8,FFF,negative,massing,1,1,7,0.14285714285714285
FFF8,FFF,negative,open space,1,1,7,0.14285714285714285
FFF8,FFF,negative,operation,1,1,7,0.14285714285714285
FFF8,FFF,negative,sustainability,1,1,7,0.14285714285714285
FFF8,FFF,positive,circulation,2,1,7,0.2857142857142857
FFF8,FFF,positive,expression,1,1,7,0.14285714285714285
FFF8,FFF,positive,landscape,1,1,7,0.14285714285714285
FFF8,FFF,positive,layout,1,1,7,0.14285714285714285
FFF8,FFF,positive,massing,2,1,7,0.2857142857142857
FFF8,FFF,positive,open space,2,1,7,0.2857142857142857
FFF8,FFF,positive,proportion,1,1,7,0.14285714285714285
FFF8,FFF,positive,scale,1,1,7,0.14285714285714285
FFF8,FFF,positive,sustainability,1,1,7,0.14285714285714285
FFF8,FFF,positive,topography,1,1,7,0.14285714285714285
FFF8,FFF,positive,urban integration,4,1,7,0.5714285714285714
FFFF1,FFFF,negative,cost,1,1,2,0.5
FFFF1,FFFF,negative,flexibility,1,1,2,0.5
FFFF1,FFFF,negative,massing,2,1,2,1.0
FFFF1,FFFF,positive,circulation,1,1,7,0.14285714285714285
FFFF1,FFFF,positive,cost,2,1,7,0.2857142857142857
FFFF1,FFFF,positive,expression,1,1,7,0.14285714285714285
FFFF1,FFFF,positive,functionality,1,1,7,0.14285714285714285
FFFF1,FFFF,positive,identity,1,1,7,0.14285714285714285
FFFF1,FFFF,positive,landscape,1,1,7,0.14285714285714285
FFFF1,FFFF,positive,layout,3,1,7,0.42857142857142855
FFFF1,FFFF,positive,massing,2,1,7,0.2857142857142857
FFFF1,FFFF,positive,open space,3,1,7,0.42857142857142855
FFFF1,FFFF,positive,privacy,1,1,7,0.14285714285714285
FFFF1,FFFF,positive,proportion,1,1,7,0.14285714285714285
FFFF1,FFFF,positive,structure,1,1,7,0.14285714285714285
FFFF1,FFFF,positive,sustainability,1,1,7,0.14285714285714285
FFFF1,FFFF,positive,urban integration,1,1,7,0.14285714285714285
FFFF2,FFFF,negative,circulation,2,1,6,0.3333333333333333
FFFF2,FFFF,negative,functionality,3,1,6,0.5
FFFF2,FFFF,negative,layout,4,1,6,0.6666666666666666
FFFF2,FFFF,negative,massing,1,1,6,0.16666666666666666
FFFF2,FFFF,negative,structure,1,1,6,0.16666666666666666
FFFF2,FFFF,negative,topography,1,1,6,0.16666666666666666
FFFF2,FFFF,negative,urban integration,1,1,6,0.16666666666666666
FFFF2,FFFF,negative,visibility,1,1,6,0.16666666666666666
FFFF2,FFFF,positive,circulation,1,1,6,0.16666666666666666
FFFF2,FFFF,positive,expression,1,1,6,0.16666666666666666
FFFF2,FFFF,positive,facade,1,1,6,0.16666666666666666
FFFF2,FFFF,positive,functionality,3,1,6,0.5
FFFF2,FFFF,positive,landscape,2,1,6,0.3333333333333333
FFFF2,FFFF,positive,layout,1,1,6,0.16666666666666666
FFFF2,FFFF,positive,open space,2,1,6,0.3333333333333333
FFFF2,FFFF,positive,structure,2,1,6,0.3333333333333333
FFFF2,FFFF,positive,urban integration,1,1,6,0.16666666666666666
FFFF2,FFFF,positive,visibility,1,1,6,0.16666666666666666
FFFF3,FFFF,negative,circulation,1,1,5,0.2
FFFF3,FFFF,negative,cost,1,1,5,0.2
FFFF3,FFFF,negative,daylight,1,1,5,0.2
FFFF3,FFFF,negative,expression,1,1,5,0.2
FFFF3,FFFF,negative,functionality,3,1,5,0.6
FFFF3,FFFF,negative,landscape,1,1,5,0.2
FFFF3,FFFF,negative,layout,1,1,5,0.2
FFFF3,FFFF,negative,massing,1,1,5,0.2
FFFF3,FFFF,negative,open space,1,1,5,0.2
FFFF3,FFFF,negative,urban integration,1,1,5,0.2
FFFF3,FFFF,negative,visibility,1,1,5,0.2
FFFF3,FFFF,positive,circulation,1,1,6,0.16666666666666666
FFFF3,FFFF,positive,cost,2,1,6,0.3333333333333333
FFFF3,FFFF,positive,daylight,1,1,6,0.16666666666666666
FFFF3,FFFF,positive,expression,1,1,6,0.16666666666666666
FFFF3,FFFF,positive,layout,4,1,6,0.6666666666666666
FFFF3,FFFF,positive,massing,2,1,6,0.3333333333333333
FFFF3,FFFF,positive,open space,1,1,6,0.16666666666666666
FFFF3,FFFF,positive,urban integration,1,1,6,0.16666666666666666
FFFF4,FFFF,negative,circulation,2,1,6,0.3333333333333333
FFFF4,FFFF,negative,cost,1,1,6,0.16666666666666666
FFFF4,FFFF,negative,expression,2,1,6,0.3333333333333333
FFFF4,FFFF,negative,facade,2,1,6,0.3333333333333333
FFFF4,FFFF,negative,functionality,1,1,6,0.16666666666666666
FFFF4,FFFF,negative,layout,1,1,6,0.16666666666666666
FFFF4,FFFF,negative,massing,1,1,6,0.16666666666666666
FFFF4,FFFF,negative,proportion,1,1,6,0.16666666666666666
FFFF4,FFFF,negative,scale,1,1,6,0.16666666666666666
FFFF4,FFFF,negative,structure,1,1,6,0.16666666666666666
FFFF4,FFFF,negative,sustainability,1,1,6,0.16666666666666666
FFFF4,FFFF,negative,urban integration,1,1,6,0.16666666666666666
FFFF4,FFFF,positive,cost,1,1,7,0.14285714285714285
FFFF4,FFFF,positive,daylight,1,1,7,0.14285714285714285
FFFF4,FFFF,positive,expression,1,1,7,0.14285714285714285
FFFF4,FFFF,positive,facade,1,1,7,0.14285714285714285
FFFF4,FFFF,positive,functionality,2,1,7,0.2857142857142857
FFFF4,FFFF,positive,landscape,1,1,7,0.14285714285714285
FFFF4,FFFF,positive,layout,2,1,7,0.2857142857142857
FFFF4,FFFF,positive,massing,2,1,7,0.2857142857142857
FFFF4,FFFF,positive,open space,2,1,7,0.2857142857142857
FFFF4,FFFF,positive,urban integration,2,1,7,0.2857142857142857
FFFF5,FFFF,negative,circulation,3,1,7,0.42857142857142855
FFFF5,FFFF,negative,cost,1,1,7,0.14285714285714285
FFFF5,FFFF,negative,expression,1,1,7,0.14285714285714285
FFFF5,FFFF,negative,functionality,1,1,7,0.14285714285714285
FFFF5,FFFF,negative,landscape,1,1,7,0.14285714285714285
FFFF5,FFFF,negative,layout,3,1,7,0.42857142857142855
FFFF5,FFFF,negative,massing,1,1,7,0.14285714285714285
FFFF5,FFFF,negative,open space,1,1,7,0.14285714285714285
FFFF5,FFFF,negative,privacy,1,1,7,0.14285714285714285
FFFF5,FFFF,negative,proportion,2,1,7,0.2857142857142857
FFFF5,FFFF,positive,circulation,1,1,4,0.25
FFFF5,FFFF,positive,daylight,1,1,4,0.25
FFFF5,FFFF,positive,expression,1,1,4,0.25
FFFF5,FFFF,positive,facade,2,1,4,0.5
FFFF5,FFFF,positive,layout,2,1,4,0.5
FFFF5,FFFF,positive,proportion,1,1,4,0.25
FFFF5,FFFF,positive,structure,1,1,4,0.25
FFFF6,FFFF,negative,daylight,1,1,3,0.3333333333333333
FFFF6,FFFF,negative,expression,1,1,3,0.3333333333333333
FFFF6,FFFF,negative,massing,1,1,3,0.3333333333333333
FFFF6,FFFF,negative,open space,1,1,3,0.3333333333333333
FFFF6,FFFF,negative,topography,1,1,3,0.3333333333333333
FFFF6,FFFF,negative,urban integration,2,1,3,0.6666666666666666
FFFF6,FFFF,negative,visibility,1,1,3,0.3333333333333333
FFFF6,FFFF,positive,circulation,1,1,6,0.16666666666666666
FFFF6,FFFF,positive,cost,1,1,6,0.16666666666666666
FFFF6,FFFF,positive,daylight,1,1,6,0.16666666666666666
FFFF6,FFFF,positive,functionality,1,1,6,0.16666666666666666
FFFF6,FFFF,positive,landscape,1,1,6,0.16666666666666666
FFFF6,FFFF,positive,layout,2,1,6,0.3333333333333333
FFFF6,FFFF,positive,massing,2,1,6,0.3333333333333333
FFFF6,FFFF,positive,open space,1,1,6,0.16666666666666666
FFFF6,FFFF,positive,scale,1,1,6,0.16666666666666666
FFFF6,FFFF,positive,visibility,1,1,6,0.16666666666666666
FFFF7,FFFF,negative,cost,1,1,5,0.2
FFFF7,FFFF,negative,expression,1,1,5,0.2
FFFF7,FFFF,negative,facade,1,1,5,0.2
FFFF7,FFFF,negative,identity,1,1,5,0.2
FFFF7,FFFF,negative,landscape,1,1,5,0.2
FFFF7,FFFF,negative,massing,2,1,5,0.4
FFFF7,FFFF,negative,open space,1,1,5,0.2
FFFF7,FFFF,negative,proportion,1,1,5,0.2
FFFF7,FFFF,negative,scale,1,1,5,0.2
FFFF7,FFFF,negative,urban integration,2,1,5,0.4
FFFF7,FFFF,negative,visibility,1,1,5,0.2
FFFF7,FFFF,positive,circulation,1,1,3,0.3333333333333333
FFFF7,FFFF,positive,functionality,2,1,3,0.6666666666666666
FFFF7,FFFF,positive,layout,1,1,3,0.3333333333333333
FFFF7,FFFF,positive,massing,1,1,3,0.3333333333333333
FFFF7,FFFF,positive,operation,1,1,3,0.3333333333333333
FFFF8,FFFF,negative,circulation,2,1,10,0.2
FFFF8,FFFF,negative,cost,2,1,10,0.2
FFFF8,FFFF,negative,flexibility,1,1,10,0.1
FFFF8,FFFF,negative,functionality,3,1,10,0.3
FFFF8,FFFF,negative,identity,1,1,10,0.1
FFFF8,FFFF,negative,layout,1,1,10,0.1
FFFF8,FFFF,negative,massing,3,1,10,0.3
FFFF8,FFFF,negative,open space,1,1,10,0.1
FFFF8,FFFF,negative,operation,3,1,10,0.3
FFFF8,FFFF,negative,privacy,1,1,10,0.1
FFFF8,FFFF,negative,safety,1,1,10,0.1
FFFF8,FFFF,negative,scale,2,1,10,0.2
FFFF8,FFFF,negative,urban integration,4,1,10,0.4
FFFF8,FFFF,positive,massing,1,1,1,1.0
FFFF8,FFFF,positive,urban integration,1,1,1,1.0
G1,G,negative,accessibility,1,1,3,0.3333333333333333
G1,G,negative,circulation,1,1,3,0.3333333333333333
G1,G,negative,cost,1,1,3,0.3333333333333333
G1,G,negative,massing,1,1,3,0.3333333333333333
G1,G,negative,sustainability,1,1,3,0.3333333333333333
G1,G,positive,circulation,1,1,10,0.1
G1,G,positive,cost,1,1,10,0.1
G1,G,positive,daylight,1,1,10,0.1
G1,G,positive,expression,1,1,10,0.1
G1,G,positive,flexibility,1,1,10,0.1
G1,G,positive,functionality,2,1,10,0.2
G1,G,positive,identity,2,1,10,0.2
G1,G,positive,landscape,1,1,10,0.1
G1,G,positive,layout,3,1,10,0.3
G1,G,positive,massing,1,1,10,0.1
G1,G,positive,open space,1,1,10,0.1
G1,G,positive,proportion,1,1,10,0.1
G1,G,positive,topography,1,1,10,0.1
G1,G,positive,urban integration,2,1,10,0.2
G1,G,positive,visibility,1,1,10,0.1
G2,G,negative,accessibility,1,1,8,0.125
G2,G,negative,circulation,3,1,8,0.375
G2,G,negative,daylight,1,1,8,0.125
G2,G,negative,expression,1,1,8,0.125
G2,G,negative,facade,1,1,8,0.125
G2,G,negative,functionality,1,1,8,0.125
G2,G,negative,layout,1,1,8,0.125
G2,G,negative,massing,3,1,8,0.375
G2,G,negative,sustainability,1,1,8,0.125
G2,G,negative,urban integration,3,1,8,0.375
G2,G,positive,circulation,2,1,7,0.2857142857142857
G2,G,positive,cost,1,1,7,0.14285714285714285
G2,G,positive,daylight,1,1,7,0.14285714285714285
G2,G,positive,functionality,1,1,7,0.14285714285714285
G2,G,positive,landscape,2,1,7,0.2857142857142857
G2,G,positive,layout,2,1,7,0.2857142857142857
G2,G,positive,open space,2,1,7,0.2857142857142857
G2,G,positive,structure,1,1,7,0.14285714285714285
G2,G,positive,urban integration,3,1,7,0.42857142857142855
G3,G,negative,accessibility,1,1,8,0.125
G3,G,negative,circulation,2,1,8,0.25
G3,G,negative,fire safety,2,1,8,0.25
G3,G,negative,landscape,2,1,8,0.25
G3,G,negative,layout,1,1,8,0.125
G3,G,negative,open space,1,1,8,0.125
G3,G,negative,proportion,1,1,8,0.125
G3,G,negative,scale,1,1,8,0.125
G3,G,negative,structure,2,1,8,0.25
G3,G,negative,sustainability,1,1,8,0.125
G3,G,negative,topography,1,1,8,0.125
G3,G,negative,urban integration,2,1,8,0.25
G3,G,positive,circulation,1,1,8,0.125
G3,G,positive,expression,3,1,8,0.375
G3,G,positive,facade,1,1,8,0.125
G3,G,positive,functionality,2,1,8,0.25
G3,G,positive,identity,3,1,8,0.375
G3,G,positive,layout,3,1,8,0.375
G3,G,positive,massing,1,1,8,0.125
G3,G,positive,sustainability,1,1,8,0.125
G3,G,positive,urban integration,1,1,8,0.125
G4,G,negative,circulation,2,1,7,0.2857142857142857
G4,G,negative,cost,1,1,7,0.14285714285714285
G4,G,negative,daylight,1,1,7,0.14285714285714285
G4,G,negative,facade,2,1,7,0.2857142857142857
G4,G,negative,identity,1,1,7,0.14285714285714285
G4,G,negative,layout,2,1,7,0.2857142857142857
G4,G,negative,massing,1,1,7,0.14285714285714285
G4,G,negative,scale,1,1,7,0.14285714285714285
G4,G,negative,sustainability,1,1,7,0.14285714285714285
G4,G,negative,topography,2,1,7,0.2857142857142857
G4,G,positive,circulation,2,1,3,0.6666666666666666
G4,G,positive,massing,1,1,3,0.3333333333333333
G4,G,positive,open space,1,1,3,0.3333333333333333
G4,G,positive,topography,1,1,3,0.3333333333333333
G4,G,positive,urban integration,2,1,3,0.6666666666666666
G5,G,negative,circulation,2,1,8,0.25
G5,G,negative,cost,3,1,8,0.375
G5,G,negative,functionality,2,1,8,0.25
G5,G,negative,identity,1,1,8,0.125
G5,G,negative,landscape,1,1,8,0.125
G5,G,negative,layout,2,1,8,0.25
G5,G,negative,massing,1,1,8,0.125
G5,G,negative,open space,1,1,8,0.125
G5,G,negative,operation,1,1,8,0.125
G5,G,negative,scale,1,1,8,0.125
G5,G,negative,structure,1,1,8,0.125
G5,G,negative,sustainability,1,1,8,0.125
G5,G,negative,topography,1,1,8,0.125
G5,G,negative,urban integration,1,1,8,0.125
G5,G,positive,expression,1,1,5,0.2
G5,G,positive,facade,1,1,5,0.2
G5,G,positive,functionality,2,1,5,0.4
G5,G,positive,layout,1,1,5,0.2
G5,G,positive,massing,2,1,5,0.4
G5,G,positive,structure,1,1,5,0.2
G5,G,positive,urban integration,2,1,5,0.4
G6,G,negative,circulation,1,1,7,0.14285714285714285
G6,G,negative,cost,1,1,7,0.14285714285714285
G6,G,negative,daylight,1,1,7,0.14285714285714285
G6,G,negative,expression,2,1,7,0.2857142857142857
G6,G,negative,facade,2,1,7,0.2857142857142857
G6,G,negative,fire safety,1,1,7,0.14285714285714285
G6,G,negative,landscape,1,1,7,0.14285714285714285
G6,G,negative,layout,1,1,7,0.14285714285714285
G6,G,negative,open space,1,1,7,0.14285714285714285
G6,G,negative,structure,1,1,7,0.14285714285714285
G6,G,negative,sustainability,1,1,7,0.14285714285714285
G6,G,negative,topography,2,1,7,0.2857142857142857
G6,G,positive,circulation,2,1,8,0.25
G6,G,positive,daylight,2,1,8,0.25
G6,G,positive,flexibility,1,1,8,0.125
G6,G,positive,functionality,2,1,8,0.25
G6,G,positive,layout,2,1,8,0.25
G6,G,positive,massing,1,1,8,0.125
G6,G,positive,open space,2,1,8,0.25
G6,G,positive,proportion,1,1,8,0.125
G6,G,positive,scale,1,1,8,0.125
G6,G,positive,topography,2,1,8,0.25
G6,G,positive,urban integration,2,1,8,0.25
G7,G,negative,circulation,2,1,9,0.2222222222222222
G7,G,negative,cost,1,1,9,0.1111111111111111
G7,G,negative,expression,3,1,9,0.3333333333333333
G7,G,negative,facade,1,1,9,0.1111111111111111
G7,G,negative,functionality,3,1,9,0.3333333333333333
G7,G,negative,identity,1,1,9,0.1111111111111111
G7,G,negative,layout,5,1,9,0.5555555555555556
G7,G,negative,massing,2,1,9,0.2222222222222222
G7,G,negative,operation,2,1,9,0.2222222222222222
G7,G,negative,scale,1,1,9,0.1111111111111111
G7,G,negative,structure,1,1,9,0.1111111111111111
G7,G,negative,visibility,1,1,9,0.1111111111111111
G7,G,positive,circulation,2,1,4,0.5
G7,G,positive,functionality,1,1,4,0.25
G7,G,positive,landscape,1,1,4,0.25
G7,G,positive,layout,2,1,4,0.5
G7,G,positive,open space,1,1,4,0.25
G7,G,positive,urban integration,1,1,4,0.25
G7,G,positive,visibility,1,1,4,0.25
G8,G,negative,circulation,2,1,9,0.2222222222222222
G8,G,negative,cost,1,1,9,0.1111111111111111
G8,G,negative,daylight,1,1,9,0.1111111111111111
G8,G,negative,expression,3,1,9,0.3333333333333333
G8,G,negative,facade,2,1,9,0.2222222222222222
G8,G,negative,fire safety,1,1,9,0.1111111111111111
G8,G,negative,functionality,1,1,9,0.1111111111111111
G8,G,negative,layout,2,1,9,0.2222222222222222
G8,G,negative,massing,3,1,9,0.3333333333333333
G8,G,negative,proportion,2,1,9,0.2222222222222222
G8,G,negative,scale,1,1,9,0.1111111111111111
G8,G,negative,structure,1,1,9,0.1111111111111111
G8,G,negative,sustainability,2,1,9,0.2222222222222222
G8,G,negative,visibility,1,1,9,0.1111111111111111
G8,G,positive,accessibility,1,1,6,0.16666666666666666
G8,G,positive,circulation,1,1,6,0.16666666666666666
G8,G,positive,daylight,1,1,6,0.16666666666666666
G8,G,positive,expression,1,1,6,0.16666666666666666
G8,G,positive,functionality,1,1,6,0.16666666666666666
G8,G,positive,landscape,1,1,6,0.16666666666666666
G8,G,positive,layout,2,1,6,0.3333333333333333
G8,G,positive,massing,2,1,6,0.3333333333333333
G8,G,positive,open space,1,1,6,0.16666666666666666
G8,G,positive,topography,1,1,6,0.16666666666666666
G8,G,positive,urban integration,2,1,6,0.3333333333333333
GG1,GG,negative,accessibility,1,1,6,0.16666666666666666
GG1,GG,negative,cost,1,1,6,0.16666666666666666
GG1,GG,negative,daylight,1,1,6,0.16666666666666666
GG1,GG,negative,facade,1,1,6,0.16666666666666666
GG1,GG,negative,functionality,2,1,6,0.3333333333333333
GG1,GG,negative,layout,1,1,6,0.16666666666666666
GG1,GG,negative,operation,3,1,6,0.5
GG1,GG,negative,privacy,1,1,6,0.16666666666666666
GG1,GG,negative,safety,1,1,6,0.16666666666666666
GG1,GG,negative,structure,1,1,6,0.16666666666666666
GG1,GG,negative,ventilation,1,1,6,0.16666666666666666
GG1,GG,negative,visibility,1,1,6,0.16666666666666666
GG1,GG,positive,circulation,1,1,3,0.3333333333333333
GG1,GG,positive,flexibility,2,1,3,0.6666666666666666
GG1,GG,positive,functionality,1,1,3,0.3333333333333333
GG1,GG,positive,layout,2,1,3,0.6666666666666666
GG1,GG,positive,massing,2,1,3,0.6666666666666666
GG1,GG,positive,urban integration,1,1,3,0.3333333333333333
GG2,GG,negative,daylight,1,1,3,0.3333333333333333
GG2,GG,negative,facade,1,1,3,0.3333333333333333
GG2,GG,negative,flexibility,1,1,3,0.3333333333333333
GG2,GG,negative,functionality,1,1,3,0.3333333333333333
GG2,GG,negative,layout,2,1,3,0.6666666666666666
GG2,GG,positive,cost,1,1,5,0.2
GG2,GG,positive,daylight,1,1,5,0.2
GG2,GG,positive,expression,1,1,5,0.2
GG2,GG,positive,functionality,1,1,5,0.2
GG2,GG,positive,layout,2,1,5,0.4
GG2,GG,positive,massing,2,1,5,0.4
GG2,GG,positive,structure,1,1,5,0.2
GG2,GG,positive,urban integration,2,1,5,0.4
GG2,GG,positive,ventilation,1,1,5,0.2
GG3,GG,negative,accessibility,1,1,6,0.16666666666666666
GG3,GG,negative,circulation,3,1,6,0.5
GG3,GG,negative,daylight,1,1,6,0.16666666666666666
GG3,GG,negative,facade,1,1,6,0.16666666666666666
GG3,GG,negative,functionality,2,1,6,0.3333333333333333
GG3,GG,negative,layout,1,1,6,0.16666666666666666
GG3,GG,negative,operation,2,1,6,0.3333333333333333
GG3,GG,negative,sustainability,3,1,6,0.5
GG3,GG,negative,ventilation,2,1,6,0.3333333333333333
GG3,GG,positive,cost,1,1,6,0.16666666666666666
GG3,GG,positive,expression,1,1,6,0.16666666666666666
GG3,GG,positive,flexibility,1,1,6,0.16666666666666666
GG3,GG,positive,functionality,1,1,6,0.16666666666666666
GG3,GG,positive,layout,3,1,6,0.5
GG3,GG,positive,massing,3,1,6,0.5
GG3,GG,positive,open space,1,1,6,0.16666666666666666
GG3,GG,positive,proportion,1,1,6,0.16666666666666666
GG3,GG,positive,structure,1,1,6,0.16666666666666666
GG3,GG,positive,urban integration,2,1,6,0.3333333333333333
GG4,GG,negative,circulation,1,1,6,0.16666666666666666
GG4,GG,negative,cost,1,1,6,0.16666666666666666
GG4,GG,negative,daylight,2,1,6,0.3333333333333333
GG4,GG,negative,functionality,1,1,6,0.16666666666666666
GG4,GG,negative,landscape,1,1,6,0.16666666666666666
GG4,GG,negative,massing,1,1,6,0.16666666666666666
GG4,GG,negative,open space,1,1,6,0.16666666666666666
GG4,GG,negative,operation,1,1,6,0.16666666666666666
GG4,GG,negative,scale,1,1,6,0.16666666666666666
GG4,GG,negative,structure,1,1,6,0.16666666666666666
GG4,GG,negative,sustainability,1,1,6,0.16666666666666666
GG4,GG,negative,urban integration,2,1,6,0.3333333333333333
GG4,GG,negative,ventilation,1,1,6,0.16666666666666666
GG4,GG,negative,visibility,1,1,6,0.16666666666666666
GG4,GG,positive,cost,1,1,3,0.3333333333333333
GG4,GG,positive,flexibility,1,1,3,0.3333333333333333
GG4,GG,positive,functionality,1,1,3,0.3333333333333333
GG4,GG,positive,layout,3,1,3,1.0
GG5,GG,negative,circulation,1,1,6,0.16666666666666666
GG5,GG,negative,cost,1,1,6,0.16666666666666666
GG5,GG,negative,daylight,1,1,6,0.16666666666666666
GG5,GG,negative,expression,1,1,6,0.16666666666666666
GG5,GG,negative,facade,1,1,6,0.16666666666666666
GG5,GG,negative,functionality,2,1,6,0.3333333333333333
GG5,GG,negative,identity,1,1,6,0.16666666666666666
GG5,GG,negative,layout,1,1,6,0.16666666666666666
GG5,GG,negative,operation,1,1,6,0.16666666666666666
GG5,GG,negative,structure,1,1,6,0.16666666666666666
GG5,GG,negative,sustainability,1,1,6,0.16666666666666666
GG5,GG,positive,landscape,1,1,4,0.25
GG5,GG,positive,layout,1,1,4,0.25
GG5,GG,positive,massing,2,1,4,0.5
GG5,GG,positive,proportion,1,1,4,0.25
GG5,GG,positive,sustainability,1,1,4,0.25
GG5,GG,positive,topography,1,1,4,0.25
GG5,GG,positive,urban integration,3,1,4,0.75
GG6,GG,negative,accessibility,1,1,9,0.1111111111111111
GG6,GG,negative,circulation,3,1,9,0.3333333333333333
GG6,GG,negative,cost,2,1,9,0.2222222222222222
GG6,GG,negative,daylight,1,1,9,0.1111111111111111
GG6,GG,negative,expression,1,1,9,0.1111111111111111
GG6,GG,negative,facade,3,1,9,0.3333333333333333
GG6,GG,negative,flexibility,3,1,9,0.3333333333333333
GG6,GG,negative,functionality,1,1,9,0.1111111111111111
GG6,GG,negative,layout,3,1,9,0.3333333333333333
GG6,GG,negative,massing,1,1,9,0.1111111111111111
GG6,GG,negative,open space,1,1,9,0.1111111111111111
GG6,GG,negative,structure,2,1,9,0.2222222222222222
GG6,GG,negative,sustainability,1,1,9,0.1111111111111111
GG6,GG,negative,urban integration,1,1,9,0.1111111111111111
GG6,GG,negative,ventilation,1,1,9,0.1111111111111111
GG6,GG,positive,cost,1,1,5,0.2
GG6,GG,positive,daylight,2,1,5,0.4
GG6,GG,positive,flexibility,2,1,5,0.4
GG6,GG,positive,functionality,1,1,5,0.2
GG6,GG,positive,layout,2,1,5,0.4
GG6,GG,positive,massing,1,1,5,0.2
GG6,GG,positive,structure,1,1,5,0.2
GG6,GG,positive,sustainability,1,1,5,0.2
GG7,GG,negative,accessibility,1,1,10,0.1
GG7,GG,negative,circulation,3,1,10,0.3
GG7,GG,negative,cost,3,1,10,0.3
GG7,GG,negative,daylight,2,1,10,0.2
GG7,GG,negative,expression,3,1,10,0.3
GG7,GG,negative,functionality,3,1,10,0.3
GG7,GG,negative,landscape,1,1,10,0.1
GG7,GG,negative,layout,3,1,10,0.3
GG7,GG,negative,structure,2,1,10,0.2
GG7,GG,negative,sustainability,1,1,10,0.1
GG7,GG,negative,urban integration,3,1,10,0.3
GG7,GG,positive,accessibility,1,1,4,0.25
GG7,GG,positive,circulation,2,1,4,0.5
GG7,GG,positive,expression,1,1,4,0.25
GG7,GG,positive,identity,1,1,4,0.25
GG7,GG,positive,landscape,1,1,4,0.25
GG7,GG,positive,massing,1,1,4,0.25
GG7,GG,positive,open space,1,1,4,0.25
GG7,GG,positive,urban integration,4,1,4,1.0
GGG1,GGG,negative,accessibility,1,1,8,0.125
GGG1,GGG,negative,circulation,1,1,8,0.125
GGG1,GGG,negative,cost,1,1,8,0.125
GGG1,GGG,negative,daylight,1,1,8,0.125
GGG1,GGG,negative,facade,1,1,8,0.125
GGG1,GGG,negative,functionality,3,1,8,0.375
GGG1,GGG,negative,landscape,1,1,8,0.125
GGG1,GGG,negative,layout,1,1,8,0.125
GGG1,GGG,negative,open space,1,1,8,0.125
GGG1,GGG,negative,safety,3,1,8,0.375
GGG1,GGG,negative,structure,1,1,8,0.125
GGG1,GGG,negative,sustainability,2,1,8,0.25
GGG1,GGG,negative,urban integration,2,1,8,0.25
GGG1,GGG,positive,accessibility,1,1,7,0.14285714285714285
GGG1,GGG,positive,circulation,2,1,7,0.2857142857142857
GGG1,GGG,positive,cost,1,1,7,0.14285714285714285
GGG1,GGG,positive,daylight,1,1,7,0.14285714285714285
GGG1,GGG,positive,flexibility,1,1,7,0.14285714285714285
GGG1,GGG,positive,functionality,1,1,7,0.14285714285714285
GGG1,GGG,positive,landscape,2,1,7,0.2857142857142857
GGG1,GGG,positive,layout,1,1,7,0.14285714285714285
GGG1,GGG,positive,massing,1,1,7,0.14285714285714285
GGG1,GGG,positive,open space,1,1,7,0.14285714285714285
GGG1,GGG,positive,safety,1,1,7,0.14285714285714285
GGG1,GGG,positive,scale,1,1,7,0.14285714285714285
GGG1,GGG,positive,sustainability,1,1,7,0.14285714285714285
GGG1,GGG,positive,urban integration,1,1,7,0.14285714285714285
GGG2,GGG,negative,accessibility,1,1,10,0.1
GGG2,GGG,negative,circulation,4,1,10,0.4
GGG2,GGG,negative,cost,1,1,10,0.1
GGG2,GGG,negative,expression,1,1,10,0.1
GGG2,GGG,negative,flexibility,1,1,10,0.1
GGG2,GGG,negative,functionality,4,1,10,0.4
GGG2,GGG,negative,landscape,3,1,10,0.3
GGG2,GGG,negative,layout,2,1,10,0.2
GGG2,GGG,negative,open space,2,1,10,0.2
GGG2,GGG,negative,operation,1,1,10,0.1
GGG2,GGG,negative,safety,1,1,10,0.1
GGG2,GGG,negative,structure,1,1,10,0.1
GGG2,GGG,negative,sustainability,1,1,10,0.1
GGG2,GGG,negative,urban integration,1,1,10,0.1
GGG2,GGG,positive,cost,2,1,8,0.25
GGG2,GGG,positive,daylight,1,1,8,0.125
GGG2,GGG,positive,expression,1,1,8,0.125
GGG2,GGG,positive,facade,2,1,8,0.25
GGG2,GGG,positive,flexibility,2,1,8,0.25
GGG2,GGG,positive,functionality,2,1,8,0.25
GGG2,GGG,positive,identity,1,1,8,0.125
GGG2,GGG,positive,layout,2,1,8,0.25
GGG2,GGG,positive,massing,3,1,8,0.375
GGG2,GGG,positive,proportion,1,1,8,0.125
GGG2,GGG,positive,scale,1,1,8,0.125
GGG2,GGG,positive,structure,1,1,8,0.125
GGG2,GGG,positive,urban integration,1,1,8,0.125
GGG3,GGG,negative,accessibility,2,1,10,0.2
GGG3,GGG,negative,acoustics,1,1,10,0.1
GGG3,GGG,negative,circulation,4,1,10,0.4
GGG3,GGG,negative,expression,1,1,10,0.1
GGG3,GGG,negative,facade,1,1,10,0.1
GGG3,GGG,negative,functionality,3,1,10,0.3
GGG3,GGG,negative,landscape,1,1,10,0.1
GGG3,GGG,negative,layout,2,1,10,0.2
GGG3,GGG,negative,operation,1,1,10,0.1
GGG3,GGG,negative,safety,2,1,10,0.2
GGG3,GGG,negative,sustainability,1,1,10,0.1
GGG3,GGG,negative,urban integration,2,1,10,0.2
GGG3,GGG,positive,cost,1,1,9,0.1111111111111111
GGG3,GGG,positive,expression,1,1,9,0.1111111111111111
GGG3,GGG,positive,functionality,3,1,9,0.3333333333333333
GGG3,GGG,positive,landscape,5,1,9,0.5555555555555556
GGG3,GGG,positive,layout,1,1,9,0.1111111111111111
GGG3,GGG,positive,massing,1,1,9,0.1111111111111111
GGG3,GGG,positive,open space,3,1,9,0.3333333333333333
GGG3,GGG,positive,operation,1,1,9,0.1111111111111111
GGG3,GGG,positive,proportion,1,1,9,0.1111111111111111
GGG3,GGG,positive,scale,1,1,9,0.1111111111111111
GGG3,GGG,positive,structure,1,1,9,0.1111111111111111
GGG3,GGG,positive,sustainability,2,1,9,0.2222222222222222
GGG3,GGG,positive,urban integration,2,1,9,0.2222222222222222
GGG4,GGG,negative,accessibility,1,1,8,0.125
GGG4,GGG,negative,circulation,2,1,8,0.25
GGG4,GGG,negative,cost,3,1,8,0.375
GGG4,GGG,negative,facade,1,1,8,0.125
GGG4,GGG,negative,functionality,2,1,8,0.25
GGG4,GGG,negative,landscape,1,1,8,0.125
GGG4,GGG,negative,massing,1,1,8,0.125
GGG4,GGG,negative,open space,1,1,8,0.125
GGG4,GGG,negative,privacy,1,1,8,0.125
GGG4,GGG,negative,proportion,1,1,8,0.125
GGG4,GGG,negative,structure,2,1,8,0.25
GGG4,GGG,negative,sustainability,1,1,8,0.125
GGG4,GGG,negative,urban integration,1,1,8,0.125
GGG4,GGG,positive,cost,1,1,9,0.1111111111111111
GGG4,GGG,positive,daylight,1,1,9,0.1111111111111111
GGG4,GGG,positive,expression,2,1,9,0.2222222222222222
GGG4,GGG,positive,flexibility,1,1,9,0.1111111111111111
GGG4,GGG,positive,functionality,2,1,9,0.2222222222222222
GGG4,GGG,positive,identity,2,1,9,0.2222222222222222
GGG4,GGG,positive,landscape,2,1,9,0.2222222222222222
GGG4,GGG,positive,layout,2,1,9,0.2222222222222222
GGG4,GGG,positive,massing,1,1,9,0.1111111111111111
GGG4,GGG,positive,open space,2,1,9,0.2222222222222222
GGG4,GGG,positive,operation,2,1,9,0.2222222222222222
GGG4,GGG,positive,proportion,1,1,9,0.1111111111111111
GGG4,GGG,positive,scale,1,1,9,0.1111111111111111
GGG4,GGG,positive,sustainability,1,1,9,0.1111111111111111
GGG4,GGG,positive,urban integration,1,1,9,0.1111111111111111
GGG5,GGG,negative,accessibility,1,1,10,0.1
GGG5,GGG,negative,acoustics,1,1,10,0.1
GGG5,GGG,negative,circulation,4,1,10,0.4
GGG5,GGG,negative,cost,2,1,10,0.2
GGG5,GGG,negative,expression,1,1,10,0.1
GGG5,GGG,negative,flexibility,1,1,10,0.1
GGG5,GGG,negative,functionality,4,1,10,0.4
GGG5,GGG,negative,layout,1,1,10,0.1
GGG5,GGG,negative,operation,1,1,10,0.1
GGG5,GGG,negative,safety,1,1,10,0.1
GGG5,GGG,negative,structure,2,1,10,0.2
GGG5,GGG,negative,urban integration,1,1,10,0.1
GGG5,GGG,positive,circulation,1,1,9,0.1111111111111111
GGG5,GGG,positive,cost,1,1,9,0.1111111111111111
GGG5,GGG,positive,expression,2,1,9,0.2222222222222222
GGG5,GGG,positive,facade,1,1,9,0.1111111111111111
GGG5,GGG,positive,functionality,1,1,9,0.1111111111111111
GGG5,GGG,positive,identity,1,1,9,0.1111111111111111
GGG5,GGG,positive,landscape,1,1,9,0.1111111111111111
GGG5,GGG,positive,layout,2,1,9,0.2222222222222222
GGG5,GGG,positive,open space,3,1,9,0.3333333333333333
GGG5,GGG,positive,privacy,1,1,9,0.1111111111111111
GGG5,GGG,positive,safety,1,1,9,0.1111111111111111
GGG5,GGG,positive,sustainability,2,1,9,0.2222222222222222
GGG5,GGG,positive,urban integration,2,1,9,0.2222222222222222
GGG6,GGG,negative,accessibility,1,1,12,0.08333333333333333
GGG6,GGG,negative,circulation,4,1,12,0.3333333333333333
GGG6,GGG,negative,cost,2,1,12,0.16666666666666666
GGG6,GGG,negative,daylight,3,1,12,0.25
GGG6,GGG,negative,facade,1,1,12,0.08333333333333333
GGG6,GGG,negative,functionality,2,1,12,0.16666666666666666
GGG6,GGG,negative,landscape,3,1,12,0.25
GGG6,GGG,negative,layout,1,1,12,0.08333333333333333
GGG6,GGG,negative,massing,1,1,12,0.08333333333333333
GGG6,GGG,negative,open space,4,1,12,0.3333333333333333
GGG6,GGG,negative,operation,2,1,12,0.16666666666666666
GGG6,GGG,negative,structure,1,1,12,0.08333333333333333
GGG6,GGG,negative,sustainability,2,1,12,0.16666666666666666
GGG6,GGG,positive,circulation,1,1,8,0.125
GGG6,GGG,positive,daylight,2,1,8,0.25
GGG6,GGG,positive,expression,2,1,8,0.25
GGG6,GGG,positive,facade,1,1,8,0.125
GGG6,GGG,positive,fire safety,1,1,8,0.125
GGG6,GGG,positive,flexibility,1,1,8,0.125
GGG6,GGG,positive,functionality,1,1,8,0.125
GGG6,GGG,positive,layout,1,1,8,0.125
GGG6,GGG,positive,massing,1,1,8,0.125
GGG6,GGG,positive,open space,1,1,8,0.125
GGG6,GGG,positive,safety,1,1,8,0.125
GGG6,GGG,positive,scale,1,1,8,0.125
GGG6,GGG,positive,sustainability,1,1,8,0.125
GGG6,GGG,positive,urban integration,2,1,8,0.25
GGG6,GGG,positive,visibility,1,1,8,0.125
GGGG1,GGGG,negative,circulation,1,1,4,0.25
GGGG1,GGGG,negative,cost,1,1,4,0.25
GGGG1,GGGG,negative,flexibility,1,1,4,0.25
GGGG1,GGGG,negative,functionality,1,1,4,0.25
GGGG1,GGGG,negative,layout,2,1,4,0.5
GGGG1,GGGG,negative,massing,1,1,4,0.25
GGGG1,GGGG,negative,open space,1,1,4,0.25
GGGG1,GGGG,positive,circulation,2,1,12,0.16666666666666666
GGGG1,GGGG,positive,cost,1,1,12,0.08333333333333333
GGGG1,GGGG,positive,expression,2,1,12,0.16666666666666666
GGGG1,GGGG,positive,flexibility,1,1,12,0.08333333333333333
GGGG1,GGGG,positive,functionality,4,1,12,0.3333333333333333
GGGG1,GGGG,positive,identity,2,1,12,0.16666666666666666
GGGG1,GGGG,positive,layout,4,1,12,0.3333333333333333
GGGG1,GGGG,positive,massing,1,1,12,0.08333333333333333
GGGG1,GGGG,positive,open space,1,1,12,0.08333333333333333
GGGG1,GGGG,positive,structure,2,1,12,0.16666666666666666
GGGG1,GGGG,positive,urban integration,3,1,12,0.25
GGGG1,GGGG,positive,visibility,2,1,12,0.16666666666666666
GGGG2,GGGG,negative,accessibility,2,1,9,0.2222222222222222
GGGG2,GGGG,negative,circulation,4,1,9,0.4444444444444444
GGGG2,GGGG,negative,cost,1,1,9,0.1111111111111111
GGGG2,GGGG,negative,flexibility,1,1,9,0.1111111111111111
GGGG2,GGGG,negative,functionality,2,1,9,0.2222222222222222
GGGG2,GGGG,negative,landscape,1,1,9,0.1111111111111111
GGGG2,GGGG,negative,layout,4,1,9,0.4444444444444444
GGGG2,GGGG,negative,massing,1,1,9,0.1111111111111111
GGGG2,GGGG,negative,urban integration,2,1,9,0.2222222222222222
GGGG2,GGGG,positive,circulation,2,1,9,0.2222222222222222
GGGG2,GGGG,positive,cost,1,1,9,0.1111111111111111
GGGG2,GGGG,positive,expression,1,1,9,0.1111111111111111
GGGG2,GGGG,positive,flexibility,2,1,9,0.2222222222222222
GGGG2,GGGG,positive,functionality,1,1,9,0.1111111111111111
GGGG2,GGGG,positive,layout,1,1,9,0.1111111111111111
GGGG2,GGGG,positive,massing,3,1,9,0.3333333333333333
GGGG2,GGGG,positive,open space,2,1,9,0.2222222222222222
GGGG2,GGGG,positive,operation,1,1,9,0.1111111111111111
GGGG2,GGGG,positive,structure,1,1,9,0.1111111111111111
GGGG2,GGGG,positive,sustainability,1,1,9,0.1111111111111111
GGGG2,GGGG,positive,urban integration,1,1,9,0.1111111111111111
GGGG2,GGGG,positive,visibility,1,1,9,0.1111111111111111
GGGG3,GGGG,negative,circulation,2,1,5,0.4
GGGG3,GGGG,negative,cost,2,1,5,0.4
GGGG3,GGGG,negative,expression,1,1,5,0.2
GGGG3,GGGG,negative,massing,2,1,5,0.4
GGGG3,GGGG,negative,open space,1,1,5,0.2
GGGG3,GGGG,negative,structure,1,1,5,0.2
GGGG3,GGGG,negative,urban integration,2,1,5,0.4
GGGG3,GGGG,positive,daylight,1,1,3,0.3333333333333333
GGGG3,GGGG,positive,expression,1,1,3,0.3333333333333333
GGGG3,GGGG,positive,flexibility,1,1,3,0.3333333333333333
GGGG3,GGGG,positive,identity,2,1,3,0.6666666666666666
GGGG3,GGGG,positive,layout,1,1,3,0.3333333333333333
GGGG3,GGGG,positive,massing,2,1,3,0.6666666666666666
GGGG3,GGGG,positive,ventilation,1,1,3,0.3333333333333333
GGGG4,GGGG,negative,accessibility,1,1,5,0.2
GGGG4,GGGG,negative,circulation,2,1,5,0.4
GGGG4,GGGG,negative,cost,1,1,5,0.2
GGGG4,GGGG,negative,daylight,1,1,5,0.2
GGGG4,GGGG,negative,flexibility,1,1,5,0.2
GGGG4,GGGG,negative,functionality,1,1,5,0.2
GGGG4,GGGG,negative,massing,1,1,5,0.2
GGGG4,GGGG,negative,safety,1,1,5,0.2
GGGG4,GGGG,negative,structure,1,1,5,0.2
GGGG4,GGGG,negative,urban integration,1,1,5,0.2
GGGG4,GGGG,positive,circulation,1,1,4,0.25
GGGG4,GGGG,positive,daylight,1,1,4,0.25
GGGG4,GGGG,positive,expression,2,1,4,0.5
GGGG4,GGGG,positive,landscape,1,1,4,0.25
GGGG4,GGGG,positive,massing,1,1,4,0.25
GGGG4,GGGG,positive,open space,2,1,4,0.5
GGGG5,GGGG,negative,accessibility,1,1,7,0.14285714285714285
GGGG5,GGGG,negative,acoustics,1,1,7,0.14285714285714285
GGGG5,GGGG,negative,circulation,2,1,7,0.2857142857142857
GGGG5,GGGG,negative,daylight,2,1,7,0.2857142857142857
GGGG5,GGGG,negative,flexibility,2,1,7,0.2857142857142857
GGGG5,GGGG,negative,functionality,3,1,7,0.42857142857142855
GGGG5,GGGG,negative,layout,3,1,7,0.42857142857142855
GGGG5,GGGG,negative,operation,1,1,7,0.14285714285714285
GGGG5,GGGG,negative,structure,1,1,7,0.14285714285714285
GGGG5,GGGG,negative,sustainability,1,1,7,0.14285714285714285
GGGG5,GGGG,positive,cost,1,1,5,0.2
GGGG5,GGGG,positive,flexibility,2,1,5,0.4
GGGG5,GGGG,positive,functionality,1,1,5,0.2
GGGG5,GGGG,positive,layout,2,1,5,0.4
GGGG5,GGGG,positive,massing,3,1,5,0.6
GGGG5,GGGG,positive,open space,1,1,5,0.2
GGGG5,GGGG,positive,privacy,1,1,5,0.2
GGGG5,GGGG,positive,proportion,1,1,5,0.2
GGGG5,GGGG,positive,urban integration,1,1,5,0.2
GGGG5,GGGG,positive,visibility,1,1,5,0.2
GGGG6,GGGG,negative,accessibility,1,1,6,0.16666666666666666
GGGG6,GGGG,negative,circulation,2,1,6,0.3333333333333333
GGGG6,GGGG,negative,daylight,1,1,6,0.16666666666666666
GGGG6,GGGG,negative,expression,2,1,6,0.3333333333333333
GGGG6,GGGG,negative,functionality,2,1,6,0.3333333333333333
GGGG6,GGGG,negative,layout,3,1,6,0.5
GGGG6,GGGG,negative,massing,1,1,6,0.16666666666666666
GGGG6,GGGG,negative,operation,1,1,6,0.16666666666666666
GGGG6,GGGG,negative,proportion,1,1,6,0.16666666666666666
GGGG6,GGGG,negative,urban integration,1,1,6,0.16666666666666666
GGGG6,GGGG,positive,circulation,1,1,5,0.2
GGGG6,GGGG,positive,cost,1,1,5,0.2
GGGG6,GGGG,positive,expression,1,1,5,0.2
GGGG6,GGGG,positive,flexibility,1,1,5,0.2
GGGG6,GGGG,positive,functionality,1,1,5,0.2
GGGG6,GGGG,positive,landscape,1,1,5,0.2
GGGG6,GGGG,positive,massing,2,1,5,0.4
GGGG6,GGGG,positive,open space,1,1,5,0.2
GGGG6,GGGG,positive,structure,1,1,5,0.2
GGGG6,GGGG,positive,topography,1,1,5,0.2
GGGG6,GGGG,positive,urban integration,1,1,5,0.2
GGGG7,GGGG,negative,circulation,2,1,6,0.3333333333333333
GGGG7,GGGG,negative,cost,2,1,6,0.3333333333333333
GGGG7,GGGG,negative,daylight,1,1,6,0.16666666666666666
GGGG7,GGGG,negative,expression,1,1,6,0.16666666666666666
GGGG7,GGGG,negative,functionality,3,1,6,0.5
GGGG7,GGGG,negative,layout,2,1,6,0.3333333333333333
GGGG7,GGGG,negative,massing,2,1,6,0.3333333333333333
GGGG7,GGGG,negative,proportion,1,1,6,0.16666666666666666
GGGG7,GGGG,negative,urban integration,1,1,6,0.16666666666666666
GGGG7,GGGG,positive,expression,1,1,4,0.25
GGGG7,GGGG,positive,facade,1,1,4,0.25
GGGG7,GGGG,positive,functionality,2,1,4,0.5
GGGG7,GGGG,positive,identity,1,1,4,0.25
GGGG7,GGGG,positive,landscape,1,1,4,0.25
GGGG7,GGGG,positive,massing,1,1,4,0.25
GGGG7,GGGG,positive,open space,3,1,4,0.75
GGGG7,GGGG,positive,urban integration,2,1,4,0.5
H1,H,negative,accessibility,1,1,8,0.125
H1,H,negative,circulation,1,1,8,0.125
H1,H,negative,flexibility,1,1,8,0.125
H1,H,negative,functionality,4,1,8,0.5
H1,H,negative,landscape,2,1,8,0.25
H1,H,negative,open space,4,1,8,0.5
H1,H,negative,operation,4,1,8,0.5
H1,H,negative,privacy,1,1,8,0.125
H1,H,negative,proportion,1,1,8,0.125
H1,H,negative,structure,1,1,8,0.125
H1,H,negative,urban integration,2,1,8,0.25
H1,H,positive,circulation,2,1,9,0.2222222222222222
H1,H,positive,daylight,2,1,9,0.2222222222222222
H1,H,positive,expression,1,1,9,0.1111111111111111
H1,H,positive,flexibility,2,1,9,0.2222222222222222
H1,H,positive,functionality,3,1,9,0.3333333333333333
H1,H,positive,identity,2,1,9,0.2222222222222222
H1,H,positive,landscape,3,1,9,0.3333333333333333
H1,H,positive,layout,2,1,9,0.2222222222222222
H1,H,positive,massing,2,1,9,0.2222222222222222
H1,H,positive,open space,2,1,9,0.2222222222222222
H1,H,positive,proportion,1,1,9,0.1111111111111111
H1,H,positive,urban integration,3,1,9,0.3333333333333333
H2,H,negative,circulation,1,1,10,0.1
H2,H,negative,expression,3,1,10,0.3
H2,H,negative,fire safety,1,1,10,0.1
H2,H,negative,flexibility,3,1,10,0.3
H2,H,negative,functionality,2,1,10,0.2
H2,H,negative,landscape,3,1,10,0.3
H2,H,negative,layout,2,1,10,0.2
H2,H,negative,massing,1,1,10,0.1
H2,H,negative,open space,2,1,10,0.2
H2,H,negative,operation,1,1,10,0.1
H2,H,negative,privacy,1,1,10,0.1
H2,H,negative,safety,1,1,10,0.1
H2,H,negative,scale,1,1,10,0.1
H2,H,negative,structure,2,1,10,0.2
H2,H,negative,urban integration,1,1,10,0.1
H2,H,positive,circulation,1,1,9,0.1111111111111111
H2,H,positive,cost,1,1,9,0.1111111111111111
H2,H,positive,daylight,1,1,9,0.1111111111111111
H2,H,positive,expression,4,1,9,0.4444444444444444
H2,H,positive,functionality,3,1,9,0.3333333333333333
H2,H,positive,identity,4,1,9,0.4444444444444444
H2,H,positive,landscape,1,1,9,0.1111111111111111
H2,H,positive,layout,5,1,9,0.5555555555555556
H2,H,positive,massing,1,1,9,0.1111111111111111
H2,H,positive,open space,1,1,9,0.1111111111111111
H2,H,positive,privacy,1,1,9,0.1111111111111111
H2,H,positive,sustainability,1,1,9,0.1111111111111111
H2,H,positive,urban integration,1,1,9,0.1111111111111111
H2,H,positive,visibility,1,1,9,0.1111111111111111
H3,H,negative,circulation,5,1,10,0.5
H3,H,negative,cost,2,1,10,0.2
H3,H,negative,daylight,1,1,10,0.1
H3,H,negative,expression,1,1,10,0.1
H3,H,negative,facade,1,1,10,0.1
H3,H,negative,fire safety,1,1,10,0.1
H3,H,negative,flexibility,1,1,10,0.1
H3,H,negative,functionality,4,1,10,0.4
H3,H,negative,landscape,1,1,10,0.1
H3,H,negative,layout,2,1,10,0.2
H3,H,negative,massing,1,1,10,0.1
H3,H,negative,open space,1,1,10,0.1
H3,H,negative,operation,2,1,10,0.2
H3,H,negative,scale,2,1,10,0.2
H3,H,negative,structure,1,1,10,0.1
H3,H,negative,urban integration,2,1,10,0.2
H3,H,positive,circulation,2,1,8,0.25
H3,H,positive,expression,1,1,8,0.125
H3,H,positive,flexibility,1,1,8,0.125
H3,H,positive,functionality,2,1,8,0.25
H3,H,positive,identity,3,1,8,0.375
H3,H,positive,landscape,1,1,8,0.125
H3,H,positive,layout,3,1,8,0.375
H3,H,positive,massing,1,1,8,0.125
H3,H,positive,open space,2,1,8,0.25
H3,H,positive,proportion,1,1,8,0.125
H3,H,positive,structure,3,1,8,0.375
H3,H,positive,urban integration,2,1,8,0.25
H4,H,negative,circulation,4,1,10,0.4
H4,H,negative,cost,1,1,10,0.1
H4,H,negative,expression,2,1,10,0.2
H4,H,negative,facade,1,1,10,0.1
H4,H,negative,functionality,2,1,10,0.2
H4,H,negative,identity,1,1,10,0.1
H4,H,negative,landscape,3,1,10,0.3
H4,H,negative,layout,1,1,10,0.1
H4,H,negative,massing,2,1,10,0.2
H4,H,negative,open space,5,1,10,0.5
H4,H,negative,scale,1,1,10,0.1
H4,H,negative,topography,1,1,10,0.1
H4,H,negative,urban integration,4,1,10,0.4
H4,H,positive,circulation,3,1,9,0.3333333333333333
H4,H,positive,daylight,1,1,9,0.1111111111111111
H4,H,positive,flexibility,3,1,9,0.3333333333333333
H4,H,positive,functionality,2,1,9,0.2222222222222222
H4,H,positive,identity,1,1,9,0.1111111111111111
H4,H,positive,landscape,1,1,9,0.1111111111111111
H4,H,positive,layout,5,1,9,0.5555555555555556
H4,H,positive,massing,2,1,9,0.2222222222222222
H4,H,positive,open space,1,1,9,0.1111111111111111
H4,H,positive,operation,1,1,9,0.1111111111111111
H4,H,positive,structure,1,1,9,0.1111111111111111
H4,H,positive,topography,1,1,9,0.1111111111111111
H4,H,positive,urban integration,2,1,9,0.2222222222222222
H5,H,negative,accessibility,2,1,11,0.18181818181818182
H5,H,negative,circulation,2,1,11,0.18181818181818182
H5,H,negative,daylight,2,1,11,0.18181818181818182
H5,H,negative,expression,3,1,11,0.2727272727272727
H5,H,negative,fire safety,1,1,11,0.09090909090909091
H5,H,negative,flexibility,3,1,11,0.2727272727272727
H5,H,negative,landscape,1,1,11,0.09090909090909091
H5,H,negative,layout,3,1,11,0.2727272727272727
H5,H,negative,massing,3,1,11,0.2727272727272727
H5,H,negative,materiality,1,1,11,0.09090909090909091
H5,H,negative,open space,1,1,11,0.09090909090909091
H5,H,negative,operation,2,1,11,0.18181818181818182
H5,H,negative,privacy,1,1,11,0.09090909090909091
H5,H,negative,scale,1,1,11,0.09090909090909091
H5,H,negative,structure,1,1,11,0.09090909090909091
H5,H,negative,topography,1,1,11,0.09090909090909091
H5,H,negative,urban integration,1,1,11,0.09090909090909091
H5,H,positive,circulation,2,1,12,0.16666666666666666
H5,H,positive,cost,1,1,12,0.08333333333333333
H5,H,positive,daylight,1,1,12,0.08333333333333333
H5,H,positive,expression,1,1,12,0.08333333333333333
H5,H,positive,flexibility,1,1,12,0.08333333333333333
H5,H,positive,functionality,3,1,12,0.25
H5,H,positive,identity,1,1,12,0.08333333333333333
H5,H,positive,layout,6,1,12,0.5
H5,H,positive,massing,2,1,12,0.16666666666666666
H5,H,positive,open space,2,1,12,0.16666666666666666
H5,H,positive,operation,1,1,12,0.08333333333333333
H5,H,positive,proportion,1,1,12,0.08333333333333333
H5,H,positive,scale,1,1,12,0.08333333333333333
H5,H,positive,structure,2,1,12,0.16666666666666666
H5,H,positive,sustainability,1,1,12,0.08333333333333333
H5,H,positive,topography,1,1,12,0.08333333333333333
H5,H,positive,urban integration,3,1,12,0.25
HH1,HH,negative,acoustics,1,1,3,0.3333333333333333
HH1,HH,negative,functionality,1,1,3,0.3333333333333333
HH1,HH,negative,layout,2,1,3,0.6666666666666666
HH1,HH,negative,orientation,1,1,3,0.3333333333333333
HH1,HH,negative,urban integration,1,1,3,0.3333333333333333
HH1,HH,positive,accessibility,1,1,7,0.14285714285714285
HH1,HH,positive,circulation,2,1,7,0.2857142857142857
HH1,HH,positive,cost,1,1,7,0.14285714285714285
HH1,HH,positive,daylight,1,1,7,0.14285714285714285
HH1,HH,positive,expression,2,1,7,0.2857142857142857
HH1,HH,positive,facade,1,1,7,0.14285714285714285
HH1,HH,positive,functionality,1,1,7,0.14285714285714285
HH1,HH,positive,identity,1,1,7,0.14285714285714285
HH1,HH,positive,landscape,1,1,7,0.14285714285714285
HH1,HH,positive,layout,2,1,7,0.2857142857142857
HH1,HH,positive,massing,1,1,7,0.14285714285714285
HH1,HH,positive,structure,1,1,7,0.14285714285714285
HH1,HH,positive,sustainability,1,1,7,0.14285714285714285
HH1,HH,positive,topography,1,1,7,0.14285714285714285
HH1,HH,positive,urban integration,1,1,7,0.14285714285714285
HH1,HH,positive,visibility,1,1,7,0.14285714285714285
HH2,HH,negative,cost,2,1,3,0.6666666666666666
HH2,HH,negative,facade,1,1,3,0.3333333333333333
HH2,HH,negative,massing,1,1,3,0.3333333333333333
HH2,HH,negative,scale,1,1,3,0.3333333333333333
HH2,HH,negative,sustainability,1,1,3,0.3333333333333333
HH2,HH,negative,urban integration,1,1,3,0.3333333333333333
HH2,HH,positive,daylight,1,1,7,0.14285714285714285
HH2,HH,positive,expression,1,1,7,0.14285714285714285
HH2,HH,positive,facade,2,1,7,0.2857142857142857
HH2,HH,positive,flexibility,1,1,7,0.14285714285714285
HH2,HH,positive,functionality,2,1,7,0.2857142857142857
HH2,HH,positive,identity,1,1,7,0.14285714285714285
HH2,HH,positive,landscape,1,1,7,0.14285714285714285
HH2,HH,positive,layout,2,1,7,0.2857142857142857
HH2,HH,positive,massing,1,1,7,0.14285714285714285
HH2,HH,positive,open space,1,1,7,0.14285714285714285
HH2,HH,positive,operation,2,1,7,0.2857142857142857
HH2,HH,positive,proportion,1,1,7,0.14285714285714285
HH2,HH,positive,scale,1,1,7,0.14285714285714285
HH2,HH,positive,structure,1,1,7,0.14285714285714285
HH2,HH,positive,sustainability,1,1,7,0.14285714285714285
HH2,HH,positive,urban integration,1,1,7,0.14285714285714285
HH3,HH,negative,circulation,4,1,5,0.8
HH3,HH,negative,daylight,2,1,5,0.4
HH3,HH,negative,functionality,2,1,5,0.4
HH3,HH,negative,layout,1,1,5,0.2
HH3,HH,negative,operation,1,1,5,0.2
HH3,HH,negative,urban integration,1,1,5,0.2
HH3,HH,positive,circulation,1,1,7,0.14285714285714285
HH3,HH,positive,daylight,1,1,7,0.14285714285714285
HH3,HH,positive,facade,1,1,7,0.14285714285714285
HH3,HH,positive,functionality,1,1,7,0.14285714285714285
HH3,HH,positive,layout,2,1,7,0.2857142857142857
HH3,HH,positive,massing,1,1,7,0.14285714285714285
HH3,HH,positive,open space,1,1,7,0.14285714285714285
HH3,HH,positive,proportion,1,1,7,0.14285714285714285
HH3,HH,positive,scale,2,1,7,0.2857142857142857
HH3,HH,positive,structure,2,1,7,0.2857142857142857
HH3,HH,positive,sustainability,1,1,7,0.14285714285714285
HH3,HH,positive,topography,1,1,7,0.14285714285714285
HH3,HH,positive,urban integration,3,1,7,0.42857142857142855
HH3,HH,positive,visibility,1,1,7,0.14285714285714285
HH4,HH,negative,accessibility,1,1,7,0.14285714285714285
HH4,HH,negative,circulation,1,1,7,0.14285714285714285
HH4,HH,negative,daylight,2,1,7,0.2857142857142857
HH4,HH,negative,functionality,7,1,7,1.0
HH4,HH,negative,layout,4,1,7,0.5714285714285714
HH4,HH,negative,operation,1,1,7,0.14285714285714285
HH4,HH,negative,proportion,1,1,7,0.14285714285714285
HH4,HH,positive,accessibility,1,1,6,0.16666666666666666
HH4,HH,positive,circulation,1,1,6,0.16666666666666666
HH4,HH,positive,expression,2,1,6,0.3333333333333333
HH4,HH,positive,facade,1,1,6,0.16666666666666666
HH4,HH,positive,functionality,1,1,6,0.16666666666666666
HH4,HH,positive,landscape,1,1,6,0.16666666666666666
HH4,HH,positive,massing,1,1,6,0.16666666666666666
HH4,HH,positive,open space,2,1,6,0.3333333333333333
HH4,HH,positive,proportion,1,1,6,0.16666666666666666
HH4,HH,positive,scale,1,1,6,0.16666666666666666
HH4,HH,positive,structure,1,1,6,0.16666666666666666
HH4,HH,positive,topography,1,1,6,0.16666666666666666
HH4,HH,positive,urban integration,2,1,6,0.3333333333333333
HH5,HH,negative,cost,1,1,6,0.16666666666666666
HH5,HH,negative,expression,1,1,6,0.16666666666666666
HH5,HH,negative,facade,2,1,6,0.3333333333333333
HH5,HH,negative,functionality,3,1,6,0.5
HH5,HH,negative,landscape,1,1,6,0.16666666666666666
HH5,HH,negative,layout,1,1,6,0.16666666666666666
HH5,HH,negative,massing,1,1,6,0.16666666666666666
HH5,HH,negative,open space,2,1,6,0.3333333333333333
HH5,HH,negative,proportion,1,1,6,0.16666666666666666
HH5,HH,negative,scale,1,1,6,0.16666666666666666
HH5,HH,negative,sustainability,1,1,6,0.16666666666666666
HH5,HH,negative,urban integration,1,1,6,0.16666666666666666
HH5,HH,positive,accessibility,1,1,8,0.125
HH5,HH,positive,circulation,2,1,8,0.25
HH5,HH,positive,daylight,1,1,8,0.125
HH5,HH,positive,expression,2,1,8,0.25
HH5,HH,positive,flexibility,1,1,8,0.125
HH5,HH,positive,functionality,2,1,8,0.25
HH5,HH,positive,layout,3,1,8,0.375
HH5,HH,positive,massing,1,1,8,0.125
HH5,HH,positive,proportion,3,1,8,0.375
HH5,HH,positive,scale,1,1,8,0.125
HH5,HH,positive,topography,1,1,8,0.125
HH5,HH,positive,urban integration,1,1,8,0.125
HHH1,HHH,negative,circulation,2,1,6,0.3333333333333333
HHH1,HHH,negative,cost,1,1,6,0.16666666666666666
HHH1,HHH,negative,expression,1,1,6,0.16666666666666666
HHH1,HHH,negative,functionality,2,1,6,0.3333333333333333
HHH1,HHH,negative,landscape,1,1,6,0.16666666666666666
HHH1,HHH,negative,layout,2,1,6,0.3333333333333333
HHH1,HHH,negative,open space,3,1,6,0.5
HHH1,HHH,positive,circulation,2,1,5,0.4
HHH1,HHH,positive,daylight,1,1,5,0.2
HHH1,HHH,positive,flexibility,1,1,5,0.2
HHH1,HHH,positive,functionality,1,1,5,0.2
HHH1,HHH,positive,landscape,1,1,5,0.2
HHH1,HHH,positive,layout,1,1,5,0.2
HHH1,HHH,positive,massing,2,1,5,0.4
HHH1,HHH,positive,open space,1,1,5,0.2
HHH1,HHH,positive,scale,1,1,5,0.2
HHH1,HHH,positive,urban integration,2,1,5,0.4
HHH2,HHH,negative,circulation,3,1,6,0.5
HHH2,HHH,negative,flexibility,1,1,6,0.16666666666666666
HHH2,HHH,negative,functionality,1,1,6,0.16666666666666666
HHH2,HHH,negative,landscape,1,1,6,0.16666666666666666
HHH2,HHH,negative,layout,2,1,6,0.3333333333333333
HHH2,HHH,negative,open space,1,1,6,0.16666666666666666
HHH2,HHH,negative,operation,2,1,6,0.3333333333333333
HHH2,HHH,negative,urban integration,1,1,6,0.16666666666666666
HHH2,HHH,positive,circulation,1,1,6,0.16666666666666666
HHH2,HHH,positive,daylight,1,1,6,0.16666666666666666
HHH2,HHH,positive,flexibility,1,1,6,0.16666666666666666
HHH2,HHH,positive,functionality,1,1,6,0.16666666666666666
HHH2,HHH,positive,layout,1,1,6,0.16666666666666666
HHH2,HHH,positive,massing,1,1,6,0.16666666666666666
HHH2,HHH,positive,open space,1,1,6,0.16666666666666666
HHH2,HHH,positive,scale,1,1,6,0.16666666666666666
HHH2,HHH,positive,urban integration,3,1,6,0.5
HHH2,HHH,positive,visibility,1,1,6,0.16666666666666666
HHH3,HHH,negative,circulation,5,1,9,0.5555555555555556
HHH3,HHH,negative,daylight,1,1,9,0.1111111111111111
HHH3,HHH,negative,expression,1,1,9,0.1111111111111111
HHH3,HHH,negative,facade,1,1,9,0.1111111111111111
HHH3,HHH,negative,functionality,2,1,9,0.2222222222222222
HHH3,HHH,negative,layout,2,1,9,0.2222222222222222
HHH3,HHH,negative,open space,2,1,9,0.2222222222222222
HHH3,HHH,negative,safety,1,1,9,0.1111111111111111
HHH3,HHH,negative,structure,2,1,9,0.2222222222222222
HHH3,HHH,negative,urban integration,1,1,9,0.1111111111111111
HHH3,HHH,positive,expression,1,1,5,0.2
HHH3,HHH,positive,flexibility,1,1,5,0.2
HHH3,HHH,positive,layout,1,1,5,0.2
HHH3,HHH,positive,massing,2,1,5,0.4
HHH3,HHH,positive,open space,1,1,5,0.2
HHH3,HHH,positive,structure,2,1,5,0.4
HHH3,HHH,positive,sustainability,1,1,5,0.2
HHH3,HHH,positive,urban integration,1,1,5,0.2
HHH4,HHH,negative,circulation,3,1,7,0.42857142857142855
HHH4,HHH,negative,cost,1,1,7,0.14285714285714285
HHH4,HHH,negative,expression,2,1,7,0.2857142857142857
HHH4,HHH,negative,facade,1,1,7,0.14285714285714285
HHH4,HHH,negative,landscape,2,1,7,0.2857142857142857
HHH4,HHH,negative,layout,2,1,7,0.2857142857142857
HHH4,HHH,negative,massing,1,1,7,0.14285714285714285
HHH4,HHH,negative,open space,1,1,7,0.14285714285714285
HHH4,HHH,negative,urban integration,1,1,7,0.14285714285714285
HHH4,HHH,positive,circulation,1,1,6,0.16666666666666666
HHH4,HHH,positive,flexibility,2,1,6,0.3333333333333333
HHH4,HHH,positive,functionality,1,1,6,0.16666666666666666
HHH4,HHH,positive,layout,2,1,6,0.3333333333333333
HHH4,HHH,positive,massing,1,1,6,0.16666666666666666
HHH4,HHH,positive,scale,1,1,6,0.16666666666666666
HHH4,HHH,positive,sustainability,1,1,6,0.16666666666666666
HHH4,HHH,positive,urban integration,3,1,6,0.5
HHH5,HHH,negative,accessibility,1,1,8,0.125
HHH5,HHH,negative,acoustics,1,1,8,0.125
HHH5,HHH,negative,circulation,2,1,8,0.25
HHH5,HHH,negative,cost,1,1,8,0.125
HHH5,HHH,negative,facade,1,1,8,0.125
HHH5,HHH,negative,flexibility,1,1,8,0.125
HHH5,HHH,negative,functionality,2,1,8,0.25
HHH5,HHH,negative,landscape,1,1,8,0.125
HHH5,HHH,negative,layout,1,1,8,0.125
HHH5,HHH,negative,open space,1,1,8,0.125
HHH5,HHH,negative,structure,1,1,8,0.125
HHH5,HHH,negative,topography,1,1,8,0.125
HHH5,HHH,negative,urban integration,1,1,8,0.125
HHH5,HHH,negative,ventilation,1,1,8,0.125
HHH5,HHH,positive,circulation,2,1,7,0.2857142857142857
HHH5,HHH,positive,flexibility,1,1,7,0.14285714285714285
HHH5,HHH,positive,functionality,1,1,7,0.14285714285714285
HHH5,HHH,positive,layout,3,1,7,0.42857142857142855
HHH5,HHH,positive,massing,1,1,7,0.14285714285714285
HHH5,HHH,positive,scale,1,1,7,0.14285714285714285
HHH5,HHH,positive,sustainability,1,1,7,0.14285714285714285
HHH5,HHH,positive,urban integration,3,1,7,0.42857142857142855
HHH5,HHH,positive,ventilation,1,1,7,0.14285714285714285
HHH6,HHH,negative,circulation,2,1,7,0.2857142857142857
HHH6,HHH,negative,expression,2,1,7,0.2857142857142857
HHH6,HHH,negative,facade,2,1,7,0.2857142857142857
HHH6,HHH,negative,functionality,2,1,7,0.2857142857142857
HHH6,HHH,negative,identity,2,1,7,0.2857142857142857
HHH6,HHH,negative,landscape,1,1,7,0.14285714285714285
HHH6,HHH,negative,layout,3,1,7,0.42857142857142855
HHH6,HHH,negative,open space,1,1,7,0.14285714285714285
HHH6,HHH,negative,proportion,1,1,7,0.14285714285714285
HHH6,HHH,negative,urban integration,4,1,7,0.5714285714285714
HHH6,HHH,positive,cost,1,1,4,0.25
HHH6,HHH,positive,daylight,1,1,4,0.25
HHH6,HHH,positive,flexibility,1,1,4,0.25
HHH6,HHH,positive,functionality,2,1,4,0.5
HHH6,HHH,positive,landscape,1,1,4,0.25
HHH6,HHH,positive,massing,1,1,4,0.25
HHH6,HHH,positive,open space,1,1,4,0.25
HHH6,HHH,positive,scale,1,1,4,0.25
HHH6,HHH,positive,structure,1,1,4,0.25
HHH6,HHH,positive,urban integration,2,1,4,0.5
HHHH1,HHHH,negative,accessibility,1,1,4,0.25
HHHH1,HHHH,negative,circulation,1,1,4,0.25
HHHH1,HHHH,negative,cost,1,1,4,0.25
HHHH1,HHHH,negative,flexibility,1,1,4,0.25
HHHH1,HHHH,negative,functionality,3,1,4,0.75
HHHH1,HHHH,negative,layout,1,1,4,0.25
HHHH1,HHHH,negative,proportion,1,1,4,0.25
HHHH1,HHHH,positive,circulation,1,1,8,0.125
HHHH1,HHHH,positive,facade,2,1,8,0.25
HHHH1,HHHH,positive,flexibility,1,1,8,0.125
HHHH1,HHHH,positive,functionality,1,1,8,0.125
HHHH1,HHHH,positive,identity,2,1,8,0.25
HHHH1,HHHH,positive,layout,3,1,8,0.375
HHHH1,HHHH,positive,massing,4,1,8,0.5
HHHH1,HHHH,positive,open space,1,1,8,0.125
HHHH1,HHHH,positive,privacy,1,1,8,0.125
HHHH1,HHHH,positive,scale,1,1,8,0.125
HHHH1,HHHH,positive,structure,1,1,8,0.125
HHHH1,HHHH,positive,sustainability,1,1,8,0.125
HHHH1,HHHH,positive,urban integration,3,1,8,0.375
HHHH1,HHHH,positive,visibility,1,1,8,0.125
HHHH2,HHHH,negative,acoustics,1,1,8,0.125
HHHH2,HHHH,negative,expression,2,1,8,0.25
HHHH2,HHHH,negative,facade,1,1,8,0.125
HHHH2,HHHH,negative,functionality,1,1,8,0.125
HHHH2,HHHH,negative,identity,1,1,8,0.125
HHHH2,HHHH,negative,landscape,1,1,8,0.125
HHHH2,HHHH,negative,massing,2,1,8,0.25
HHHH2,HHHH,negative,open space,4,1,8,0.5
HHHH2,HHHH,negative,privacy,2,1,8,0.25
HHHH2,HHHH,negative,structure,1,1,8,0.125
HHHH2,HHHH,negative,sustainability,1,1,8,0.125
HHHH2,HHHH,negative,topography,1,1,8,0.125
HHHH2,HHHH,negative,urban integration,4,1,8,0.5
HHHH2,HHHH,positive,circulation,2,1,5,0.4
HHHH2,HHHH,positive,flexibility,1,1,5,0.2
HHHH2,HHHH,positive,functionality,3,1,5,0.6
HHHH2,HHHH,positive,layout,3,1,5,0.6
HHHH2,HHHH,positive,massing,1,1,5,0.2
HHHH2,HHHH,positive,open space,1,1,5,0.2
HHHH2,HHHH,positive,structure,1,1,5,0.2
HHHH2,HHHH,positive,urban integration,1,1,5,0.2
HHHH3,HHHH,negative,accessibility,1,1,5,0.2
HHHH3,HHHH,negative,circulation,2,1,5,0.4
HHHH3,HHHH,negative,expression,1,1,5,0.2
HHHH3,HHHH,negative,functionality,1,1,5,0.2
HHHH3,HHHH,negative,identity,1,1,5,0.2
HHHH3,HHHH,negative,massing,2,1,5,0.4
HHHH3,HHHH,negative,scale,2,1,5,0.4
HHHH3,HHHH,negative,topography,1,1,5,0.2
HHHH3,HHHH,negative,urban integration,3,1,5,0.6
HHHH3,HHHH,positive,accessibility,1,1,6,0.16666666666666666
HHHH3,HHHH,positive,circulation,3,1,6,0.5
HHHH3,HHHH,positive,daylight,1,1,6,0.16666666666666666
HHHH3,HHHH,positive,expression,1,1,6,0.16666666666666666
HHHH3,HHHH,positive,facade,1,1,6,0.16666666666666666
HHHH3,HHHH,positive,functionality,1,1,6,0.16666666666666666
HHHH3,HHHH,positive,landscape,1,1,6,0.16666666666666666
HHHH3,HHHH,positive,layout,1,1,6,0.16666666666666666
HHHH3,HHHH,positive,massing,1,1,6,0.16666666666666666
HHHH3,HHHH,positive,open space,2,1,6,0.3333333333333333
HHHH3,HHHH,positive,urban integration,2,1,6,0.3333333333333333
HHHH3,HHHH,positive,visibility,1,1,6,0.16666666666666666
HHHH4,HHHH,negative,functionality,1,1,5,0.2
HHHH4,HHHH,negative,massing,3,1,5,0.6
HHHH4,HHHH,negative,open space,1,1,5,0.2
HHHH4,HHHH,negative,privacy,1,1,5,0.2
HHHH4,HHHH,negative,proportion,2,1,5,0.4
HHHH4,HHHH,negative,scale,1,1,5,0.2
HHHH4,HHHH,negative,urban integration,3,1,5,0.6
HHHH4,HHHH,negative,visibility,1,1,5,0.2
HHHH4,HHHH,positive,circulation,2,1,6,0.3333333333333333
HHHH4,HHHH,positive,expression,3,1,6,0.5
HHHH4,HHHH,positive,facade,1,1,6,0.16666666666666666
HHHH4,HHHH,positive,functionality,2,1,6,0.3333333333333333
HHHH4,HHHH,positive,layout,4,1,6,0.6666666666666666
HHHH4,HHHH,positive,massing,1,1,6,0.16666666666666666
HHHH4,HHHH,positive,open space,1,1,6,0.16666666666666666
HHHH4,HHHH,positive,structure,1,1,6,0.16666666666666666
HHHH4,HHHH,positive,urban integration,2,1,6,0.3333333333333333
HHHH4,HHHH,positive,visibility,1,1,6,0.16666666666666666
HHHH5,HHHH,negative,circulation,1,1,7,0.14285714285714285
HHHH5,HHHH,negative,daylight,1,1,7,0.14285714285714285
HHHH5,HHHH,negative,expression,2,1,7,0.2857142857142857
HHHH5,HHHH,negative,facade,1,1,7,0.14285714285714285
HHHH5,HHHH,negative,flexibility,1,1,7,0.14285714285714285
HHHH5,HHHH,negative,functionality,2,1,7,0.2857142857142857
HHHH5,HHHH,negative,layout,1,1,7,0.14285714285714285
HHHH5,HHHH,negative,massing,2,1,7,0.2857142857142857
HHHH5,HHHH,negative,scale,1,1,7,0.14285714285714285
HHHH5,HHHH,negative,structure,1,1,7,0.14285714285714285
HHHH5,HHHH,negative,urban integration,1,1,7,0.14285714285714285
HHHH5,HHHH,positive,expression,1,1,2,0.5
HHHH5,HHHH,positive,facade,1,1,2,0.5
HHHH5,HHHH,positive,functionality,1,1,2,0.5
HHHH5,HHHH,positive,massing,1,1,2,0.5
HHHH6,HHHH,negative,circulation,5,1,8,0.625
HHHH6,HHHH,negative,daylight,1,1,8,0.125
HHHH6,HHHH,negative,flexibility,1,1,8,0.125
HHHH6,HHHH,negative,functionality,3,1,8,0.375
HHHH6,HHHH,negative,layout,3,1,8,0.375
HHHH6,HHHH,negative,scale,1,1,8,0.125
HHHH6,HHHH,negative,urban integration,1,1,8,0.125
HHHH6,HHHH,positive,landscape,1,1,2,0.5
HHHH6,HHHH,positive,massing,2,1,2,1.0
HHHH6,HHHH,positive,open space,1,1,2,0.5
HHHH6,HHHH,positive,urban integration,1,1,2,0.5
HHHH7,HHHH,negative,circulation,1,1,10,0.1
HHHH7,HHHH,negative,cost,1,1,10,0.1
HHHH7,HHHH,negative,daylight,1,1,10,0.1
HHHH7,HHHH,negative,expression,3,1,10,0.3
HHHH7,HHHH,negative,facade,2,1,10,0.2
HHHH7,HHHH,negative,functionality,3,1,10,0.3
HHHH7,HHHH,negative,layout,4,1,10,0.4
HHHH7,HHHH,negative,massing,1,1,10,0.1
HHHH7,HHHH,negative,structure,1,1,10,0.1
HHHH7,HHHH,negative,urban integration,2,1,10,0.2
HHHH7,HHHH,positive,circulation,1,1,4,0.25
HHHH7,HHHH,positive,flexibility,1,1,4,0.25
HHHH7,HHHH,positive,massing,1,1,4,0.25
HHHH7,HHHH,positive,open space,1,1,4,0.25
HHHH7,HHHH,positive,structure,2,1,4,0.5
HHHH7,HHHH,positive,visibility,1,1,4,0.25
HHHH8,HHHH,negative,circulation,2,1,6,0.3333333333333333
HHHH8,HHHH,negative,functionality,3,1,6,0.5
HHHH8,HHHH,negative,identity,2,1,6,0.3333333333333333
HHHH8,HHHH,negative,layout,1,1,6,0.16666666666666666
HHHH8,HHHH,negative,scale,2,1,6,0.3333333333333333
HHHH8,HHHH,negative,urban integration,2,1,6,0.3333333333333333
HHHH8,HHHH,positive,cost,1,1,5,0.2
HHHH8,HHHH,positive,expression,1,1,5,0.2
HHHH8,HHHH,positive,facade,1,1,5,0.2
HHHH8,HHHH,positive,functionality,2,1,5,0.4
HHHH8,HHHH,positive,layout,2,1,5,0.4
HHHH8,HHHH,positive,urban integration,3,1,5,0.6
I1,I,negative,daylight,1,1,5,0.2
I1,I,negative,landscape,2,1,5,0.4
I1,I,negative,massing,1,1,5,0.2
I1,I,negative,open space,3,1,5,0.6
I1,I,negative,scale,1,1,5,0.2
I1,I,negative,urban integration,1,1,5,0.2
I1,I,positive,daylight,1,1,9,0.1111111111111111
I1,I,positive,expression,2,1,9,0.2222222222222222
I1,I,positive,flexibility,3,1,9,0.3333333333333333
I1,I,positive,functionality,3,1,9,0.3333333333333333
I1,I,positive,identity,1,1,9,0.1111111111111111
I1,I,positive,layout,3,1,9,0.3333333333333333
I1,I,positive,open space,1,1,9,0.1111111111111111
I1,I,positive,safety,1,1,9,0.1111111111111111
I1,I,positive,scale,1,1,9,0.1111111111111111
I1,I,positive,structure,1,1,9,0.1111111111111111
I1,I,positive,urban integration,2,1,9,0.2222222222222222
I2,I,negative,circulation,1,1,5,0.2
I2,I,negative,daylight,1,1,5,0.2
I2,I,negative,expression,1,1,5,0.2
I2,I,negative,facade,1,1,5,0.2
I2,I,negative,functionality,1,1,5,0.2
I2,I,negative,layout,3,1,5,0.6
I2,I,negative,massing,1,1,5,0.2
I2,I,negative,urban integration,1,1,5,0.2
I2,I,positive,daylight,1,1,6,0.16666666666666666
I2,I,positive,facade,1,1,6,0.16666666666666666
I2,I,positive,flexibility,1,1,6,0.16666666666666666
I2,I,positive,identity,1,1,6,0.16666666666666666
I2,I,positive,landscape,1,1,6,0.16666666666666666
I2,I,positive,layout,3,1,6,0.5
I2,I,positive,massing,1,1,6,0.16666666666666666
I2,I,positive,open space,2,1,6,0.3333333333333333
I2,I,positive,topography,1,1,6,0.16666666666666666
I2,I,positive,urban integration,2,1,6,0.3333333333333333
I3,I,negative,cost,2,1,8,0.25
I3,I,negative,daylight,1,1,8,0.125
I3,I,negative,functionality,3,1,8,0.375
I3,I,negative,landscape,2,1,8,0.25
I3,I,negative,layout,3,1,8,0.375
I3,I,negative,open space,2,1,8,0.25
I3,I,negative,scale,2,1,8,0.25
I3,I,negative,urban integration,1,1,8,0.125
I3,I,positive,daylight,1,1,4,0.25
I3,I,positive,expression,1,1,4,0.25
I3,I,positive,layout,2,1,4,0.5
I3,I,positive,open space,2,1,4,0.5
I3,I,positive,proportion,1,1,4,0.25
I3,I,positive,urban integration,2,1,4,0.5
I4,I,negative,circulation,1,1,5,0.2
I4,I,negative,flexibility,1,1,5,0.2
I4,I,negative,functionality,1,1,5,0.2
I4,I,negative,landscape,1,1,5,0.2
I4,I,negative,layout,3,1,5,0.6
I4,I,negative,scale,1,1,5,0.2
I4,I,negative,urban integration,1,1,5,0.2
I4,I,positive,circulation,1,1,7,0.14285714285714285
I4,I,positive,cost,1,1,7,0.14285714285714285
I4,I,positive,expression,1,1,7,0.14285714285714285
I4,I,positive,flexibility,1,1,7,0.14285714285714285
I4,I,positive,functionality,1,1,7,0.14285714285714285
I4,I,positive,layout,1,1,7,0.14285714285714285
I4,I,positive,massing,1,1,7,0.14285714285714285
I4,I,positive,open space,2,1,7,0.2857142857142857
I4,I,positive,operation,1,1,7,0.14285714285714285
I4,I,positive,structure,2,1,7,0.2857142857142857
I4,I,positive,urban integration,2,1,7,0.2857142857142857
I5,I,negative,circulation,1,1,9,0.1111111111111111
I5,I,negative,cost,1,1,9,0.1111111111111111
I5,I,negative,functionality,2,1,9,0.2222222222222222
I5,I,negative,landscape,1,1,9,0.1111111111111111
I5,I,negative,layout,3,1,9,0.3333333333333333
I5,I,negative,massing,2,1,9,0.2222222222222222
I5,I,negative,open space,1,1,9,0.1111111111111111
I5,I,negative,scale,3,1,9,0.3333333333333333
I5,I,negative,structure,1,1,9,0.1111111111111111
I5,I,negative,urban integration,3,1,9,0.3333333333333333
I5,I,positive,circulation,2,1,4,0.5
I5,I,positive,functionality,1,1,4,0.25
I5,I,positive,layout,2,1,4,0.5
I5,I,positive,massing,1,1,4,0.25
I5,I,positive,open space,1,1,4,0.25
I5,I,positive,scale,1,1,4,0.25
I5,I,positive,urban integration,1,1,4,0.25
I6,I,negative,circulation,1,1,5,0.2
I6,I,negative,cost,1,1,5,0.2
I6,I,negative,daylight,1,1,5,0.2
I6,I,negative,flexibility,1,1,5,0.2
I6,I,negative,functionality,1,1,5,0.2
I6,I,negative,identity,1,1,5,0.2
I6,I,negative,landscape,1,1,5,0.2
I6,I,negative,layout,2,1,5,0.4
I6,I,negative,urban integration,1,1,5,0.2
I6,I,positive,circulation,1,1,8,0.125
I6,I,positive,expression,1,1,8,0.125
I6,I,positive,functionality,2,1,8,0.25
I6,I,positive,layout,4,1,8,0.5
I6,I,positive,massing,1,1,8,0.125
I6,I,positive,open space,3,1,8,0.375
I6,I,positive,privacy,1,1,8,0.125
I6,I,positive,scale,1,1,8,0.125
I6,I,positive,structure,1,1,8,0.125
I6,I,positive,sustainability,1,1,8,0.125
I6,I,positive,urban integration,1,1,8,0.125
I7,I,negative,circulation,1,1,7,0.14285714285714285
I7,I,negative,daylight,2,1,7,0.2857142857142857
I7,I,negative,expression,1,1,7,0.14285714285714285
I7,I,negative,functionality,1,1,7,0.14285714285714285
I7,I,negative,landscape,1,1,7,0.14285714285714285
I7,I,negative,layout,2,1,7,0.2857142857142857
I7,I,negative,open space,2,1,7,0.2857142857142857
I7,I,negative,operation,1,1,7,0.14285714285714285
I7,I,negative,privacy,1,1,7,0.14285714285714285
I7,I,negative,sustainability,1,1,7,0.14285714285714285
I7,I,negative,urban integration,1,1,7,0.14285714285714285
I7,I,negative,visibility,1,1,7,0.14285714285714285
I7,I,positive,circulation,1,1,2,0.5
I7,I,positive,daylight,1,1,2,0.5
I7,I,positive,massing,1,1,2,0.5
I7,I,positive,proportion,1,1,2,0.5
I7,I,positive,scale,1,1,2,0.5
I7,I,positive,urban integration,1,1,2,0.5
II1,II,negative,daylight,1,1,6,0.16666666666666666
II1,II,negative,expression,2,1,6,0.3333333333333333
II1,II,negative,facade,3,1,6,0.5
II1,II,negative,functionality,2,1,6,0.3333333333333333
II1,II,negative,operation,1,1,6,0.16666666666666666
II1,II,negative,safety,1,1,6,0.16666666666666666
II1,II,negative,scale,1,1,6,0.16666666666666666
II1,II,negative,structure,1,1,6,0.16666666666666666
II1,II,negative,visibility,1,1,6,0.16666666666666666
II1,II,positive,circulation,1,1,5,0.2
II1,II,positive,expression,1,1,5,0.2
II1,II,positive,facade,1,1,5,0.2
II1,II,positive,flexibility,1,1,5,0.2
II1,II,positive,functionality,1,1,5,0.2
II1,II,positive,landscape,1,1,5,0.2
II1,II,positive,layout,1,1,5,0.2
II1,II,positive,open space,2,1,5,0.4
II1,II,positive,safety,1,1,5,0.2
II1,II,positive,structure,1,1,5,0.2
II1,II,positive,sustainability,1,1,5,0.2
II1,II,positive,urban integration,1,1,5,0.2
II1,II,positive,visibility,1,1,5,0.2
II2,II,negative,circulation,2,1,6,0.3333333333333333
II2,II,negative,functionality,3,1,6,0.5
II2,II,negative,landscape,1,1,6,0.16666666666666666
II2,II,negative,layout,2,1,6,0.3333333333333333
II2,II,negative,open space,2,1,6,0.3333333333333333
II2,II,negative,safety,1,1,6,0.16666666666666666
II2,II,negative,sustainability,1,1,6,0.16666666666666666
II2,II,negative,urban integration,1,1,6,0.16666666666666666
II2,II,positive,expression,1,1,4,0.25
II2,II,positive,facade,1,1,4,0.25
II2,II,positive,functionality,1,1,4,0.25
II2,II,positive,layout,2,1,4,0.5
II2,II,positive,open space,1,1,4,0.25
II2,II,positive,visibility,2,1,4,0.5
II3,II,negative,circulation,1,1,5,0.2
II3,II,negative,flexibility,1,1,5,0.2
II3,II,negative,functionality,3,1,5,0.6
II3,II,negative,landscape,1,1,5,0.2
II3,II,negative,layout,2,1,5,0.4
II3,II,negative,proportion,1,1,5,0.2
II3,II,negative,scale,1,1,5,0.2
II3,II,negative,urban integration,1,1,5,0.2
II3,II,positive,daylight,1,1,5,0.2
II3,II,positive,expression,1,1,5,0.2
II3,II,positive,facade,1,1,5,0.2
II3,II,positive,flexibility,1,1,5,0.2
II3,II,positive,landscape,1,1,5,0.2
II3,II,positive,layout,1,1,5,0.2
II3,II,positive,massing,1,1,5,0.2
II3,II,positive,scale,1,1,5,0.2
II3,II,positive,structure,1,1,5,0.2
II3,II,positive,topography,2,1,5,0.4
II3,II,positive,urban integration,1,1,5,0.2
II4,II,negative,circulation,1,1,8,0.125
II4,II,negative,daylight,1,1,8,0.125
II4,II,negative,facade,2,1,8,0.25
II4,II,negative,functionality,2,1,8,0.25
II4,II,negative,landscape,1,1,8,0.125
II4,II,negative,operation,2,1,8,0.25
II4,II,negative,structure,4,1,8,0.5
II4,II,negative,sustainability,1,1,8,0.125
II4,II,negative,urban integration,2,1,8,0.25
II4,II,positive,circulation,1,1,4,0.25
II4,II,positive,daylight,1,1,4,0.25
II4,II,positive,expression,1,1,4,0.25
II4,II,positive,functionality,1,1,4,0.25
II4,II,positive,layout,2,1,4,0.5
II4,II,positive,massing,1,1,4,0.25
II4,II,positive,proportion,1,1,4,0.25
II5,II,negative,circulation,2,1,7,0.2857142857142857
II5,II,negative,functionality,3,1,7,0.42857142857142855
II5,II,negative,identity,1,1,7,0.14285714285714285
II5,II,negative,landscape,3,1,7,0.42857142857142855
II5,II,negative,layout,2,1,7,0.2857142857142857
II5,II,negative,open space,1,1,7,0.14285714285714285
II5,II,negative,operation,1,1,7,0.14285714285714285
II5,II,negative,proportion,1,1,7,0.14285714285714285
II5,II,negative,sustainability,1,1,7,0.14285714285714285
II5,II,negative,urban integration,1,1,7,0.14285714285714285
II5,II,positive,circulation,1,1,4,0.25
II5,II,positive,identity,1,1,4,0.25
II5,II,positive,landscape,1,1,4,0.25
II5,II,positive,layout,2,1,4,0.5
II5,II,positive,massing,3,1,4,0.75
II5,II,positive,open space,1,1,4,0.25
II5,II,positive,orientation,1,1,4,0.25
II5,II,positive,urban integration,1,1,4,0.25
II5,II,positive,visibility,1,1,4,0.25
II6,II,negative,circulation,3,1,7,0.42857142857142855
II6,II,negative,expression,1,1,7,0.14285714285714285
II6,II,negative,functionality,2,1,7,0.2857142857142857
II6,II,negative,identity,2,1,7,0.2857142857142857
II6,II,negative,landscape,2,1,7,0.2857142857142857
II6,II,negative,layout,1,1,7,0.14285714285714285
II6,II,negative,massing,2,1,7,0.2857142857142857
II6,II,negative,open space,2,1,7,0.2857142857142857
II6,II,negative,safety,1,1,7,0.14285714285714285
II6,II,negative,urban integration,1,1,7,0.14285714285714285
II6,II,positive,circulation,1,1,5,0.2
II6,II,positive,expression,1,1,5,0.2
II6,II,positive,facade,1,1,5,0.2
II6,II,positive,landscape,2,1,5,0.4
II6,II,positive,layout,2,1,5,0.4
II6,II,positive,massing,2,1,5,0.4
II6,II,positive,sustainability,1,1,5,0.2
II6,II,positive,topography,1,1,5,0.2
II6,II,positive,urban integration,1,1,5,0.2
III1,III,negative,accessibility,2,1,12,0.16666666666666666
III1,III,negative,circulation,5,1,12,0.4166666666666667
III1,III,negative,expression,1,1,12,0.08333333333333333
III1,III,negative,facade,1,1,12,0.08333333333333333
III1,III,negative,functionality,4,1,12,0.3333333333333333
III1,III,negative,landscape,3,1,12,0.25
III1,III,negative,layout,3,1,12,0.25
III1,III,negative,open space,3,1,12,0.25
III1,III,negative,operation,1,1,12,0.08333333333333333
III1,III,negative,safety,2,1,12,0.16666666666666666
III1,III,negative,structure,1,1,12,0.08333333333333333
III1,III,negative,sustainability,1,1,12,0.08333333333333333
III1,III,negative,topography,1,1,12,0.08333333333333333
III1,III,negative,urban integration,1,1,12,0.08333333333333333
III1,III,positive,cost,1,1,9,0.1111111111111111
III1,III,positive,daylight,1,1,9,0.1111111111111111
III1,III,positive,expression,1,1,9,0.1111111111111111
III1,III,positive,facade,2,1,9,0.2222222222222222
III1,III,positive,flexibility,1,1,9,0.1111111111111111
III1,III,positive,functionality,1,1,9,0.1111111111111111
III1,III,positive,identity,1,1,9,0.1111111111111111
III1,III,positive,landscape,1,1,9,0.1111111111111111
III1,III,positive,layout,3,1,9,0.3333333333333333
III1,III,positive,massing,2,1,9,0.2222222222222222
III1,III,positive,open space,1,1,9,0.1111111111111111
III1,III,positive,structure,1,1,9,0.1111111111111111
III1,III,positive,sustainability,2,1,9,0.2222222222222222
III1,III,positive,topography,1,1,9,0.1111111111111111
III1,III,positive,urban integration,3,1,9,0.3333333333333333
III1,III,positive,visibility,2,1,9,0.2222222222222222
III2,III,negative,circulation,1,1,7,0.14285714285714285
III2,III,negative,daylight,1,1,7,0.14285714285714285
III2,III,negative,expression,3,1,7,0.42857142857142855
III2,III,negative,facade,1,1,7,0.14285714285714285
III2,III,negative,flexibility,1,1,7,0.14285714285714285
III2,III,negative,functionality,2,1,7,0.2857142857142857
III2,III,negative,layout,1,1,7,0.14285714285714285
III2,III,negative,massing,1,1,7,0.14285714285714285
III2,III,negative,operation,2,1,7,0.2857142857142857
III2,III,negative,structure,3,1,7,0.42857142857142855
III2,III,negative,urban integration,1,1,7,0.14285714285714285
III2,III,positive,accessibility,1,1,9,0.1111111111111111
III2,III,positive,circulation,2,1,9,0.2222222222222222
III2,III,positive,cost,1,1,9,0.1111111111111111
III2,III,positive,expression,1,1,9,0.1111111111111111
III2,III,positive,facade,1,1,9,0.1111111111111111
III2,III,positive,flexibility,1,1,9,0.1111111111111111
III2,III,positive,functionality,1,1,9,0.1111111111111111
III2,III,positive,identity,1,1,9,0.1111111111111111
III2,III,positive,landscape,4,1,9,0.4444444444444444
III2,III,positive,layout,1,1,9,0.1111111111111111
III2,III,positive,massing,3,1,9,0.3333333333333333
III2,III,positive,open space,1,1,9,0.1111111111111111
III2,III,positive,structure,1,1,9,0.1111111111111111
III2,III,positive,sustainability,2,1,9,0.2222222222222222
III2,III,positive,urban integration,3,1,9,0.3333333333333333
III3,III,negative,circulation,2,1,9,0.2222222222222222
III3,III,negative,daylight,1,1,9,0.1111111111111111
III3,III,negative,functionality,2,1,9,0.2222222222222222
III3,III,negative,landscape,2,1,9,0.2222222222222222
III3,III,negative,layout,3,1,9,0.3333333333333333
III3,III,negative,massing,1,1,9,0.1111111111111111
III3,III,negative,open space,1,1,9,0.1111111111111111
III3,III,negative,operation,1,1,9,0.1111111111111111
III3,III,negative,privacy,1,1,9,0.1111111111111111
III3,III,negative,sustainability,2,1,9,0.2222222222222222
III3,III,negative,topography,1,1,9,0.1111111111111111
III3,III,negative,urban integration,2,1,9,0.2222222222222222
III3,III,negative,visibility,2,1,9,0.2222222222222222
III3,III,positive,circulation,1,1,7,0.14285714285714285
III3,III,positive,cost,1,1,7,0.14285714285714285
III3,III,positive,daylight,3,1,7,0.42857142857142855
III3,III,positive,expression,2,1,7,0.2857142857142857
III3,III,positive,facade,1,1,7,0.14285714285714285
III3,III,positive,functionality,1,1,7,0.14285714285714285
III3,III,positive,layout,3,1,7,0.42857142857142855
III3,III,positive,massing,1,1,7,0.14285714285714285
III3,III,positive,open space,2,1,7,0.2857142857142857
III3,III,positive,orientation,1,1,7,0.14285714285714285
III3,III,positive,urban integration,2,1,7,0.2857142857142857
III3,III,positive,visibility,1,1,7,0.14285714285714285
III4,III,negative,circulation,1,1,7,0.14285714285714285
III4,III,negative,expression,1,1,7,0.14285714285714285
III4,III,negative,facade,1,1,7,0.14285714285714285
III4,III,negative,functionality,4,1,7,0.5714285714285714
III4,III,negative,landscape,2,1,7,0.2857142857142857
III4,III,negative,layout,2,1,7,0.2857142857142857
III4,III,negative,massing,1,1,7,0.14285714285714285
III4,III,negative,open space,2,1,7,0.2857142857142857
III4,III,negative,structure,1,1,7,0.14285714285714285
III4,III,negative,urban integration,2,1,7,0.2857142857142857
III4,III,positive,massing,1,1,2,0.5
III4,III,positive,open space,1,1,2,0.5
III4,III,positive,topography,1,1,2,0.5
III4,III,positive,urban integration,2,1,2,1.0
III5,III,negative,circulation,1,1,7,0.14285714285714285
III5,III,negative,daylight,1,1,7,0.14285714285714285
III5,III,negative,expression,1,1,7,0.14285714285714285
III5,III,negative,flexibility,1,1,7,0.14285714285714285
III5,III,negative,functionality,1,1,7,0.14285714285714285
III5,III,negative,landscape,2,1,7,0.2857142857142857
III5,III,negative,layout,2,1,7,0.2857142857142857
III5,III,negative,open space,1,1,7,0.14285714285714285
III5,III,negative,structure,2,1,7,0.2857142857142857
III5,III,negative,sustainability,3,1,7,0.42857142857142855
III5,III,positive,expression,1,1,7,0.14285714285714285
III5,III,positive,functionality,2,1,7,0.2857142857142857
III5,III,positive,landscape,1,1,7,0.14285714285714285
III5,III,positive,layout,2,1,7,0.2857142857142857
III5,III,positive,massing,3,1,7,0.42857142857142855
III5,III,positive,open space,2,1,7,0.2857142857142857
III5,III,positive,structure,1,1,7,0.14285714285714285
III5,III,positive,sustainability,1,1,7,0.14285714285714285
III5,III,positive,topography,1,1,7,0.14285714285714285
III5,III,positive,urban integration,1,1,7,0.14285714285714285
IIII1,IIII,negative,circulation,2,1,4,0.5
IIII1,IIII,negative,functionality,1,1,4,0.25
IIII1,IIII,negative,layout,1,1,4,0.25
IIII1,IIII,negative,safety,1,1,4,0.25
IIII1,IIII,negative,sustainability,1,1,4,0.25
IIII1,IIII,positive,circulation,1,1,8,0.125
IIII1,IIII,positive,cost,1,1,8,0.125
IIII1,IIII,positive,daylight,1,1,8,0.125
IIII1,IIII,positive,expression,1,1,8,0.125
IIII1,IIII,positive,facade,1,1,8,0.125
IIII1,IIII,positive,flexibility,1,1,8,0.125
IIII1,IIII,positive,functionality,1,1,8,0.125
IIII1,IIII,positive,identity,1,1,8,0.125
IIII1,IIII,positive,landscape,1,1,8,0.125
IIII1,IIII,positive,layout,1,1,8,0.125
IIII1,IIII,positive,massing,1,1,8,0.125
IIII1,IIII,positive,structure,1,1,8,0.125
IIII1,IIII,positive,sustainability,1,1,8,0.125
IIII1,IIII,positive,urban integration,3,1,8,0.375
IIII1,IIII,positive,ventilation,1,1,8,0.125
IIII2,IIII,negative,circulation,1,1,5,0.2
IIII2,IIII,negative,functionality,3,1,5,0.6
IIII2,IIII,negative,layout,2,1,5,0.4
IIII2,IIII,negative,open space,1,1,5,0.2
IIII2,IIII,negative,operation,1,1,5,0.2
IIII2,IIII,negative,sustainability,1,1,5,0.2
IIII2,IIII,positive,circulation,3,1,8,0.375
IIII2,IIII,positive,cost,1,1,8,0.125
IIII2,IIII,positive,daylight,1,1,8,0.125
IIII2,IIII,positive,expression,2,1,8,0.25
IIII2,IIII,positive,facade,1,1,8,0.125
IIII2,IIII,positive,functionality,2,1,8,0.25
IIII2,IIII,positive,massing,1,1,8,0.125
IIII2,IIII,positive,open space,1,1,8,0.125
IIII2,IIII,positive,proportion,1,1,8,0.125
IIII2,IIII,positive,sustainability,1,1,8,0.125
IIII2,IIII,positive,urban integration,2,1,8,0.25
IIII2,IIII,positive,visibility,1,1,8,0.125
IIII3,IIII,negative,accessibility,1,1,10,0.1
IIII3,IIII,negative,circulation,3,1,10,0.3
IIII3,IIII,negative,daylight,1,1,10,0.1
IIII3,IIII,negative,expression,1,1,10,0.1
IIII3,IIII,negative,facade,1,1,10,0.1
IIII3,IIII,negative,functionality,1,1,10,0.1
IIII3,IIII,negative,identity,1,1,10,0.1
IIII3,IIII,negative,layout,2,1,10,0.2
IIII3,IIII,negative,massing,2,1,10,0.2
IIII3,IIII,negative,open space,1,1,10,0.1
IIII3,IIII,negative,operation,2,1,10,0.2
IIII3,IIII,negative,proportion,1,1,10,0.1
IIII3,IIII,negative,safety,1,1,10,0.1
IIII3,IIII,negative,sustainability,2,1,10,0.2
IIII3,IIII,negative,urban integration,1,1,10,0.1
IIII3,IIII,positive,circulation,2,1,6,0.3333333333333333
IIII3,IIII,positive,daylight,1,1,6,0.16666666666666666
IIII3,IIII,positive,functionality,2,1,6,0.3333333333333333
IIII3,IIII,positive,landscape,1,1,6,0.16666666666666666
IIII3,IIII,positive,layout,3,1,6,0.5
IIII3,IIII,positive,massing,2,1,6,0.3333333333333333
IIII3,IIII,positive,open space,1,1,6,0.16666666666666666
IIII3,IIII,positive,urban integration,1,1,6,0.16666666666666666
IIII4,IIII,negative,circulation,3,1,10,0.3
IIII4,IIII,negative,cost,1,1,10,0.1
IIII4,IIII,negative,daylight,1,1,10,0.1
IIII4,IIII,negative,functionality,4,1,10,0.4
IIII4,IIII,negative,identity,2,1,10,0.2
IIII4,IIII,negative,landscape,1,1,10,0.1
IIII4,IIII,negative,layout,2,1,10,0.2
IIII4,IIII,negative,massing,1,1,10,0.1
IIII4,IIII,negative,open space,3,1,10,0.3
IIII4,IIII,negative,operation,3,1,10,0.3
IIII4,IIII,negative,proportion,2,1,10,0.2
IIII4,IIII,negative,scale,1,1,10,0.1
IIII4,IIII,negative,urban integration,1,1,10,0.1
IIII4,IIII,positive,accessibility,1,1,6,0.16666666666666666
IIII4,IIII,positive,expression,1,1,6,0.16666666666666666
IIII4,IIII,positive,facade,1,1,6,0.16666666666666666
IIII4,IIII,positive,functionality,1,1,6,0.16666666666666666
IIII4,IIII,positive,identity,2,1,6,0.3333333333333333
IIII4,IIII,positive,landscape,1,1,6,0.16666666666666666
IIII4,IIII,positive,layout,2,1,6,0.3333333333333333
IIII4,IIII,positive,massing,1,1,6,0.16666666666666666
IIII4,IIII,positive,open space,1,1,6,0.16666666666666666
IIII4,IIII,positive,proportion,1,1,6,0.16666666666666666
IIII4,IIII,positive,scale,1,1,6,0.16666666666666666
IIII4,IIII,positive,urban integration,3,1,6,0.5
IIII5,IIII,negative,circulation,2,1,9,0.2222222222222222
IIII5,IIII,negative,expression,1,1,9,0.1111111111111111
IIII5,IIII,negative,flexibility,1,1,9,0.1111111111111111
IIII5,IIII,negative,functionality,2,1,9,0.2222222222222222
IIII5,IIII,negative,landscape,1,1,9,0.1111111111111111
IIII5,IIII,negative,layout,5,1,9,0.5555555555555556
IIII5,IIII,negative,massing,1,1,9,0.1111111111111111
IIII5,IIII,negative,operation,5,1,9,0.5555555555555556
IIII5,IIII,negative,safety,2,1,9,0.2222222222222222
IIII5,IIII,negative,scale,1,1,9,0.1111111111111111
IIII5,IIII,negative,sustainability,1,1,9,0.1111111111111111
IIII5,IIII,negative,urban integration,1,1,9,0.1111111111111111
IIII5,IIII,negative,visibility,1,1,9,0.1111111111111111
IIII5,IIII,positive,accessibility,1,1,7,0.14285714285714285
IIII5,IIII,positive,circulation,1,1,7,0.14285714285714285
IIII5,IIII,positive,cost,1,1,7,0.14285714285714285
IIII5,IIII,positive,daylight,1,1,7,0.14285714285714285
IIII5,IIII,positive,expression,1,1,7,0.14285714285714285
IIII5,IIII,positive,flexibility,3,1,7,0.42857142857142855
IIII5,IIII,positive,functionality,1,1,7,0.14285714285714285
IIII5,IIII,positive,identity,1,1,7,0.14285714285714285
IIII5,IIII,positive,landscape,1,1,7,0.14285714285714285
IIII5,IIII,positive,layout,4,1,7,0.5714285714285714
IIII5,IIII,positive,massing,1,1,7,0.14285714285714285
IIII5,IIII,positive,open space,1,1,7,0.14285714285714285
IIII5,IIII,positive,urban integration,1,1,7,0.14285714285714285
IIII6,IIII,negative,accessibility,1,1,10,0.1
IIII6,IIII,negative,circulation,2,1,10,0.2
IIII6,IIII,negative,comfort,1,1,10,0.1
IIII6,IIII,negative,cost,1,1,10,0.1
IIII6,IIII,negative,daylight,1,1,10,0.1
IIII6,IIII,negative,expression,1,1,10,0.1
IIII6,IIII,negative,fire safety,1,1,10,0.1
IIII6,IIII,negative,functionality,2,1,10,0.2
IIII6,IIII,negative,landscape,1,1,10,0.1
IIII6,IIII,negative,layout,3,1,10,0.3
IIII6,IIII,negative,massing,3,1,10,0.3
IIII6,IIII,negative,open space,1,1,10,0.1
IIII6,IIII,negative,operation,2,1,10,0.2
IIII6,IIII,negative,scale,2,1,10,0.2
IIII6,IIII,negative,sustainability,1,1,10,0.1
IIII6,IIII,negative,urban integration,2,1,10,0.2
IIII6,IIII,positive,circulation,2,1,5,0.4
IIII6,IIII,positive,daylight,1,1,5,0.2
IIII6,IIII,positive,functionality,2,1,5,0.4
IIII6,IIII,positive,identity,2,1,5,0.4
IIII6,IIII,positive,landscape,1,1,5,0.2
IIII6,IIII,positive,layout,3,1,5,0.6
IIII6,IIII,positive,sustainability,1,1,5,0.2
IIII6,IIII,positive,visibility,1,1,5,0.2
J1,J,negative,circulation,3,1,9,0.3333333333333333
J1,J,negative,daylight,1,1,9,0.1111111111111111
J1,J,negative,expression,2,1,9,0.2222222222222222
J1,J,negative,facade,1,1,9,0.1111111111111111
J1,J,negative,fire safety,2,1,9,0.2222222222222222
J1,J,negative,functionality,3,1,9,0.3333333333333333
J1,J,negative,landscape,2,1,9,0.2222222222222222
J1,J,negative,massing,2,1,9,0.2222222222222222
J1,J,negative,scale,3,1,9,0.3333333333333333
J1,J,negative,urban integration,2,1,9,0.2222222222222222
J1,J,positive,circulation,3,1,10,0.3
J1,J,positive,cost,1,1,10,0.1
J1,J,positive,daylight,1,1,10,0.1
J1,J,positive,expression,1,1,10,0.1
J1,J,positive,facade,1,1,10,0.1
J1,J,positive,fire safety,1,1,10,0.1
J1,J,positive,functionality,2,1,10,0.2
J1,J,positive,identity,2,1,10,0.2
J1,J,positive,landscape,2,1,10,0.2
J1,J,positive,layout,2,1,10,0.2
J1,J,positive,massing,3,1,10,0.3
J1,J,positive,open space,2,1,10,0.2
J1,J,positive,structure,1,1,10,0.1
J1,J,positive,sustainability,1,1,10,0.1
J1,J,positive,urban integration,2,1,10,0.2
J2,J,negative,circulation,3,1,8,0.375
J2,J,negative,cost,2,1,8,0.25
J2,J,negative,facade,1,1,8,0.125
J2,J,negative,identity,1,1,8,0.125
J2,J,negative,landscape,1,1,8,0.125
J2,J,negative,massing,1,1,8,0.125
J2,J,negative,open space,1,1,8,0.125
J2,J,negative,operation,1,1,8,0.125
J2,J,negative,safety,2,1,8,0.25
J2,J,negative,structure,2,1,8,0.25
J2,J,negative,sustainability,1,1,8,0.125
J2,J,negative,urban integration,4,1,8,0.5
J2,J,positive,accessibility,1,1,10,0.1
J2,J,positive,cost,1,1,10,0.1
J2,J,positive,daylight,3,1,10,0.3
J2,J,positive,expression,2,1,10,0.2
J2,J,positive,facade,1,1,10,0.1
J2,J,positive,flexibility,1,1,10,0.1
J2,J,positive,functionality,2,1,10,0.2
J2,J,positive,identity,2,1,10,0.2
J2,J,positive,layout,1,1,10,0.1
J2,J,positive,massing,4,1,10,0.4
J2,J,positive,open space,2,1,10,0.2
J2,J,positive,proportion,1,1,10,0.1
J2,J,positive,scale,1,1,10,0.1
J2,J,positive,sustainability,2,1,10,0.2
J2,J,positive,topography,1,1,10,0.1
J2,J,positive,urban integration,3,1,10,0.3
J3,J,negative,circulation,2,1,9,0.2222222222222222
J3,J,negative,cost,2,1,9,0.2222222222222222
J3,J,negative,expression,1,1,9,0.1111111111111111
J3,J,negative,facade,1,1,9,0.1111111111111111
J3,J,negative,fire safety,3,1,9,0.3333333333333333
J3,J,negative,functionality,3,1,9,0.3333333333333333
J3,J,negative,layout,2,1,9,0.2222222222222222
J3,J,negative,massing,1,1,9,0.1111111111111111
J3,J,negative,proportion,1,1,9,0.1111111111111111
J3,J,negative,safety,1,1,9,0.1111111111111111
J3,J,negative,sustainability,1,1,9,0.1111111111111111
J3,J,negative,urban integration,1,1,9,0.1111111111111111
J3,J,positive,acoustics,1,1,8,0.125
J3,J,positive,circulation,2,1,8,0.25
J3,J,positive,daylight,1,1,8,0.125
J3,J,positive,expression,1,1,8,0.125
J3,J,positive,facade,1,1,8,0.125
J3,J,positive,functionality,5,1,8,0.625
J3,J,positive,identity,1,1,8,0.125
J3,J,positive,layout,3,1,8,0.375
J3,J,positive,massing,2,1,8,0.25
J3,J,positive,open space,2,1,8,0.25
J3,J,positive,safety,1,1,8,0.125
J3,J,positive,topography,1,1,8,0.125
J3,J,positive,urban integration,2,1,8,0.25
J4,J,negative,circulation,3,1,9,0.3333333333333333
J4,J,negative,daylight,1,1,9,0.1111111111111111
J4,J,negative,expression,2,1,9,0.2222222222222222
J4,J,negative,functionality,3,1,9,0.3333333333333333
J4,J,negative,layout,2,1,9,0.2222222222222222
J4,J,negative,massing,1,1,9,0.1111111111111111
J4,J,negative,open space,3,1,9,0.3333333333333333
J4,J,negative,proportion,1,1,9,0.1111111111111111
J4,J,negative,structure,1,1,9,0.1111111111111111
J4,J,negative,urban integration,2,1,9,0.2222222222222222
J4,J,positive,acoustics,1,1,8,0.125
J4,J,positive,cost,1,1,8,0.125
J4,J,positive,expression,1,1,8,0.125
J4,J,positive,facade,1,1,8,0.125
J4,J,positive,identity,1,1,8,0.125
J4,J,positive,landscape,3,1,8,0.375
J4,J,positive,layout,1,1,8,0.125
J4,J,positive,massing,5,1,8,0.625
J4,J,positive,open space,3,1,8,0.375
J4,J,positive,proportion,1,1,8,0.125
J4,J,positive,sustainability,1,1,8,0.125
J4,J,positive,topography,1,1,8,0.125
J4,J,positive,urban integration,2,1,8,0.25
J4,J,positive,visibility,1,1,8,0.125
J5,J,negative,circulation,7,1,9,0.7777777777777778
J5,J,negative,fire safety,1,1,9,0.1111111111111111
J5,J,negative,functionality,4,1,9,0.4444444444444444
J5,J,negative,layout,2,1,9,0.2222222222222222
J5,J,negative,massing,1,1,9,0.1111111111111111
J5,J,negative,open space,2,1,9,0.2222222222222222
J5,J,negative,operation,2,1,9,0.2222222222222222
J5,J,negative,proportion,1,1,9,0.1111111111111111
J5,J,positive,cost,1,1,9,0.1111111111111111
J5,J,positive,daylight,1,1,9,0.1111111111111111
J5,J,positive,expression,1,1,9,0.1111111111111111
J5,J,positive,facade,1,1,9,0.1111111111111111
J5,J,positive,flexibility,3,1,9,0.3333333333333333
J5,J,positive,functionality,1,1,9,0.1111111111111111
J5,J,positive,identity,1,1,9,0.1111111111111111
J5,J,positive,layout,2,1,9,0.2222222222222222
J5,J,positive,massing,4,1,9,0.4444444444444444
J5,J,positive,open space,2,1,9,0.2222222222222222
J5,J,positive,scale,1,1,9,0.1111111111111111
J5,J,positive,urban integration,3,1,9,0.3333333333333333
J5,J,positive,visibility,1,1,9,0.1111111111111111
JJ1,JJ,positive,circulation,1,1,6,0.16666666666666666
JJ1,JJ,positive,daylight,1,1,6,0.16666666666666666
JJ1,JJ,positive,expression,1,1,6,0.16666666666666666
JJ1,JJ,positive,facade,1,1,6,0.16666666666666666
JJ1,JJ,positive,flexibility,1,1,6,0.16666666666666666
JJ1,JJ,positive,functionality,2,1,6,0.3333333333333333
JJ1,JJ,positive,identity,1,1,6,0.16666666666666666
JJ1,JJ,positive,landscape,1,1,6,0.16666666666666666
JJ1,JJ,positive,layout,1,1,6,0.16666666666666666
JJ1,JJ,positive,massing,2,1,6,0.3333333333333333
JJ1,JJ,positive,open space,1,1,6,0.16666666666666666
JJ1,JJ,positive,operation,1,1,6,0.16666666666666666
JJ1,JJ,positive,proportion,1,1,6,0.16666666666666666
JJ1,JJ,positive,sustainability,1,1,6,0.16666666666666666
JJ1,JJ,positive,urban integration,1,1,6,0.16666666666666666
JJ2,JJ,negative,circulation,3,1,7,0.42857142857142855
JJ2,JJ,negative,expression,1,1,7,0.14285714285714285
JJ2,JJ,negative,fire safety,1,1,7,0.14285714285714285
JJ2,JJ,negative,functionality,1,1,7,0.14285714285714285
JJ2,JJ,negative,landscape,1,1,7,0.14285714285714285
JJ2,JJ,negative,layout,1,1,7,0.14285714285714285
JJ2,JJ,negative,open space,1,1,7,0.14285714285714285
JJ2,JJ,negative,safety,1,1,7,0.14285714285714285
JJ2,JJ,negative,structure,1,1,7,0.14285714285714285
JJ2,JJ,negative,topography,4,1,7,0.5714285714285714
JJ2,JJ,positive,circulation,3,1,9,0.3333333333333333
JJ2,JJ,positive,expression,2,1,9,0.2222222222222222
JJ2,JJ,positive,flexibility,2,1,9,0.2222222222222222
JJ2,JJ,positive,functionality,1,1,9,0.1111111111111111
JJ2,JJ,positive,identity,1,1,9,0.1111111111111111
JJ2,JJ,positive,landscape,2,1,9,0.2222222222222222
JJ2,JJ,positive,layout,3,1,9,0.3333333333333333
JJ2,JJ,positive,massing,1,1,9,0.1111111111111111
JJ2,JJ,positive,open space,3,1,9,0.3333333333333333
JJ2,JJ,positive,proportion,1,1,9,0.1111111111111111
JJ2,JJ,positive,structure,1,1,9,0.1111111111111111
JJ2,JJ,positive,topography,1,1,9,0.1111111111111111
JJ2,JJ,positive,urban integration,3,1,9,0.3333333333333333
JJ3,JJ,negative,circulation,2,1,5,0.4
JJ3,JJ,negative,cost,1,1,5,0.2
JJ3,JJ,negative,expression,1,1,5,0.2
JJ3,JJ,negative,functionality,2,1,5,0.4
JJ3,JJ,negative,landscape,1,1,5,0.2
JJ3,JJ,negative,massing,1,1,5,0.2
JJ3,JJ,negative,scale,1,1,5,0.2
JJ3,JJ,negative,urban integration,2,1,5,0.4
JJ3,JJ,positive,daylight,1,1,4,0.25
JJ3,JJ,positive,expression,1,1,4,0.25
JJ3,JJ,positive,flexibility,1,1,4,0.25
JJ3,JJ,positive,landscape,1,1,4,0.25
JJ3,JJ,positive,layout,1,1,4,0.25
JJ3,JJ,positive,massing,1,1,4,0.25
JJ3,JJ,positive,open space,1,1,4,0.25
JJ3,JJ,positive,structure,1,1,4,0.25
JJ3,JJ,positive,urban integration,1,1,4,0.25
JJ4,JJ,negative,cost,1,1,4,0.25
JJ4,JJ,negative,expression,1,1,4,0.25
JJ4,JJ,negative,functionality,1,1,4,0.25
JJ4,JJ,negative,massing,1,1,4,0.25
JJ4,JJ,negative,open space,1,1,4,0.25
JJ4,JJ,negative,operation,1,1,4,0.25
JJ4,JJ,negative,safety,1,1,4,0.25
JJ4,JJ,negative,urban integration,1,1,4,0.25
JJ4,JJ,positive,circulation,1,1,6,0.16666666666666666
JJ4,JJ,positive,daylight,1,1,6,0.16666666666666666
JJ4,JJ,positive,flexibility,2,1,6,0.3333333333333333
JJ4,JJ,positive,functionality,2,1,6,0.3333333333333333
JJ4,JJ,positive,layout,2,1,6,0.3333333333333333
JJ4,JJ,positive,massing,1,1,6,0.16666666666666666
JJ4,JJ,positive,open space,1,1,6,0.16666666666666666
JJ4,JJ,positive,urban integration,1,1,6,0.16666666666666666
JJ4,JJ,positive,visibility,1,1,6,0.16666666666666666
JJJ1,JJJ,negative,flexibility,1,1,2,0.5
JJJ1,JJJ,negative,functionality,1,1,2,0.5
JJJ1,JJJ,negative,structure,1,1,2,0.5
JJJ1,JJJ,positive,expression,1,1,4,0.25
JJJ1,JJJ,positive,flexibility,1,1,4,0.25
JJJ1,JJJ,positive,functionality,1,1,4,0.25
JJJ1,JJJ,positive,massing,2,1,4,0.5
JJJ1,JJJ,positive,open space,1,1,4,0.25
JJJ1,JJJ,positive,proportion,1,1,4,0.25
JJJ1,JJJ,positive,urban integration,1,1,4,0.25
JJJ2,JJJ,negative,cost,1,1,2,0.5
JJJ2,JJJ,negative,functionality,1,1,2,0.5
JJJ2,JJJ,negative,open space,1,1,2,0.5
JJJ2,JJJ,positive,expression,1,1,3,0.3333333333333333
JJJ2,JJJ,positive,layout,2,1,3,0.6666666666666666
JJJ2,JJJ,positive,massing,1,1,3,0.3333333333333333
JJJ2,JJJ,positive,urban integration,2,1,3,0.6666666666666666
JJJ3,JJJ,negative,cost,2,1,4,0.5
JJJ3,JJJ,negative,expression,1,1,4,0.25
JJJ3,JJJ,negative,functionality,1,1,4,0.25
JJJ3,JJJ,negative,massing,2,1,4,0.5
JJJ3,JJJ,negative,proportion,1,1,4,0.25
JJJ3,JJJ,negative,structure,1,1,4,0.25
JJJ3,JJJ,positive,circulation,1,1,4,0.25
JJJ3,JJJ,positive,functionality,1,1,4,0.25
JJJ3,JJJ,positive,layout,2,1,4,0.5
JJJ3,JJJ,positive,massing,2,1,4,0.5
JJJ3,JJJ,positive,proportion,1,1,4,0.25
JJJ4,JJJ,negative,cost,1,1,3,0.3333333333333333
JJJ4,JJJ,negative,expression,1,1,3,0.3333333333333333
JJJ4,JJJ,negative,massing,1,1,3,0.3333333333333333
JJJ4,JJJ,negative,urban integration,2,1,3,0.6666666666666666
JJJ4,JJJ,positive,layout,1,1,2,0.5
JJJ4,JJJ,positive,open space,1,1,2,0.5
JJJ4,JJJ,positive,operation,1,1,2,0.5
JJJ4,JJJ,positive,structure,1,1,2,0.5
JJJJ1,JJJJ,negative,expression,1,1,3,0.3333333333333333
JJJJ1,JJJJ,negative,flexibility,1,1,3,0.3333333333333333
JJJJ1,JJJJ,negative,landscape,1,1,3,0.3333333333333333
JJJJ1,JJJJ,negative,massing,2,1,3,0.6666666666666666
JJJJ1,JJJJ,negative,scale,1,1,3,0.3333333333333333
JJJJ1,JJJJ,positive,accessibility,1,1,11,0.09090909090909091
JJJJ1,JJJJ,positive,circulation,2,1,11,0.18181818181818182
JJJJ1,JJJJ,positive,daylight,1,1,11,0.09090909090909091
JJJJ1,JJJJ,positive,expression,1,1,11,0.09090909090909091
JJJJ1,JJJJ,positive,facade,1,1,11,0.09090909090909091
JJJJ1,JJJJ,positive,flexibility,1,1,11,0.09090909090909091
JJJJ1,JJJJ,positive,functionality,2,1,11,0.18181818181818182
JJJJ1,JJJJ,positive,landscape,1,1,11,0.09090909090909091
JJJJ1,JJJJ,positive,layout,3,1,11,0.2727272727272727
JJJJ1,JJJJ,positive,massing,2,1,11,0.18181818181818182
JJJJ1,JJJJ,positive,open space,3,1,11,0.2727272727272727
JJJJ1,JJJJ,positive,safety,1,1,11,0.09090909090909091
JJJJ1,JJJJ,positive,scale,1,1,11,0.09090909090909091
JJJJ1,JJJJ,positive,urban integration,5,1,11,0.45454545454545453
JJJJ2,JJJJ,negative,circulation,1,1,7,0.14285714285714285
JJJJ2,JJJJ,negative,expression,3,1,7,0.42857142857142855
JJJJ2,JJJJ,negative,facade,1,1,7,0.14285714285714285
JJJJ2,JJJJ,negative,flexibility,2,1,7,0.2857142857142857
JJJJ2,JJJJ,negative,functionality,1,1,7,0.14285714285714285
JJJJ2,JJJJ,negative,landscape,1,1,7,0.14285714285714285
JJJJ2,JJJJ,negative,open space,2,1,7,0.2857142857142857
JJJJ2,JJJJ,negative,proportion,1,1,7,0.14285714285714285
JJJJ2,JJJJ,negative,scale,1,1,7,0.14285714285714285
JJJJ2,JJJJ,negative,urban integration,1,1,7,0.14285714285714285
JJJJ2,JJJJ,positive,circulation,2,1,12,0.16666666666666666
JJJJ2,JJJJ,positive,expression,1,1,12,0.08333333333333333
JJJJ2,JJJJ,positive,flexibility,1,1,12,0.08333333333333333
JJJJ2,JJJJ,positive,functionality,4,1,12,0.3333333333333333
JJJJ2,JJJJ,positive,identity,1,1,12,0.08333333333333333
JJJJ2,JJJJ,positive,landscape,2,1,12,0.16666666666666666
JJJJ2,JJJJ,positive,layout,4,1,12,0.3333333333333333
JJJJ2,JJJJ,positive,massing,1,1,12,0.08333333333333333
JJJJ2,JJJJ,positive,open space,1,1,12,0.08333333333333333
JJJJ2,JJJJ,positive,safety,1,1,12,0.08333333333333333
JJJJ2,JJJJ,positive,scale,2,1,12,0.16666666666666666
JJJJ2,JJJJ,positive,sustainability,2,1,12,0.16666666666666666
JJJJ2,JJJJ,positive,urban integration,1,1,12,0.08333333333333333
JJJJ2,JJJJ,positive,visibility,1,1,12,0.08333333333333333
JJJJ3,JJJJ,negative,accessibility,1,1,12,0.08333333333333333
JJJJ3,JJJJ,negative,circulation,6,1,12,0.5
JJJJ3,JJJJ,negative,cost,1,1,12,0.08333333333333333
JJJJ3,JJJJ,negative,expression,1,1,12,0.08333333333333333
JJJJ3,JJJJ,negative,facade,1,1,12,0.08333333333333333
JJJJ3,JJJJ,negative,flexibility,1,1,12,0.08333333333333333
JJJJ3,JJJJ,negative,functionality,3,1,12,0.25
JJJJ3,JJJJ,negative,identity,1,1,12,0.08333333333333333
JJJJ3,JJJJ,negative,landscape,1,1,12,0.08333333333333333
JJJJ3,JJJJ,negative,layout,5,1,12,0.4166666666666667
JJJJ3,JJJJ,negative,open space,1,1,12,0.08333333333333333
JJJJ3,JJJJ,negative,safety,1,1,12,0.08333333333333333
JJJJ3,JJJJ,negative,sustainability,1,1,12,0.08333333333333333
JJJJ3,JJJJ,positive,circulation,3,1,10,0.3
JJJJ3,JJJJ,positive,expression,1,1,10,0.1
JJJJ3,JJJJ,positive,flexibility,1,1,10,0.1
JJJJ3,JJJJ,positive,landscape,2,1,10,0.2
JJJJ3,JJJJ,positive,layout,2,1,10,0.2
JJJJ3,JJJJ,positive,massing,3,1,10,0.3
JJJJ3,JJJJ,positive,open space,1,1,10,0.1
JJJJ3,JJJJ,positive,structure,1,1,10,0.1
JJJJ3,JJJJ,positive,sustainability,2,1,10,0.2
JJJJ3,JJJJ,positive,urban integration,3,1,10,0.3
JJJJ3,JJJJ,positive,visibility,1,1,10,0.1
JJJJ4,JJJJ,negative,circulation,2,1,12,0.16666666666666666
JJJJ4,JJJJ,negative,cost,1,1,12,0.08333333333333333
JJJJ4,JJJJ,negative,daylight,1,1,12,0.08333333333333333
JJJJ4,JJJJ,negative,expression,4,1,12,0.3333333333333333
JJJJ4,JJJJ,negative,facade,2,1,12,0.16666666666666666
JJJJ4,JJJJ,negative,functionality,4,1,12,0.3333333333333333
JJJJ4,JJJJ,negative,identity,1,1,12,0.08333333333333333
JJJJ4,JJJJ,negative,landscape,1,1,12,0.08333333333333333
JJJJ4,JJJJ,negative,layout,3,1,12,0.25
JJJJ4,JJJJ,negative,massing,2,1,12,0.16666666666666666
JJJJ4,JJJJ,negative,open space,2,1,12,0.16666666666666666
JJJJ4,JJJJ,negative,scale,3,1,12,0.25
JJJJ4,JJJJ,positive,circulation,2,1,12,0.16666666666666666
JJJJ4,JJJJ,positive,cost,1,1,12,0.08333333333333333
JJJJ4,JJJJ,positive,expression,2,1,12,0.16666666666666666
JJJJ4,JJJJ,positive,flexibility,1,1,12,0.08333333333333333
JJJJ4,JJJJ,positive,functionality,1,1,12,0.08333333333333333
JJJJ4,JJJJ,positive,identity,2,1,12,0.16666666666666666
JJJJ4,JJJJ,positive,landscape,2,1,12,0.16666666666666666
JJJJ4,JJJJ,positive,layout,2,1,12,0.16666666666666666
JJJJ4,JJJJ,positive,massing,2,1,12,0.16666666666666666
JJJJ4,JJJJ,positive,open space,1,1,12,0.08333333333333333
JJJJ4,JJJJ,positive,proportion,1,1,12,0.08333333333333333
JJJJ4,JJJJ,positive,safety,1,1,12,0.08333333333333333
JJJJ4,JJJJ,positive,structure,2,1,12,0.16666666666666666
JJJJ4,JJJJ,positive,sustainability,2,1,12,0.16666666666666666
JJJJ4,JJJJ,positive,topography,1,1,12,0.08333333333333333
JJJJ4,JJJJ,positive,urban integration,2,1,12,0.16666666666666666
JJJJ4,JJJJ,positive,visibility,1,1,12,0.08333333333333333
JJJJ5,JJJJ,negative,circulation,1,1,5,0.2
JJJJ5,JJJJ,negative,daylight,2,1,5,0.4
JJJJ5,JJJJ,negative,flexibility,1,1,5,0.2
JJJJ5,JJJJ,negative,functionality,1,1,5,0.2
JJJJ5,JJJJ,negative,layout,3,1,5,0.6
JJJJ5,JJJJ,negative,open space,1,1,5,0.2
JJJJ5,JJJJ,negative,proportion,1,1,5,0.2
JJJJ5,JJJJ,negative,scale,1,1,5,0.2
JJJJ5,JJJJ,negative,urban integration,1,1,5,0.2
JJJJ5,JJJJ,positive,circulation,2,1,6,0.3333333333333333
JJJJ5,JJJJ,positive,expression,1,1,6,0.16666666666666666
JJJJ5,JJJJ,positive,flexibility,1,1,6,0.16666666666666666
JJJJ5,JJJJ,positive,identity,1,1,6,0.16666666666666666
JJJJ5,JJJJ,positive,landscape,1,1,6,0.16666666666666666
JJJJ5,JJJJ,positive,layout,2,1,6,0.3333333333333333
JJJJ5,JJJJ,positive,massing,3,1,6,0.5
JJJJ5,JJJJ,positive,open space,1,1,6,0.16666666666666666
JJJJ5,JJJJ,positive,proportion,1,1,6,0.16666666666666666
JJJJ5,JJJJ,positive,scale,1,1,6,0.16666666666666666
JJJJ5,JJJJ,positive,structure,1,1,6,0.16666666666666666
JJJJ5,JJJJ,positive,sustainability,1,1,6,0.16666666666666666
JJJJ5,JJJJ,positive,urban integration,1,1,6,0.16666666666666666
K1,K,negative,accessibility,1,1,5,0.2
K1,K,negative,circulation,1,1,5,0.2
K1,K,negative,functionality,2,1,5,0.4
K1,K,negative,landscape,1,1,5,0.2
K1,K,negative,layout,2,1,5,0.4
K1,K,negative,operation,1,1,5,0.2
K1,K,negative,safety,1,1,5,0.2
K1,K,negative,sustainability,1,1,5,0.2
K1,K,negative,visibility,1,1,5,0.2
K1,K,positive,cost,1,1,9,0.1111111111111111
K1,K,positive,daylight,1,1,9,0.1111111111111111
K1,K,positive,expression,2,1,9,0.2222222222222222
K1,K,positive,facade,1,1,9,0.1111111111111111
K1,K,positive,flexibility,1,1,9,0.1111111111111111
K1,K,positive,functionality,2,1,9,0.2222222222222222
K1,K,positive,identity,2,1,9,0.2222222222222222
K1,K,positive,landscape,1,1,9,0.1111111111111111
K1,K,positive,layout,2,1,9,0.2222222222222222
K1,K,positive,massing,3,1,9,0.3333333333333333
K1,K,positive,open space,2,1,9,0.2222222222222222
K1,K,positive,orientation,1,1,9,0.1111111111111111
K1,K,positive,proportion,1,1,9,0.1111111111111111
K1,K,positive,structure,1,1,9,0.1111111111111111
K1,K,positive,sustainability,1,1,9,0.1111111111111111
K1,K,positive,urban integration,1,1,9,0.1111111111111111
K2,K,negative,circulation,3,1,7,0.42857142857142855
K2,K,negative,daylight,1,1,7,0.14285714285714285
K2,K,negative,functionality,4,1,7,0.5714285714285714
K2,K,negative,landscape,1,1,7,0.14285714285714285
K2,K,negative,layout,1,1,7,0.14285714285714285
K2,K,negative,open space,1,1,7,0.14285714285714285
K2,K,negative,operation,1,1,7,0.14285714285714285
K2,K,negative,proportion,1,1,7,0.14285714285714285
K2,K,negative,sustainability,2,1,7,0.2857142857142857
K2,K,negative,ventilation,1,1,7,0.14285714285714285
K2,K,positive,circulation,1,1,10,0.1
K2,K,positive,cost,1,1,10,0.1
K2,K,positive,daylight,1,1,10,0.1
K2,K,positive,expression,2,1,10,0.2
K2,K,positive,facade,1,1,10,0.1
K2,K,positive,flexibility,1,1,10,0.1
K2,K,positive,functionality,3,1,10,0.3
K2,K,positive,identity,1,1,10,0.1
K2,K,positive,landscape,1,1,10,0.1
K2,K,positive,layout,3,1,10,0.3
K2,K,positive,massing,1,1,10,0.1
K2,K,positive,open space,2,1,10,0.2
K2,K,positive,operation,1,1,10,0.1
K2,K,positive,safety,1,1,10,0.1
K2,K,positive,scale,1,1,10,0.1
K2,K,positive,structure,1,1,10,0.1
K2,K,positive,sustainability,1,1,10,0.1
K2,K,positive,urban integration,1,1,10,0.1
K2,K,positive,visibility,1,1,10,0.1
K3,K,negative,circulation,4,1,8,0.5
K3,K,negative,daylight,1,1,8,0.125
K3,K,negative,expression,1,1,8,0.125
K3,K,negative,functionality,2,1,8,0.25
K3,K,negative,identity,2,1,8,0.25
K3,K,negative,layout,2,1,8,0.25
K3,K,negative,massing,2,1,8,0.25
K3,K,negative,open space,1,1,8,0.125
K3,K,negative,proportion,1,1,8,0.125
K3,K,negative,structure,1,1,8,0.125
K3,K,negative,sustainability,1,1,8,0.125
K3,K,negative,urban integration,2,1,8,0.25
K3,K,negative,visibility,1,1,8,0.125
K3,K,positive,circulation,2,1,9,0.2222222222222222
K3,K,positive,functionality,3,1,9,0.3333333333333333
K3,K,positive,identity,1,1,9,0.1111111111111111
K3,K,positive,landscape,4,1,9,0.4444444444444444
K3,K,positive,layout,4,1,9,0.4444444444444444
K3,K,positive,massing,2,1,9,0.2222222222222222
K3,K,positive,open space,4,1,9,0.4444444444444444
K3,K,positive,operation,1,1,9,0.1111111111111111
K3,K,positive,proportion,1,1,9,0.1111111111111111
K3,K,positive,safety,1,1,9,0.1111111111111111
K3,K,positive,sustainability,1,1,9,0.1111111111111111
K4,K,negative,accessibility,1,1,7,0.14285714285714285
K4,K,negative,circulation,2,1,7,0.2857142857142857
K4,K,negative,cost,2,1,7,0.2857142857142857
K4,K,negative,daylight,1,1,7,0.14285714285714285
K4,K,negative,functionality,1,1,7,0.14285714285714285
K4,K,negative,landscape,1,1,7,0.14285714285714285
K4,K,negative,massing,1,1,7,0.14285714285714285
K4,K,negative,open space,1,1,7,0.14285714285714285
K4,K,negative,operation,1,1,7,0.14285714285714285
K4,K,negative,privacy,1,1,7,0.14285714285714285
K4,K,negative,proportion,1,1,7,0.14285714285714285
K4,K,negative,structure,1,1,7,0.14285714285714285
K4,K,negative,sustainability,1,1,7,0.14285714285714285
K4,K,negative,urban integration,1,1,7,0.14285714285714285
K4,K,positive,circulation,3,1,8,0.375
K4,K,positive,expression,1,1,8,0.125
K4,K,positive,flexibility,1,1,8,0.125
K4,K,positive,landscape,2,1,8,0.25
K4,K,positive,layout,2,1,8,0.25
K4,K,positive,massing,1,1,8,0.125
K4,K,positive,open space,2,1,8,0.25
K4,K,positive,operation,1,1,8,0.125
K4,K,positive,proportion,1,1,8,0.125
K4,K,positive,safety,1,1,8,0.125
K4,K,positive,structure,1,1,8,0.125
K4,K,positive,sustainability,1,1,8,0.125
K4,K,positive,urban integration,1,1,8,0.125
K4,K,positive,ventilation,1,1,8,0.125
K4,K,positive,visibility,1,1,8,0.125
K5,K,negative,circulation,1,1,8,0.125
K5,K,negative,cost,2,1,8,0.25
K5,K,negative,daylight,2,1,8,0.25
K5,K,negative,expression,1,1,8,0.125
K5,K,negative,facade,1,1,8,0.125
K5,K,negative,functionality,2,1,8,0.25
K5,K,negative,identity,1,1,8,0.125
K5,K,negative,landscape,1,1,8,0.125
K5,K,negative,layout,1,1,8,0.125
K5,K,negative,massing,1,1,8,0.125
K5,K,negative,open space,1,1,8,0.125
K5,K,negative,safety,1,1,8,0.125
K5,K,negative,scale,1,1,8,0.125
K5,K,negative,structure,1,1,8,0.125
K5,K,negative,sustainability,1,1,8,0.125
K5,K,negative,urban integration,1,1,8,0.125
K5,K,negative,visibility,1,1,8,0.125
K5,K,positive,flexibility,1,1,4,0.25
K5,K,positive,functionality,1,1,4,0.25
K5,K,positive,layout,2,1,4,0.5
K5,K,positive,open space,1,1,4,0.25
K5,K,positive,operation,1,1,4,0.25
K5,K,positive,structure,2,1,4,0.5
K5,K,positive,sustainability,1,1,4,0.25
K6,K,negative,accessibility,2,1,9,0.2222222222222222
K6,K,negative,circulation,1,1,9,0.1111111111111111
K6,K,negative,expression,1,1,9,0.1111111111111111
K6,K,negative,facade,2,1,9,0.2222222222222222
K6,K,negative,flexibility,1,1,9,0.1111111111111111
K6,K,negative,functionality,2,1,9,0.2222222222222222
K6,K,negative,landscape,2,1,9,0.2222222222222222
K6,K,negative,massing,1,1,9,0.1111111111111111
K6,K,negative,open space,1,1,9,0.1111111111111111
K6,K,negative,operation,1,1,9,0.1111111111111111
K6,K,negative,safety,1,1,9,0.1111111111111111
K6,K,negative,scale,2,1,9,0.2222222222222222
K6,K,negative,sustainability,2,1,9,0.2222222222222222
K6,K,negative,topography,1,1,9,0.1111111111111111
K6,K,negative,urban integration,1,1,9,0.1111111111111111
K6,K,positive,accessibility,1,1,7,0.14285714285714285
K6,K,positive,circulation,3,1,7,0.42857142857142855
K6,K,positive,cost,1,1,7,0.14285714285714285
K6,K,positive,daylight,1,1,7,0.14285714285714285
K6,K,positive,functionality,2,1,7,0.2857142857142857
K6,K,positive,layout,3,1,7,0.42857142857142855
K6,K,positive,massing,1,1,7,0.14285714285714285
K6,K,positive,open space,2,1,7,0.2857142857142857
K6,K,positive,operation,2,1,7,0.2857142857142857
K6,K,positive,proportion,1,1,7,0.14285714285714285
K6,K,positive,safety,1,1,7,0.14285714285714285
K6,K,positive,urban integration,1,1,7,0.14285714285714285
KK1,KK,negative,functionality,1,1,2,0.5
KK1,KK,negative,proportion,1,1,2,0.5
KK1,KK,negative,scale,1,1,2,0.5
KK1,KK,negative,urban integration,1,1,2,0.5
KK1,KK,positive,circulation,2,1,9,0.2222222222222222
KK1,KK,positive,daylight,1,1,9,0.1111111111111111
KK1,KK,positive,facade,1,1,9,0.1111111111111111
KK1,KK,positive,flexibility,1,1,9,0.1111111111111111
KK1,KK,positive,functionality,2,1,9,0.2222222222222222
KK1,KK,positive,landscape,1,1,9,0.1111111111111111
KK1,KK,positive,layout,2,1,9,0.2222222222222222
KK1,KK,positive,massing,2,1,9,0.2222222222222222
KK1,KK,positive,open space,1,1,9,0.1111111111111111
KK1,KK,positive,safety,2,1,9,0.2222222222222222
KK1,KK,positive,scale,1,1,9,0.1111111111111111
KK1,KK,positive,structure,1,1,9,0.1111111111111111
KK1,KK,positive,sustainability,1,1,9,0.1111111111111111
KK1,KK,positive,topography,1,1,9,0.1111111111111111
KK1,KK,positive,urban integration,1,1,9,0.1111111111111111
KK1,KK,positive,ventilation,1,1,9,0.1111111111111111
KK2,KK,positive,circulation,3,1,9,0.3333333333333333
KK2,KK,positive,facade,1,1,9,0.1111111111111111
KK2,KK,positive,flexibility,2,1,9,0.2222222222222222
KK2,KK,positive,functionality,1,1,9,0.1111111111111111
KK2,KK,positive,landscape,1,1,9,0.1111111111111111
KK2,KK,positive,layout,1,1,9,0.1111111111111111
KK2,KK,positive,massing,1,1,9,0.1111111111111111
KK2,KK,positive,open space,1,1,9,0.1111111111111111
KK2,KK,positive,safety,1,1,9,0.1111111111111111
KK2,KK,positive,structure,2,1,9,0.2222222222222222
KK2,KK,positive,sustainability,2,1,9,0.2222222222222222
KK2,KK,positive,topography,2,1,9,0.2222222222222222
KK2,KK,positive,urban integration,3,1,9,0.3333333333333333
KK3,KK,negative,accessibility,1,1,8,0.125
KK3,KK,negative,circulation,2,1,8,0.25
KK3,KK,negative,cost,2,1,8,0.25
KK3,KK,negative,functionality,1,1,8,0.125
KK3,KK,negative,landscape,1,1,8,0.125
KK3,KK,negative,layout,1,1,8,0.125
KK3,KK,negative,open space,2,1,8,0.25
KK3,KK,negative,privacy,1,1,8,0.125
KK3,KK,negative,safety,2,1,8,0.25
KK3,KK,negative,structure,2,1,8,0.25
KK3,KK,negative,topography,1,1,8,0.125
KK3,KK,negative,urban integration,2,1,8,0.25
KK3,KK,negative,visibility,1,1,8,0.125
KK3,KK,positive,circulation,1,1,9,0.1111111111111111
KK3,KK,positive,daylight,1,1,9,0.1111111111111111
KK3,KK,positive,expression,1,1,9,0.1111111111111111
KK3,KK,positive,flexibility,3,1,9,0.3333333333333333
KK3,KK,positive,functionality,1,1,9,0.1111111111111111
KK3,KK,positive,landscape,1,1,9,0.1111111111111111
KK3,KK,positive,layout,2,1,9,0.2222222222222222
KK3,KK,positive,massing,3,1,9,0.3333333333333333
KK3,KK,positive,open space,1,1,9,0.1111111111111111
KK3,KK,positive,scale,2,1,9,0.2222222222222222
KK3,KK,positive,structure,3,1,9,0.3333333333333333
KK3,KK,positive,urban integration,2,1,9,0.2222222222222222
KK4,KK,negative,expression,1,1,5,0.2
KK4,KK,negative,fire safety,2,1,5,0.4
KK4,KK,negative,flexibility,1,1,5,0.2
KK4,KK,negative,functionality,2,1,5,0.4
KK4,KK,negative,layout,1,1,5,0.2
KK4,KK,negative,open space,1,1,5,0.2
KK4,KK,negative,structure,1,1,5,0.2
KK4,KK,negative,urban integration,1,1,5,0.2
KK4,KK,positive,circulation,1,1,4,0.25
KK4,KK,positive,daylight,1,1,4,0.25
KK4,KK,positive,functionality,1,1,4,0.25
KK4,KK,positive,identity,1,1,4,0.25
KK4,KK,positive,layout,3,1,4,0.75
KK4,KK,positive,massing,1,1,4,0.25
KK4,KK,positive,urban integration,1,1,4,0.25
KK5,KK,negative,accessibility,1,1,7,0.14285714285714285
KK5,KK,negative,circulation,1,1,7,0.14285714285714285
KK5,KK,negative,expression,1,1,7,0.14285714285714285
KK5,KK,negative,facade,1,1,7,0.14285714285714285
KK5,KK,negative,fire safety,1,1,7,0.14285714285714285
KK5,KK,negative,functionality,1,1,7,0.14285714285714285
KK5,KK,negative,layout,1,1,7,0.14285714285714285
KK5,KK,negative,massing,1,1,7,0.14285714285714285
KK5,KK,negative,operation,1,1,7,0.14285714285714285
KK5,KK,negative,safety,1,1,7,0.14285714285714285
KK5,KK,negative,structure,1,1,7,0.14285714285714285
KK5,KK,negative,sustainability,1,1,7,0.14285714285714285
KK5,KK,negative,urban integration,2,1,7,0.2857142857142857
KK5,KK,negative,visibility,1,1,7,0.14285714285714285
KK5,KK,positive,circulation,1,1,5,0.2
KK5,KK,positive,daylight,3,1,5,0.6
KK5,KK,positive,fire safety,1,1,5,0.2
KK5,KK,positive,flexibility,1,1,5,0.2
KK5,KK,positive,functionality,1,1,5,0.2
KK5,KK,positive,layout,3,1,5,0.6
KK5,KK,positive,open space,1,1,5,0.2
KK5,KK,positive,urban integration,1,1,5,0.2
KK6,KK,negative,circulation,1,1,7,0.14285714285714285
KK6,KK,negative,daylight,1,1,7,0.14285714285714285
KK6,KK,negative,expression,1,1,7,0.14285714285714285
KK6,KK,negative,facade,2,1,7,0.2857142857142857
KK6,KK,negative,flexibility,1,1,7,0.14285714285714285
KK6,KK,negative,functionality,2,1,7,0.2857142857142857
KK6,KK,negative,identity,1,1,7,0.14285714285714285
KK6,KK,negative,layout,2,1,7,0.2857142857142857
KK6,KK,negative,open space,1,1,7,0.14285714285714285
KK6,KK,negative,proportion,1,1,7,0.14285714285714285
KK6,KK,negative,safety,1,1,7,0.14285714285714285
KK6,KK,negative,structure,1,1,7,0.14285714285714285
KK6,KK,negative,urban integration,3,1,7,0.42857142857142855
KK6,KK,positive,circulation,1,1,5,0.2
KK6,KK,positive,expression,1,1,5,0.2
KK6,KK,positive,functionality,1,1,5,0.2
KK6,KK,positive,landscape,1,1,5,0.2
KK6,KK,positive,layout,1,1,5,0.2
KK6,KK,positive,massing,3,1,5,0.6
KK6,KK,positive,open space,1,1,5,0.2
KK6,KK,positive,topography,1,1,5,0.2
KK6,KK,positive,urban integration,1,1,5,0.2
KKK1,KKK,negative,circulation,1,1,3,0.3333333333333333
KKK1,KKK,negative,cost,1,1,3,0.3333333333333333
KKK1,KKK,negative,expression,1,1,3,0.3333333333333333
KKK1,KKK,negative,functionality,2,1,3,0.6666666666666666
KKK1,KKK,negative,structure,1,1,3,0.3333333333333333
KKK1,KKK,positive,acoustics,1,1,9,0.1111111111111111
KKK1,KKK,positive,circulation,2,1,9,0.2222222222222222
KKK1,KKK,positive,expression,3,1,9,0.3333333333333333
KKK1,KKK,positive,flexibility,2,1,9,0.2222222222222222
KKK1,KKK,positive,functionality,2,1,9,0.2222222222222222
KKK1,KKK,positive,landscape,1,1,9,0.1111111111111111
KKK1,KKK,positive,layout,2,1,9,0.2222222222222222
KKK1,KKK,positive,massing,2,1,9,0.2222222222222222
KKK1,KKK,positive,open space,4,1,9,0.4444444444444444
KKK1,KKK,positive,proportion,1,1,9,0.1111111111111111
KKK1,KKK,positive,urban integration,4,1,9,0.4444444444444444
KKK1,KKK,positive,visibility,2,1,9,0.2222222222222222
KKK10,KKK,negative,circulation,4,1,8,0.5
KKK10,KKK,negative,cost,1,1,8,0.125
KKK10,KKK,negative,expression,1,1,8,0.125
KKK10,KKK,negative,functionality,1,1,8,0.125
KKK10,KKK,negative,layout,3,1,8,0.375
KKK10,KKK,negative,open space,1,1,8,0.125
KKK10,KKK,negative,operation,1,1,8,0.125
KKK10,KKK,negative,phasing,1,1,8,0.125
KKK10,KKK,negative,proportion,2,1,8,0.25
KKK10,KKK,negative,scale,1,1,8,0.125
KKK10,KKK,negative,structure,1,1,8,0.125
KKK10,KKK,negative,urban integration,1,1,8,0.125
KKK10,KKK,positive,circulation,2,1,5,0.4
KKK10,KKK,positive,functionality,2,1,5,0.4
KKK10,KKK,positive,landscape,1,1,5,0.2
KKK10,KKK,positive,massing,2,1,5,0.4
KKK10,KKK,positive,open space,1,1,5,0.2
KKK10,KKK,positive,proportion,1,1,5,0.2
KKK10,KKK,positive,scale,1,1,5,0.2
KKK10,KKK,positive,structure,1,1,5,0.2
KKK10,KKK,positive,urban integration,1,1,5,0.2
KKK2,KKK,negative,accessibility,1,1,6,0.16666666666666666
KKK2,KKK,negative,circulation,2,1,6,0.3333333333333333
KKK2,KKK,negative,cost,1,1,6,0.16666666666666666
KKK2,KKK,negative,expression,1,1,6,0.16666666666666666
KKK2,KKK,negative,functionality,2,1,6,0.3333333333333333
KKK2,KKK,negative,layout,1,1,6,0.16666666666666666
KKK2,KKK,negative,massing,1,1,6,0.16666666666666666
KKK2,KKK,negative,open space,2,1,6,0.3333333333333333
KKK2,KKK,negative,safety,1,1,6,0.16666666666666666
KKK2,KKK,negative,structure,1,1,6,0.16666666666666666
KKK2,KKK,negative,urban integration,1,1,6,0.16666666666666666
KKK2,KKK,positive,circulation,1,1,7,0.14285714285714285
KKK2,KKK,positive,daylight,1,1,7,0.14285714285714285
KKK2,KKK,positive,expression,1,1,7,0.14285714285714285
KKK2,KKK,positive,facade,1,1,7,0.14285714285714285
KKK2,KKK,positive,flexibility,1,1,7,0.14285714285714285
KKK2,KKK,positive,functionality,1,1,7,0.14285714285714285
KKK2,KKK,positive,layout,2,1,7,0.2857142857142857
KKK2,KKK,positive,massing,1,1,7,0.14285714285714285
KKK2,KKK,positive,open space,2,1,7,0.2857142857142857
KKK2,KKK,positive,scale,2,1,7,0.2857142857142857
KKK2,KKK,positive,structure,1,1,7,0.14285714285714285
KKK2,KKK,positive,urban integration,2,1,7,0.2857142857142857
KKK3,KKK,negative,accessibility,1,1,9,0.1111111111111111
KKK3,KKK,negative,acoustics,1,1,9,0.1111111111111111
KKK3,KKK,negative,circulation,3,1,9,0.3333333333333333
KKK3,KKK,negative,cost,1,1,9,0.1111111111111111
KKK3,KKK,negative,expression,2,1,9,0.2222222222222222
KKK3,KKK,negative,flexibility,2,1,9,0.2222222222222222
KKK3,KKK,negative,functionality,1,1,9,0.1111111111111111
KKK3,KKK,negative,identity,1,1,9,0.1111111111111111
KKK3,KKK,negative,massing,1,1,9,0.1111111111111111
KKK3,KKK,negative,open space,2,1,9,0.2222222222222222
KKK3,KKK,negative,structure,1,1,9,0.1111111111111111
KKK3,KKK,negative,urban integration,1,1,9,0.1111111111111111
KKK3,KKK,negative,visibility,1,1,9,0.1111111111111111
KKK3,KKK,positive,cost,1,1,8,0.125
KKK3,KKK,positive,expression,1,1,8,0.125
KKK3,KKK,positive,flexibility,2,1,8,0.25
KKK3,KKK,positive,functionality,3,1,8,0.375
KKK3,KKK,positive,identity,1,1,8,0.125
KKK3,KKK,positive,landscape,1,1,8,0.125
KKK3,KKK,positive,layout,3,1,8,0.375
KKK3,KKK,positive,massing,2,1,8,0.25
KKK3,KKK,positive,open space,1,1,8,0.125
KKK3,KKK,positive,urban integration,1,1,8,0.125
KKK4,KKK,negative,expression,1,1,7,0.14285714285714285
KKK4,KKK,negative,flexibility,1,1,7,0.14285714285714285
KKK4,KKK,negative,functionality,4,1,7,0.5714285714285714
KKK4,KKK,negative,layout,5,1,7,0.7142857142857143
KKK4,KKK,negative,open space,1,1,7,0.14285714285714285
KKK4,KKK,negative,structure,1,1,7,0.14285714285714285
KKK4,KKK,positive,circulation,1,1,6,0.16666666666666666
KKK4,KKK,positive,expression,1,1,6,0.16666666666666666
KKK4,KKK,positive,flexibility,1,1,6,0.16666666666666666
KKK4,KKK,positive,functionality,2,1,6,0.3333333333333333
KKK4,KKK,positive,layout,1,1,6,0.16666666666666666
KKK4,KKK,positive,massing,2,1,6,0.3333333333333333
KKK4,KKK,positive,open space,3,1,6,0.5
KKK4,KKK,positive,urban integration,3,1,6,0.5
KKK5,KKK,negative,flexibility,3,1,6,0.5
KKK5,KKK,negative,functionality,1,1,6,0.16666666666666666
KKK5,KKK,negative,layout,3,1,6,0.5
KKK5,KKK,negative,open space,1,1,6,0.16666666666666666
KKK5,KKK,negative,operation,1,1,6,0.16666666666666666
KKK5,KKK,negative,scale,1,1,6,0.16666666666666666
KKK5,KKK,negative,urban integration,2,1,6,0.3333333333333333
KKK5,KKK,positive,expression,1,1,7,0.14285714285714285
KKK5,KKK,positive,flexibility,1,1,7,0.14285714285714285
KKK5,KKK,positive,functionality,1,1,7,0.14285714285714285
KKK5,KKK,positive,identity,2,1,7,0.2857142857142857
KKK5,KKK,positive,landscape,1,1,7,0.14285714285714285
KKK5,KKK,positive,layout,2,1,7,0.2857142857142857
KKK5,KKK,positive,massing,1,1,7,0.14285714285714285
KKK5,KKK,positive,open space,1,1,7,0.14285714285714285
KKK5,KKK,positive,structure,2,1,7,0.2857142857142857
KKK5,KKK,positive,urban integration,2,1,7,0.2857142857142857
KKK6,KKK,negative,circulation,2,1,7,0.2857142857142857
KKK6,KKK,negative,cost,1,1,7,0.14285714285714285
KKK6,KKK,negative,expression,1,1,7,0.14285714285714285
KKK6,KKK,negative,flexibility,1,1,7,0.14285714285714285
KKK6,KKK,negative,functionality,3,1,7,0.42857142857142855
KKK6,KKK,negative,layout,4,1,7,0.5714285714285714
KKK6,KKK,negative,massing,1,1,7,0.14285714285714285
KKK6,KKK,negative,open space,1,1,7,0.14285714285714285
KKK6,KKK,positive,accessibility,1,1,7,0.14285714285714285
KKK6,KKK,positive,circulation,1,1,7,0.14285714285714285
KKK6,KKK,positive,expression,1,1,7,0.14285714285714285
KKK6,KKK,positive,layout,2,1,7,0.2857142857142857
KKK6,KKK,positive,massing,3,1,7,0.42857142857142855
KKK6,KKK,positive,open space,3,1,7,0.42857142857142855
KKK6,KKK,positive,proportion,1,1,7,0.14285714285714285
KKK6,KKK,positive,structure,1,1,7,0.14285714285714285
KKK6,KKK,positive,urban integration,2,1,7,0.2857142857142857
KKK7,KKK,negative,circulation,1,1,5,0.2
KKK7,KKK,negative,expression,1,1,5,0.2
KKK7,KKK,negative,functionality,1,1,5,0.2
KKK7,KKK,negative,identity,1,1,5,0.2
KKK7,KKK,negative,landscape,1,1,5,0.2
KKK7,KKK,negative,open space,2,1,5,0.4
KKK7,KKK,negative,structure,1,1,5,0.2
KKK7,KKK,negative,urban integration,1,1,5,0.2
KKK7,KKK,positive,functionality,1,1,3,0.3333333333333333
KKK7,KKK,positive,identity,1,1,3,0.3333333333333333
KKK7,KKK,positive,layout,1,1,3,0.3333333333333333
KKK7,KKK,positive,massing,1,1,3,0.3333333333333333
KKK7,KKK,positive,proportion,1,1,3,0.3333333333333333
KKK7,KKK,positive,scale,1,1,3,0.3333333333333333
KKK7,KKK,positive,urban integration,1,1,3,0.3333333333333333
KKK8,KKK,negative,expression,1,1,5,0.2
KKK8,KKK,negative,flexibility,2,1,5,0.4
KKK8,KKK,negative,functionality,3,1,5,0.6
KKK8,KKK,negative,layout,1,1,5,0.2
KKK8,KKK,negative,open space,1,1,5,0.2
KKK8,KKK,negative,scale,1,1,5,0.2
KKK8,KKK,negative,urban integration,1,1,5,0.2
KKK8,KKK,positive,expression,2,1,5,0.4
KKK8,KKK,positive,facade,1,1,5,0.2
KKK8,KKK,positive,flexibility,1,1,5,0.2
KKK8,KKK,positive,functionality,1,1,5,0.2
KKK8,KKK,positive,landscape,1,1,5,0.2
KKK8,KKK,positive,layout,2,1,5,0.4
KKK8,KKK,positive,open space,1,1,5,0.2
KKK8,KKK,positive,structure,1,1,5,0.2
KKK8,KKK,positive,urban integration,1,1,5,0.2
KKK9,KKK,negative,circulation,2,1,7,0.2857142857142857
KKK9,KKK,negative,expression,3,1,7,0.42857142857142855
KKK9,KKK,negative,flexibility,2,1,7,0.2857142857142857
KKK9,KKK,negative,functionality,2,1,7,0.2857142857142857
KKK9,KKK,negative,layout,4,1,7,0.5714285714285714
KKK9,KKK,negative,massing,1,1,7,0.14285714285714285
KKK9,KKK,negative,scale,1,1,7,0.14285714285714285
KKK9,KKK,negative,structure,1,1,7,0.14285714285714285
KKK9,KKK,negative,urban integration,1,1,7,0.14285714285714285
KKK9,KKK,positive,landscape,2,1,3,0.6666666666666666
KKK9,KKK,positive,open space,1,1,3,0.3333333333333333
KKK9,KKK,positive,structure,1,1,3,0.3333333333333333
KKK9,KKK,positive,urban integration,2,1,3,0.6666666666666666
KKKK1,KKKK,negative,circulation,1,1,5,0.2
KKKK1,KKKK,negative,identity,1,1,5,0.2
KKKK1,KKKK,negative,landscape,1,1,5,0.2
KKKK1,KKKK,negative,layout,1,1,5,0.2
KKKK1,KKKK,negative,massing,1,1,5,0.2
KKKK1,KKKK,negative,operation,1,1,5,0.2
KKKK1,KKKK,negative,privacy,2,1,5,0.4
KKKK1,KKKK,negative,safety,1,1,5,0.2
KKKK1,KKKK,negative,topography,1,1,5,0.2
KKKK1,KKKK,negative,visibility,2,1,5,0.4
KKKK1,KKKK,positive,circulation,3,1,8,0.375
KKKK1,KKKK,positive,daylight,1,1,8,0.125
KKKK1,KKKK,positive,expression,2,1,8,0.25
KKKK1,KKKK,positive,flexibility,3,1,8,0.375
KKKK1,KKKK,positive,functionality,1,1,8,0.125
KKKK1,KKKK,positive,identity,1,1,8,0.125
KKKK1,KKKK,positive,layout,3,1,8,0.375
KKKK1,KKKK,positive,massing,2,1,8,0.25
KKKK1,KKKK,positive,operation,1,1,8,0.125
KKKK1,KKKK,positive,urban integration,2,1,8,0.25
KKKK10,KKKK,negative,accessibility,1,1,9,0.1111111111111111
KKKK10,KKKK,negative,circulation,5,1,9,0.5555555555555556
KKKK10,KKKK,negative,daylight,1,1,9,0.1111111111111111
KKKK10,KKKK,negative,functionality,2,1,9,0.2222222222222222
KKKK10,KKKK,negative,landscape,1,1,9,0.1111111111111111
KKKK10,KKKK,negative,layout,3,1,9,0.3333333333333333
KKKK10,KKKK,negative,massing,2,1,9,0.2222222222222222
KKKK10,KKKK,negative,open space,1,1,9,0.1111111111111111
KKKK10,KKKK,negative,operation,2,1,9,0.2222222222222222
KKKK10,KKKK,negative,urban integration,3,1,9,0.3333333333333333
KKKK10,KKKK,negative,visibility,1,1,9,0.1111111111111111
KKKK10,KKKK,positive,circulation,2,1,5,0.4
KKKK10,KKKK,positive,landscape,2,1,5,0.4
KKKK10,KKKK,positive,massing,1,1,5,0.2
KKKK10,KKKK,positive,open space,1,1,5,0.2
KKKK10,KKKK,positive,scale,1,1,5,0.2
KKKK10,KKKK,positive,sustainability,1,1,5,0.2
KKKK10,KKKK,positive,topography,1,1,5,0.2
KKKK10,KKKK,positive,urban integration,3,1,5,0.6
KKKK11,KKKK,negative,accessibility,1,1,9,0.1111111111111111
KKKK11,KKKK,negative,circulation,1,1,9,0.1111111111111111
KKKK11,KKKK,negative,expression,1,1,9,0.1111111111111111
KKKK11,KKKK,negative,functionality,2,1,9,0.2222222222222222
KKKK11,KKKK,negative,identity,3,1,9,0.3333333333333333
KKKK11,KKKK,negative,landscape,2,1,9,0.2222222222222222
KKKK11,KKKK,negative,massing,3,1,9,0.3333333333333333
KKKK11,KKKK,negative,open space,5,1,9,0.5555555555555556
KKKK11,KKKK,negative,privacy,1,1,9,0.1111111111111111
KKKK11,KKKK,negative,safety,1,1,9,0.1111111111111111
KKKK11,KKKK,negative,scale,2,1,9,0.2222222222222222
KKKK11,KKKK,negative,urban integration,5,1,9,0.5555555555555556
KKKK11,KKKK,positive,expression,1,1,3,0.3333333333333333
KKKK11,KKKK,positive,facade,1,1,3,0.3333333333333333
KKKK11,KKKK,positive,functionality,2,1,3,0.6666666666666666
KKKK11,KKKK,positive,layout,2,1,3,0.6666666666666666
KKKK11,KKKK,positive,open space,1,1,3,0.3333333333333333
KKKK11,KKKK,positive,structure,1,1,3,0.3333333333333333
KKKK12,KKKK,negative,accessibility,1,1,9,0.1111111111111111
KKKK12,KKKK,negative,circulation,3,1,9,0.3333333333333333
KKKK12,KKKK,negative,daylight,3,1,9,0.3333333333333333
KKKK12,KKKK,negative,expression,1,1,9,0.1111111111111111
KKKK12,KKKK,negative,flexibility,1,1,9,0.1111111111111111
KKKK12,KKKK,negative,functionality,1,1,9,0.1111111111111111
KKKK12,KKKK,negative,landscape,1,1,9,0.1111111111111111
KKKK12,KKKK,negative,layout,3,1,9,0.3333333333333333
KKKK12,KKKK,negative,massing,4,1,9,0.4444444444444444
KKKK12,KKKK,negative,open space,2,1,9,0.2222222222222222
KKKK12,KKKK,negative,operation,2,1,9,0.2222222222222222
KKKK12,KKKK,negative,scale,2,1,9,0.2222222222222222
KKKK12,KKKK,negative,urban integration,1,1,9,0.1111111111111111
KKKK12,KKKK,negative,visibility,1,1,9,0.1111111111111111
KKKK12,KKKK,positive,cost,1,1,3,0.3333333333333333
KKKK12,KKKK,positive,daylight,1,1,3,0.3333333333333333
KKKK12,KKKK,positive,expression,1,1,3,0.3333333333333333
KKKK12,KKKK,positive,functionality,2,1,3,0.6666666666666666
KKKK12,KKKK,positive,identity,2,1,3,0.6666666666666666
KKKK12,KKKK,positive,operation,1,1,3,0.3333333333333333
KKKK12,KKKK,positive,urban integration,1,1,3,0.3333333333333333
KKKK13,KKKK,negative,accessibility,1,1,12,0.08333333333333333
KKKK13,KKKK,negative,circulation,4,1,12,0.3333333333333333
KKKK13,KKKK,negative,expression,4,1,12,0.3333333333333333
KKKK13,KKKK,negative,facade,2,1,12,0.16666666666666666
KKKK13,KKKK,negative,functionality,3,1,12,0.25
KKKK13,KKKK,negative,identity,4,1,12,0.3333333333333333
KKKK13,KKKK,negative,landscape,4,1,12,0.3333333333333333
KKKK13,KKKK,negative,layout,1,1,12,0.08333333333333333
KKKK13,KKKK,negative,open space,5,1,12,0.4166666666666667
KKKK13,KKKK,negative,privacy,2,1,12,0.16666666666666666
KKKK13,KKKK,negative,scale,2,1,12,0.16666666666666666
KKKK13,KKKK,negative,urban integration,4,1,12,0.3333333333333333
KKKK13,KKKK,positive,expression,2,1,3,0.6666666666666666
KKKK13,KKKK,positive,facade,1,1,3,0.3333333333333333
KKKK13,KKKK,positive,functionality,1,1,3,0.3333333333333333
KKKK13,KKKK,positive,identity,2,1,3,0.6666666666666666
KKKK13,KKKK,positive,layout,1,1,3,0.3333333333333333
KKKK13,KKKK,positive,massing,1,1,3,0.3333333333333333
KKKK13,KKKK,positive,operation,1,1,3,0.3333333333333333
KKKK2,KKKK,negative,accessibility,1,1,8,0.125
KKKK2,KKKK,negative,acoustics,1,1,8,0.125
KKKK2,KKKK,negative,circulation,1,1,8,0.125
KKKK2,KKKK,negative,expression,1,1,8,0.125
KKKK2,KKKK,negative,facade,1,1,8,0.125
KKKK2,KKKK,negative,flexibility,1,1,8,0.125
KKKK2,KKKK,negative,functionality,2,1,8,0.25
KKKK2,KKKK,negative,landscape,2,1,8,0.25
KKKK2,KKKK,negative,layout,2,1,8,0.25
KKKK2,KKKK,negative,massing,2,1,8,0.25
KKKK2,KKKK,negative,open space,2,1,8,0.25
KKKK2,KKKK,negative,privacy,1,1,8,0.125
KKKK2,KKKK,negative,proportion,1,1,8,0.125
KKKK2,KKKK,negative,safety,2,1,8,0.25
KKKK2,KKKK,negative,scale,2,1,8,0.25
KKKK2,KKKK,negative,sustainability,1,1,8,0.125
KKKK2,KKKK,negative,urban integration,1,1,8,0.125
KKKK2,KKKK,positive,accessibility,1,1,9,0.1111111111111111
KKKK2,KKKK,positive,circulation,3,1,9,0.3333333333333333
KKKK2,KKKK,positive,daylight,1,1,9,0.1111111111111111
KKKK2,KKKK,positive,expression,2,1,9,0.2222222222222222
KKKK2,KKKK,positive,facade,1,1,9,0.1111111111111111
KKKK2,KKKK,positive,flexibility,1,1,9,0.1111111111111111
KKKK2,KKKK,positive,functionality,2,1,9,0.2222222222222222
KKKK2,KKKK,positive,identity,2,1,9,0.2222222222222222
KKKK2,KKKK,positive,landscape,1,1,9,0.1111111111111111
KKKK2,KKKK,positive,layout,4,1,9,0.4444444444444444
KKKK2,KKKK,positive,massing,2,1,9,0.2222222222222222
KKKK2,KKKK,positive,operation,1,1,9,0.1111111111111111
KKKK2,KKKK,positive,safety,1,1,9,0.1111111111111111
KKKK2,KKKK,positive,topography,2,1,9,0.2222222222222222
KKKK2,KKKK,positive,urban integration,1,1,9,0.1111111111111111
KKKK2,KKKK,positive,visibility,1,1,9,0.1111111111111111
KKKK3,KKKK,negative,accessibility,2,1,10,0.2
KKKK3,KKKK,negative,circulation,3,1,10,0.3
KKKK3,KKKK,negative,cost,1,1,10,0.1
KKKK3,KKKK,negative,expression,4,1,10,0.4
KKKK3,KKKK,negative,facade,2,1,10,0.2
KKKK3,KKKK,negative,flexibility,1,1,10,0.1
KKKK3,KKKK,negative,functionality,4,1,10,0.4
KKKK3,KKKK,negative,identity,4,1,10,0.4
KKKK3,KKKK,negative,layout,2,1,10,0.2
KKKK3,KKKK,negative,massing,1,1,10,0.1
KKKK3,KKKK,negative,operation,1,1,10,0.1
KKKK3,KKKK,negative,privacy,1,1,10,0.1
KKKK3,KKKK,negative,safety,1,1,10,0.1
KKKK3,KKKK,negative,urban integration,2,1,10,0.2
KKKK3,KKKK,positive,circulation,2,1,8,0.25
KKKK3,KKKK,positive,flexibility,1,1,8,0.125
KKKK3,KKKK,positive,functionality,3,1,8,0.375
KKKK3,KKKK,positive,landscape,1,1,8,0.125
KKKK3,KKKK,positive,layout,4,1,8,0.5
KKKK3,KKKK,positive,massing,2,1,8,0.25
KKKK3,KKKK,positive,open space,4,1,8,0.5
KKKK3,KKKK,positive,privacy,2,1,8,0.25
KKKK3,KKKK,positive,proportion,1,1,8,0.125
KKKK3,KKKK,positive,scale,1,1,8,0.125
KKKK3,KKKK,positive,topography,1,1,8,0.125
KKKK3,KKKK,positive,urban integration,2,1,8,0.25
KKKK4,KKKK,negative,acoustics,1,1,6,0.16666666666666666
KKKK4,KKKK,negative,circulation,1,1,6,0.16666666666666666
KKKK4,KKKK,negative,functionality,5,1,6,0.8333333333333334
KKKK4,KKKK,negative,identity,1,1,6,0.16666666666666666
KKKK4,KKKK,negative,layout,4,1,6,0.6666666666666666
KKKK4,KKKK,negative,operation,1,1,6,0.16666666666666666
KKKK4,KKKK,negative,privacy,1,1,6,0.16666666666666666
KKKK4,KKKK,negative,safety,1,1,6,0.16666666666666666
KKKK4,KKKK,negative,urban integration,1,1,6,0.16666666666666666
KKKK4,KKKK,negative,visibility,1,1,6,0.16666666666666666
KKKK4,KKKK,positive,cost,1,1,5,0.2
KKKK4,KKKK,positive,expression,1,1,5,0.2
KKKK4,KKKK,positive,identity,1,1,5,0.2
KKKK4,KKKK,positive,landscape,2,1,5,0.4
KKKK4,KKKK,positive,layout,1,1,5,0.2
KKKK4,KKKK,positive,massing,2,1,5,0.4
KKKK4,KKKK,positive,open space,2,1,5,0.4
KKKK4,KKKK,positive,privacy,2,1,5,0.4
KKKK4,KKKK,positive,urban integration,2,1,5,0.4
KKKK5,KKKK,negative,accessibility,1,1,7,0.14285714285714285
KKKK5,KKKK,negative,circulation,1,1,7,0.14285714285714285
KKKK5,KKKK,negative,cost,1,1,7,0.14285714285714285
KKKK5,KKKK,negative,daylight,1,1,7,0.14285714285714285
KKKK5,KKKK,negative,functionality,4,1,7,0.5714285714285714
KKKK5,KKKK,negative,layout,3,1,7,0.42857142857142855
KKKK5,KKKK,negative,massing,2,1,7,0.2857142857142857
KKKK5,KKKK,negative,open space,2,1,7,0.2857142857142857
KKKK5,KKKK,negative,operation,1,1,7,0.14285714285714285
KKKK5,KKKK,negative,privacy,1,1,7,0.14285714285714285
KKKK5,KKKK,negative,scale,2,1,7,0.2857142857142857
KKKK5,KKKK,positive,cost,1,1,6,0.16666666666666666
KKKK5,KKKK,positive,daylight,1,1,6,0.16666666666666666
KKKK5,KKKK,positive,expression,1,1,6,0.16666666666666666
KKKK5,KKKK,positive,facade,1,1,6,0.16666666666666666
KKKK5,KKKK,positive,flexibility,1,1,6,0.16666666666666666
KKKK5,KKKK,positive,identity,1,1,6,0.16666666666666666
KKKK5,KKKK,positive,landscape,2,1,6,0.3333333333333333
KKKK5,KKKK,positive,layout,1,1,6,0.16666666666666666
KKKK5,KKKK,positive,massing,2,1,6,0.3333333333333333
KKKK5,KKKK,positive,open space,2,1,6,0.3333333333333333
KKKK5,KKKK,positive,scale,1,1,6,0.16666666666666666
KKKK5,KKKK,positive,urban integration,1,1,6,0.16666666666666666
KKKK6,KKKK,negative,expression,1,1,3,0.3333333333333333
KKKK6,KKKK,negative,facade,1,1,3,0.3333333333333333
KKKK6,KKKK,negative,landscape,2,1,3,0.6666666666666666
KKKK6,KKKK,negative,layout,1,1,3,0.3333333333333333
KKKK6,KKKK,negative,open space,2,1,3,0.6666666666666666
KKKK6,KKKK,negative,privacy,1,1,3,0.3333333333333333
KKKK6,KKKK,negative,scale,1,1,3,0.3333333333333333
KKKK6,KKKK,positive,circulation,2,1,6,0.3333333333333333
KKKK6,KKKK,positive,daylight,1,1,6,0.16666666666666666
KKKK6,KKKK,positive,expression,2,1,6,0.3333333333333333
KKKK6,KKKK,positive,functionality,1,1,6,0.16666666666666666
KKKK6,KKKK,positive,identity,1,1,6,0.16666666666666666
KKKK6,KKKK,positive,landscape,1,1,6,0.16666666666666666
KKKK6,KKKK,positive,layout,2,1,6,0.3333333333333333
KKKK6,KKKK,positive,massing,1,1,6,0.16666666666666666
KKKK6,KKKK,positive,open space,3,1,6,0.5
KKKK6,KKKK,positive,privacy,1,1,6,0.16666666666666666
KKKK6,KKKK,positive,structure,1,1,6,0.16666666666666666
KKKK6,KKKK,positive,urban integration,1,1,6,0.16666666666666666
KKKK7,KKKK,negative,circulation,3,1,8,0.375
KKKK7,KKKK,negative,expression,2,1,8,0.25
KKKK7,KKKK,negative,identity,1,1,8,0.125
KKKK7,KKKK,negative,landscape,1,1,8,0.125
KKKK7,KKKK,negative,layout,3,1,8,0.375
KKKK7,KKKK,negative,massing,2,1,8,0.25
KKKK7,KKKK,negative,open space,2,1,8,0.25
KKKK7,KKKK,negative,operation,2,1,8,0.25
KKKK7,KKKK,negative,privacy,1,1,8,0.125
KKKK7,KKKK,negative,safety,1,1,8,0.125
KKKK7,KKKK,negative,scale,1,1,8,0.125
KKKK7,KKKK,negative,urban integration,3,1,8,0.375
KKKK7,KKKK,negative,visibility,1,1,8,0.125
KKKK7,KKKK,positive,circulation,1,1,5,0.2
KKKK7,KKKK,positive,cost,1,1,5,0.2
KKKK7,KKKK,positive,expression,1,1,5,0.2
KKKK7,KKKK,positive,facade,1,1,5,0.2
KKKK7,KKKK,positive,functionality,2,1,5,0.4
KKKK7,KKKK,positive,layout,1,1,5,0.2
KKKK7,KKKK,positive,massing,2,1,5,0.4
KKKK7,KKKK,positive,operation,1,1,5,0.2
KKKK7,KKKK,positive,scale,1,1,5,0.2
KKKK8,KKKK,negative,accessibility,1,1,8,0.125
KKKK8,KKKK,negative,circulation,5,1,8,0.625
KKKK8,KKKK,negative,daylight,2,1,8,0.25
KKKK8,KKKK,negative,expression,1,1,8,0.125
KKKK8,KKKK,negative,functionality,2,1,8,0.25
KKKK8,KKKK,negative,layout,3,1,8,0.375
KKKK8,KKKK,negative,massing,2,1,8,0.25
KKKK8,KKKK,negative,open space,1,1,8,0.125
KKKK8,KKKK,negative,operation,1,1,8,0.125
KKKK8,KKKK,negative,safety,1,1,8,0.125
KKKK8,KKKK,negative,scale,1,1,8,0.125
KKKK8,KKKK,negative,topography,1,1,8,0.125
KKKK8,KKKK,negative,urban integration,1,1,8,0.125
KKKK8,KKKK,positive,accessibility,1,1,7,0.14285714285714285
KKKK8,KKKK,positive,circulation,3,1,7,0.42857142857142855
KKKK8,KKKK,positive,daylight,1,1,7,0.14285714285714285
KKKK8,KKKK,positive,flexibility,1,1,7,0.14285714285714285
KKKK8,KKKK,positive,identity,2,1,7,0.2857142857142857
KKKK8,KKKK,positive,landscape,2,1,7,0.2857142857142857
KKKK8,KKKK,positive,layout,2,1,7,0.2857142857142857
KKKK8,KKKK,positive,massing,2,1,7,0.2857142857142857
KKKK8,KKKK,positive,open space,4,1,7,0.5714285714285714
KKKK8,KKKK,positive,proportion,1,1,7,0.14285714285714285
KKKK8,KKKK,positive,urban integration,2,1,7,0.2857142857142857
KKKK9,KKKK,negative,accessibility,2,1,9,0.2222222222222222
KKKK9,KKKK,negative,circulation,4,1,9,0.4444444444444444
KKKK9,KKKK,negative,daylight,1,1,9,0.1111111111111111
KKKK9,KKKK,negative,expression,2,1,9,0.2222222222222222
KKKK9,KKKK,negative,functionality,1,1,9,0.1111111111111111
KKKK9,KKKK,negative,layout,3,1,9,0.3333333333333333
KKKK9,KKKK,negative,massing,1,1,9,0.1111111111111111
KKKK9,KKKK,negative,open space,1,1,9,0.1111111111111111
KKKK9,KKKK,negative,privacy,1,1,9,0.1111111111111111
KKKK9,KKKK,negative,topography,1,1,9,0.1111111111111111
KKKK9,KKKK,negative,urban integration,1,1,9,0.1111111111111111
KKKK9,KKKK,positive,layout,1,1,1,1.0
KKKK9,KKKK,positive,open space,1,1,1,1.0
L1,L,negative,circulation,1,1,5,0.2
L1,L,negative,cost,1,1,5,0.2
L1,L,negative,daylight,1,1,5,0.2
L1,L,negative,expression,1,1,5,0.2
L1,L,negative,landscape,1,1,5,0.2
L1,L,negative,layout,1,1,5,0.2
L1,L,negative,operation,1,1,5,0.2
L1,L,negative,proportion,1,1,5,0.2
L1,L,negative,ventilation,1,1,5,0.2
L1,L,positive,circulation,1,1,10,0.1
L1,L,positive,cost,1,1,10,0.1
L1,L,positive,expression,3,1,10,0.3
L1,L,positive,flexibility,1,1,10,0.1
L1,L,positive,identity,3,1,10,0.3
L1,L,positive,landscape,2,1,10,0.2
L1,L,positive,layout,1,1,10,0.1
L1,L,positive,massing,2,1,10,0.2
L1,L,positive,open space,1,1,10,0.1
L1,L,positive,operation,1,1,10,0.1
L1,L,positive,sustainability,1,1,10,0.1
L1,L,positive,topography,1,1,10,0.1
L1,L,positive,urban integration,1,1,10,0.1
L1,L,positive,visibility,1,1,10,0.1
L2,L,negative,circulation,3,1,6,0.5
L2,L,negative,expression,1,1,6,0.16666666666666666
L2,L,negative,feasibility,1,1,6,0.16666666666666666
L2,L,negative,fire safety,1,1,6,0.16666666666666666
L2,L,negative,operation,2,1,6,0.3333333333333333
L2,L,negative,scale,1,1,6,0.16666666666666666
L2,L,negative,topography,1,1,6,0.16666666666666666
L2,L,negative,urban integration,2,1,6,0.3333333333333333
L2,L,positive,circulation,1,1,8,0.125
L2,L,positive,daylight,1,1,8,0.125
L2,L,positive,expression,2,1,8,0.25
L2,L,positive,flexibility,1,1,8,0.125
L2,L,positive,functionality,2,1,8,0.25
L2,L,positive,identity,1,1,8,0.125
L2,L,positive,layout,1,1,8,0.125
L2,L,positive,massing,2,1,8,0.25
L2,L,positive,open space,1,1,8,0.125
L2,L,positive,scale,1,1,8,0.125
L2,L,positive,structure,1,1,8,0.125
L2,L,positive,urban integration,1,1,8,0.125
L2,L,positive,visibility,1,1,8,0.125
L3,L,negative,circulation,4,1,8,0.5
L3,L,negative,fire safety,1,1,8,0.125
L3,L,negative,functionality,1,1,8,0.125
L3,L,negative,identity,1,1,8,0.125
L3,L,negative,landscape,3,1,8,0.375
L3,L,negative,layout,2,1,8,0.25
L3,L,negative,massing,2,1,8,0.25
L3,L,negative,sustainability,1,1,8,0.125
L3,L,negative,visibility,1,1,8,0.125
L3,L,positive,circulation,2,1,9,0.2222222222222222
L3,L,positive,expression,2,1,9,0.2222222222222222
L3,L,positive,flexibility,1,1,9,0.1111111111111111
L3,L,positive,functionality,1,1,9,0.1111111111111111
L3,L,positive,identity,1,1,9,0.1111111111111111
L3,L,positive,layout,2,1,9,0.2222222222222222
L3,L,positive,massing,2,1,9,0.2222222222222222
L3,L,positive,open space,2,1,9,0.2222222222222222
L3,L,positive,topography,1,1,9,0.1111111111111111
L3,L,positive,urban integration,3,1,9,0.3333333333333333
L3,L,positive,visibility,1,1,9,0.1111111111111111
L4,L,negative,circulation,2,1,10,0.2
L4,L,negative,expression,1,1,10,0.1
L4,L,negative,facade,1,1,10,0.1
L4,L,negative,functionality,2,1,10,0.2
L4,L,negative,identity,1,1,10,0.1
L4,L,negative,landscape,2,1,10,0.2
L4,L,negative,layout,2,1,10,0.2
L4,L,negative,open space,2,1,10,0.2
L4,L,negative,operation,1,1,10,0.1
L4,L,negative,safety,2,1,10,0.2
L4,L,negative,structure,1,1,10,0.1
L4,L,negative,sustainability,1,1,10,0.1
L4,L,negative,urban integration,1,1,10,0.1
L4,L,negative,visibility,1,1,10,0.1
L4,L,positive,circulation,5,1,9,0.5555555555555556
L4,L,positive,daylight,1,1,9,0.1111111111111111
L4,L,positive,flexibility,1,1,9,0.1111111111111111
L4,L,positive,landscape,2,1,9,0.2222222222222222
L4,L,positive,layout,1,1,9,0.1111111111111111
L4,L,positive,massing,2,1,9,0.2222222222222222
L4,L,positive,open space,2,1,9,0.2222222222222222
L4,L,positive,operation,1,1,9,0.1111111111111111
L4,L,positive,privacy,1,1,9,0.1111111111111111
L4,L,positive,urban integration,2,1,9,0.2222222222222222
L5,L,negative,circulation,3,1,11,0.2727272727272727
L5,L,negative,cost,1,1,11,0.09090909090909091
L5,L,negative,daylight,1,1,11,0.09090909090909091
L5,L,negative,expression,1,1,11,0.09090909090909091
L5,L,negative,facade,2,1,11,0.18181818181818182
L5,L,negative,flexibility,1,1,11,0.09090909090909091
L5,L,negative,functionality,3,1,11,0.2727272727272727
L5,L,negative,identity,2,1,11,0.18181818181818182
L5,L,negative,landscape,3,1,11,0.2727272727272727
L5,L,negative,layout,1,1,11,0.09090909090909091
L5,L,negative,massing,1,1,11,0.09090909090909091
L5,L,negative,open space,2,1,11,0.18181818181818182
L5,L,negative,operation,3,1,11,0.2727272727272727
L5,L,negative,urban integration,2,1,11,0.18181818181818182
L5,L,positive,flexibility,2,1,6,0.3333333333333333
L5,L,positive,functionality,1,1,6,0.16666666666666666
L5,L,positive,landscape,1,1,6,0.16666666666666666
L5,L,positive,layout,1,1,6,0.16666666666666666
L5,L,positive,massing,1,1,6,0.16666666666666666
L5,L,positive,open space,1,1,6,0.16666666666666666
L5,L,positive,scale,1,1,6,0.16666666666666666
L5,L,positive,structure,2,1,6,0.3333333333333333
L5,L,positive,sustainability,1,1,6,0.16666666666666666
L5,L,positive,topography,1,1,6,0.16666666666666666
L5,L,positive,urban integration,3,1,6,0.5
L5,L,positive,visibility,1,1,6,0.16666666666666666
LL1,LL,positive,daylight,1,1,9,0.1111111111111111
LL1,LL,positive,expression,1,1,9,0.1111111111111111
LL1,LL,positive,flexibility,2,1,9,0.2222222222222222
LL1,LL,positive,functionality,4,1,9,0.4444444444444444
LL1,LL,positive,layout,2,1,9,0.2222222222222222
LL1,LL,positive,massing,1,1,9,0.1111111111111111
LL1,LL,positive,open space,3,1,9,0.3333333333333333
LL1,LL,positive,scale,2,1,9,0.2222222222222222
LL1,LL,positive,urban integration,6,1,9,0.6666666666666666
LL1,LL,positive,ventilation,1,1,9,0.1111111111111111
LL2,LL,negative,circulation,1,1,7,0.14285714285714285
LL2,LL,negative,expression,2,1,7,0.2857142857142857
LL2,LL,negative,functionality,2,1,7,0.2857142857142857
LL2,LL,negative,identity,2,1,7,0.2857142857142857
LL2,LL,negative,layout,1,1,7,0.14285714285714285
LL2,LL,negative,massing,2,1,7,0.2857142857142857
LL2,LL,negative,scale,2,1,7,0.2857142857142857
LL2,LL,negative,urban integration,5,1,7,0.7142857142857143
LL2,LL,positive,accessibility,2,1,7,0.2857142857142857
LL2,LL,positive,circulation,3,1,7,0.42857142857142855
LL2,LL,positive,functionality,3,1,7,0.42857142857142855
LL2,LL,positive,layout,3,1,7,0.42857142857142855
LL2,LL,positive,massing,2,1,7,0.2857142857142857
LL2,LL,positive,open space,2,1,7,0.2857142857142857
LL2,LL,positive,operation,1,1,7,0.14285714285714285
LL2,LL,positive,urban integration,1,1,7,0.14285714285714285
LL3,LL,negative,circulation,1,1,3,0.3333333333333333
LL3,LL,negative,expression,1,1,3,0.3333333333333333
LL3,LL,negative,functionality,2,1,3,0.6666666666666666
LL3,LL,negative,layout,1,1,3,0.3333333333333333
LL3,LL,negative,massing,1,1,3,0.3333333333333333
LL3,LL,negative,scale,2,1,3,0.6666666666666666
LL3,LL,positive,circulation,1,1,8,0.125
LL3,LL,positive,expression,2,1,8,0.25
LL3,LL,positive,facade,2,1,8,0.25
LL3,LL,positive,identity,2,1,8,0.25
LL3,LL,positive,landscape,1,1,8,0.125
LL3,LL,positive,layout,4,1,8,0.5
LL3,LL,positive,massing,4,1,8,0.5
LL3,LL,positive,open space,3,1,8,0.375
LL3,LL,positive,urban integration,4,1,8,0.5
LL4,LL,negative,circulation,2,1,8,0.25
LL4,LL,negative,functionality,5,1,8,0.625
LL4,LL,negative,identity,1,1,8,0.125
LL4,LL,negative,landscape,1,1,8,0.125
LL4,LL,negative,layout,3,1,8,0.375
LL4,LL,negative,massing,1,1,8,0.125
LL4,LL,negative,open space,1,1,8,0.125
LL4,LL,negative,operation,1,1,8,0.125
LL4,LL,negative,proportion,1,1,8,0.125
LL4,LL,negative,safety,1,1,8,0.125
LL4,LL,negative,scale,1,1,8,0.125
LL4,LL,negative,urban integration,1,1,8,0.125
LL4,LL,negative,visibility,1,1,8,0.125
LL4,LL,positive,accessibility,1,1,6,0.16666666666666666
LL4,LL,positive,circulation,2,1,6,0.3333333333333333
LL4,LL,positive,expression,3,1,6,0.5
LL4,LL,positive,facade,1,1,6,0.16666666666666666
LL4,LL,positive,functionality,1,1,6,0.16666666666666666
LL4,LL,positive,identity,2,1,6,0.3333333333333333
LL4,LL,positive,layout,2,1,6,0.3333333333333333
LL4,LL,positive,operation,1,1,6,0.16666666666666666
LL4,LL,positive,urban integration,1,1,6,0.16666666666666666
LL5,LL,negative,circulation,1,1,3,0.3333333333333333
LL5,LL,negative,expression,1,1,3,0.3333333333333333
LL5,LL,negative,functionality,1,1,3,0.3333333333333333
LL5,LL,negative,layout,2,1,3,0.6666666666666666
LL5,LL,negative,open space,1,1,3,0.3333333333333333
LL5,LL,negative,proportion,1,1,3,0.3333333333333333
LL5,LL,negative,urban integration,1,1,3,0.3333333333333333
LL5,LL,positive,daylight,1,1,6,0.16666666666666666
LL5,LL,positive,expression,5,1,6,0.8333333333333334
LL5,LL,positive,facade,1,1,6,0.16666666666666666
LL5,LL,positive,identity,2,1,6,0.3333333333333333
LL5,LL,positive,layout,1,1,6,0.16666666666666666
LL5,LL,positive,massing,1,1,6,0.16666666666666666
LL5,LL,positive,proportion,1,1,6,0.16666666666666666
LL5,LL,positive,urban integration,1,1,6,0.16666666666666666
LL6,LL,negative,circulation,1,1,5,0.2
LL6,LL,negative,functionality,5,1,5,1.0
LL6,LL,negative,layout,1,1,5,0.2
LL6,LL,negative,open space,4,1,5,0.8
LL6,LL,positive,circulation,2,1,6,0.3333333333333333
LL6,LL,positive,daylight,1,1,6,0.16666666666666666
LL6,LL,positive,functionality,1,1,6,0.16666666666666666
LL6,LL,positive,layout,1,1,6,0.16666666666666666
LL6,LL,positive,massing,2,1,6,0.3333333333333333
LL6,LL,positive,open space,1,1,6,0.16666666666666666
LL6,LL,positive,operation,2,1,6,0.3333333333333333
LL6,LL,positive,scale,1,1,6,0.16666666666666666
LL6,LL,positive,urban integration,3,1,6,0.5
LL7,LL,negative,expression,1,1,5,0.2
LL7,LL,negative,facade,2,1,5,0.4
LL7,LL,negative,functionality,4,1,5,0.8
LL7,LL,negative,layout,1,1,5,0.2
LL7,LL,negative,open space,1,1,5,0.2
LL7,LL,negative,proportion,1,1,5,0.2
LL7,LL,negative,urban integration,3,1,5,0.6
LL7,LL,positive,circulation,1,1,8,0.125
LL7,LL,positive,expression,2,1,8,0.25
LL7,LL,positive,flexibility,1,1,8,0.125
LL7,LL,positive,functionality,1,1,8,0.125
LL7,LL,positive,identity,3,1,8,0.375
LL7,LL,positive,landscape,2,1,8,0.25
LL7,LL,positive,layout,2,1,8,0.25
LL7,LL,positive,massing,2,1,8,0.25
LL7,LL,positive,open space,2,1,8,0.25
LL7,LL,positive,proportion,1,1,8,0.125
LL7,LL,positive,urban integration,3,1,8,0.375
LL8,LL,negative,circulation,1,1,5,0.2
LL8,LL,negative,daylight,1,1,5,0.2
LL8,LL,negative,expression,1,1,5,0.2
LL8,LL,negative,facade,1,1,5,0.2
LL8,LL,negative,identity,1,1,5,0.2
LL8,LL,negative,landscape,1,1,5,0.2
LL8,LL,negative,layout,3,1,5,0.6
LL8,LL,negative,open space,3,1,5,0.6
LL8,LL,negative,proportion,1,1,5,0.2
LL8,LL,positive,circulation,1,1,5,0.2
LL8,LL,positive,functionality,2,1,5,0.4
LL8,LL,positive,identity,1,1,5,0.2
LL8,LL,positive,layout,3,1,5,0.6
LL8,LL,positive,massing,1,1,5,0.2
LL8,LL,positive,open space,1,1,5,0.2
LL8,LL,positive,scale,1,1,5,0.2
LL8,LL,positive,urban integration,2,1,5,0.4
LLL1,LLL,negative,accessibility,6,1,14,0.42857142857142855
LLL1,LLL,negative,circulation,6,1,14,0.42857142857142855
LLL1,LLL,negative,expression,1,1,14,0.07142857142857142
LLL1,LLL,negative,flexibility,1,1,14,0.07142857142857142
LLL1,LLL,negative,functionality,3,1,14,0.21428571428571427
LLL1,LLL,negative,landscape,1,1,14,0.07142857142857142
LLL1,LLL,negative,layout,2,1,14,0.14285714285714285
LLL1,LLL,negative,massing,1,1,14,0.07142857142857142
LLL1,LLL,negative,open space,2,1,14,0.14285714285714285
LLL1,LLL,negative,operation,2,1,14,0.14285714285714285
LLL1,LLL,negative,proportion,1,1,14,0.07142857142857142
LLL1,LLL,negative,safety,1,1,14,0.07142857142857142
LLL1,LLL,negative,structure,3,1,14,0.21428571428571427
LLL1,LLL,negative,sustainability,1,1,14,0.07142857142857142
LLL1,LLL,negative,urban integration,3,1,14,0.21428571428571427
LLL1,LLL,positive,circulation,4,1,10,0.4
LLL1,LLL,positive,cost,1,1,10,0.1
LLL1,LLL,positive,daylight,1,1,10,0.1
LLL1,LLL,positive,expression,2,1,10,0.2
LLL1,LLL,positive,facade,1,1,10,0.1
LLL1,LLL,positive,flexibility,1,1,10,0.1
LLL1,LLL,positive,functionality,2,1,10,0.2
LLL1,LLL,positive,identity,3,1,10,0.3
LLL1,LLL,positive,landscape,1,1,10,0.1
LLL1,LLL,positive,layout,2,1,10,0.2
LLL1,LLL,positive,massing,2,1,10,0.2
LLL1,LLL,positive,open space,2,1,10,0.2
LLL1,LLL,positive,scale,1,1,10,0.1
LLL1,LLL,positive,structure,2,1,10,0.2
LLL1,LLL,positive,urban integration,1,1,10,0.1
LLL10,LLL,negative,acoustics,1,1,7,0.14285714285714285
LLL10,LLL,negative,daylight,2,1,7,0.2857142857142857
LLL10,LLL,negative,expression,1,1,7,0.14285714285714285
LLL10,LLL,negative,facade,2,1,7,0.2857142857142857
LLL10,LLL,negative,functionality,2,1,7,0.2857142857142857
LLL10,LLL,negative,identity,1,1,7,0.14285714285714285
LLL10,LLL,negative,landscape,2,1,7,0.2857142857142857
LLL10,LLL,negative,layout,1,1,7,0.14285714285714285
LLL10,LLL,negative,open space,2,1,7,0.2857142857142857
LLL10,LLL,negative,safety,1,1,7,0.14285714285714285
LLL10,LLL,negative,urban integration,1,1,7,0.14285714285714285
LLL10,LLL,positive,flexibility,2,1,4,0.5
LLL10,LLL,positive,layout,1,1,4,0.25
LLL10,LLL,positive,massing,3,1,4,0.75
LLL10,LLL,positive,open space,1,1,4,0.25
LLL10,LLL,positive,proportion,1,1,4,0.25
LLL10,LLL,positive,urban integration,2,1,4,0.5
LLL2,LLL,negative,flexibility,1,1,5,0.2
LLL2,LLL,negative,functionality,1,1,5,0.2
LLL2,LLL,negative,landscape,1,1,5,0.2
LLL2,LLL,negative,layout,1,1,5,0.2
LLL2,LLL,negative,open space,1,1,5,0.2
LLL2,LLL,negative,safety,1,1,5,0.2
LLL2,LLL,negative,structure,1,1,5,0.2
LLL2,LLL,negative,urban integration,3,1,5,0.6
LLL2,LLL,positive,circulation,2,1,6,0.3333333333333333
LLL2,LLL,positive,cost,1,1,6,0.16666666666666666
LLL2,LLL,positive,functionality,1,1,6,0.16666666666666666
LLL2,LLL,positive,identity,1,1,6,0.16666666666666666
LLL2,LLL,positive,layout,2,1,6,0.3333333333333333
LLL2,LLL,positive,massing,2,1,6,0.3333333333333333
LLL2,LLL,positive,open space,2,1,6,0.3333333333333333
LLL2,LLL,positive,sustainability,1,1,6,0.16666666666666666
LLL2,LLL,positive,urban integration,3,1,6,0.5
LLL3,LLL,negative,accessibility,2,1,7,0.2857142857142857
LLL3,LLL,negative,acoustics,1,1,7,0.14285714285714285
LLL3,LLL,negative,circulation,3,1,7,0.42857142857142855
LLL3,LLL,negative,expression,2,1,7,0.2857142857142857
LLL3,LLL,negative,facade,1,1,7,0.14285714285714285
LLL3,LLL,negative,identity,1,1,7,0.14285714285714285
LLL3,LLL,negative,landscape,1,1,7,0.14285714285714285
LLL3,LLL,negative,layout,1,1,7,0.14285714285714285
LLL3,LLL,negative,massing,1,1,7,0.14285714285714285
LLL3,LLL,negative,open space,1,1,7,0.14285714285714285
LLL3,LLL,negative,operation,1,1,7,0.14285714285714285
LLL3,LLL,negative,safety,1,1,7,0.14285714285714285
LLL3,LLL,negative,structure,1,1,7,0.14285714285714285
LLL3,LLL,negative,urban integration,1,1,7,0.14285714285714285
LLL3,LLL,positive,daylight,1,1,6,0.16666666666666666
LLL3,LLL,positive,expression,1,1,6,0.16666666666666666
LLL3,LLL,positive,flexibility,1,1,6,0.16666666666666666
LLL3,LLL,positive,functionality,1,1,6,0.16666666666666666
LLL3,LLL,positive,identity,1,1,6,0.16666666666666666
LLL3,LLL,positive,layout,3,1,6,0.5
LLL3,LLL,positive,massing,1,1,6,0.16666666666666666
LLL3,LLL,positive,scale,1,1,6,0.16666666666666666
LLL3,LLL,positive,structure,1,1,6,0.16666666666666666
LLL3,LLL,positive,topography,2,1,6,0.3333333333333333
LLL3,LLL,positive,urban integration,1,1,6,0.16666666666666666
LLL4,LLL,negative,accessibility,1,1,7,0.14285714285714285
LLL4,LLL,negative,circulation,3,1,7,0.42857142857142855
LLL4,LLL,negative,daylight,2,1,7,0.2857142857142857
LLL4,LLL,negative,facade,1,1,7,0.14285714285714285
LLL4,LLL,negative,flexibility,1,1,7,0.14285714285714285
LLL4,LLL,negative,functionality,1,1,7,0.14285714285714285
LLL4,LLL,negative,identity,1,1,7,0.14285714285714285
LLL4,LLL,negative,layout,2,1,7,0.2857142857142857
LLL4,LLL,negative,massing,1,1,7,0.14285714285714285
LLL4,LLL,negative,open space,1,1,7,0.14285714285714285
LLL4,LLL,negative,safety,1,1,7,0.14285714285714285
LLL4,LLL,negative,scale,1,1,7,0.14285714285714285
LLL4,LLL,negative,structure,1,1,7,0.14285714285714285
LLL4,LLL,positive,cost,1,1,6,0.16666666666666666
LLL4,LLL,positive,flexibility,1,1,6,0.16666666666666666
LLL4,LLL,positive,functionality,1,1,6,0.16666666666666666
LLL4,LLL,positive,landscape,1,1,6,0.16666666666666666
LLL4,LLL,positive,layout,2,1,6,0.3333333333333333
LLL4,LLL,positive,massing,3,1,6,0.5
LLL4,LLL,positive,open space,2,1,6,0.3333333333333333
LLL4,LLL,positive,operation,1,1,6,0.16666666666666666
LLL4,LLL,positive,scale,1,1,6,0.16666666666666666
LLL4,LLL,positive,sustainability,1,1,6,0.16666666666666666
LLL4,LLL,positive,urban integration,1,1,6,0.16666666666666666
LLL5,LLL,negative,accessibility,1,1,8,0.125
LLL5,LLL,negative,circulation,2,1,8,0.25
LLL5,LLL,negative,daylight,2,1,8,0.25
LLL5,LLL,negative,expression,1,1,8,0.125
LLL5,LLL,negative,functionality,3,1,8,0.375
LLL5,LLL,negative,identity,1,1,8,0.125
LLL5,LLL,negative,landscape,1,1,8,0.125
LLL5,LLL,negative,layout,3,1,8,0.375
LLL5,LLL,negative,open space,1,1,8,0.125
LLL5,LLL,negative,operation,1,1,8,0.125
LLL5,LLL,negative,urban integration,1,1,8,0.125
LLL5,LLL,positive,circulation,1,1,7,0.14285714285714285
LLL5,LLL,positive,daylight,1,1,7,0.14285714285714285
LLL5,LLL,positive,facade,1,1,7,0.14285714285714285
LLL5,LLL,positive,flexibility,2,1,7,0.2857142857142857
LLL5,LLL,positive,identity,3,1,7,0.42857142857142855
LLL5,LLL,positive,landscape,1,1,7,0.14285714285714285
LLL5,LLL,positive,layout,2,1,7,0.2857142857142857
LLL5,LLL,positive,massing,1,1,7,0.14285714285714285
LLL5,LLL,positive,open space,1,1,7,0.14285714285714285
LLL5,LLL,positive,proportion,1,1,7,0.14285714285714285
LLL5,LLL,positive,structure,1,1,7,0.14285714285714285
LLL5,LLL,positive,sustainability,1,1,7,0.14285714285714285
LLL5,LLL,positive,urban integration,1,1,7,0.14285714285714285
LLL6,LLL,negative,accessibility,2,1,7,0.2857142857142857
LLL6,LLL,negative,circulation,4,1,7,0.5714285714285714
LLL6,LLL,negative,daylight,1,1,7,0.14285714285714285
LLL6,LLL,negative,expression,1,1,7,0.14285714285714285
LLL6,LLL,negative,facade,1,1,7,0.14285714285714285
LLL6,LLL,negative,functionality,2,1,7,0.2857142857142857
LLL6,LLL,negative,layout,1,1,7,0.14285714285714285
LLL6,LLL,negative,open space,1,1,7,0.14285714285714285
LLL6,LLL,negative,operation,1,1,7,0.14285714285714285
LLL6,LLL,negative,proportion,1,1,7,0.14285714285714285
LLL6,LLL,negative,sustainability,1,1,7,0.14285714285714285
LLL6,LLL,negative,urban integration,1,1,7,0.14285714285714285
LLL6,LLL,positive,circulation,1,1,4,0.25
LLL6,LLL,positive,cost,1,1,4,0.25
LLL6,LLL,positive,flexibility,1,1,4,0.25
LLL6,LLL,positive,functionality,1,1,4,0.25
LLL6,LLL,positive,identity,1,1,4,0.25
LLL6,LLL,positive,layout,2,1,4,0.5
LLL6,LLL,positive,massing,2,1,4,0.5
LLL6,LLL,positive,open space,1,1,4,0.25
LLL6,LLL,positive,sustainability,1,1,4,0.25
LLL6,LLL,positive,urban integration,1,1,4,0.25
LLL7,LLL,negative,circulation,3,1,8,0.375
LLL7,LLL,negative,daylight,1,1,8,0.125
LLL7,LLL,negative,expression,1,1,8,0.125
LLL7,LLL,negative,flexibility,1,1,8,0.125
LLL7,LLL,negative,functionality,3,1,8,0.375
LLL7,LLL,negative,identity,1,1,8,0.125
LLL7,LLL,negative,landscape,1,1,8,0.125
LLL7,LLL,negative,open space,2,1,8,0.25
LLL7,LLL,negative,proportion,1,1,8,0.125
LLL7,LLL,negative,safety,1,1,8,0.125
LLL7,LLL,negative,scale,2,1,8,0.25
LLL7,LLL,negative,structure,1,1,8,0.125
LLL7,LLL,negative,urban integration,3,1,8,0.375
LLL7,LLL,positive,circulation,1,1,5,0.2
LLL7,LLL,positive,cost,1,1,5,0.2
LLL7,LLL,positive,expression,1,1,5,0.2
LLL7,LLL,positive,flexibility,1,1,5,0.2
LLL7,LLL,positive,identity,1,1,5,0.2
LLL7,LLL,positive,landscape,1,1,5,0.2
LLL7,LLL,positive,layout,2,1,5,0.4
LLL7,LLL,positive,massing,3,1,5,0.6
LLL7,LLL,positive,open space,1,1,5,0.2
LLL8,LLL,negative,accessibility,2,1,7,0.2857142857142857
LLL8,LLL,negative,circulation,2,1,7,0.2857142857142857
LLL8,LLL,negative,cost,1,1,7,0.14285714285714285
LLL8,LLL,negative,daylight,1,1,7,0.14285714285714285
LLL8,LLL,negative,flexibility,1,1,7,0.14285714285714285
LLL8,LLL,negative,identity,1,1,7,0.14285714285714285
LLL8,LLL,negative,landscape,1,1,7,0.14285714285714285
LLL8,LLL,negative,layout,1,1,7,0.14285714285714285
LLL8,LLL,negative,massing,1,1,7,0.14285714285714285
LLL8,LLL,negative,proportion,1,1,7,0.14285714285714285
LLL8,LLL,negative,safety,1,1,7,0.14285714285714285
LLL8,LLL,negative,structure,1,1,7,0.14285714285714285
LLL8,LLL,negative,urban integration,2,1,7,0.2857142857142857
LLL8,LLL,positive,accessibility,1,1,5,0.2
LLL8,LLL,positive,circulation,3,1,5,0.6
LLL8,LLL,positive,expression,1,1,5,0.2
LLL8,LLL,positive,flexibility,1,1,5,0.2
LLL8,LLL,positive,functionality,1,1,5,0.2
LLL8,LLL,positive,identity,2,1,5,0.4
LLL8,LLL,positive,layout,2,1,5,0.4
LLL8,LLL,positive,massing,1,1,5,0.2
LLL8,LLL,positive,operation,1,1,5,0.2
LLL8,LLL,positive,structure,1,1,5,0.2
LLL8,LLL,positive,urban integration,1,1,5,0.2
LLL9,LLL,negative,accessibility,1,1,9,0.1111111111111111
LLL9,LLL,negative,circulation,4,1,9,0.4444444444444444
LLL9,LLL,negative,cost,2,1,9,0.2222222222222222
LLL9,LLL,negative,daylight,1,1,9,0.1111111111111111
LLL9,LLL,negative,expression,1,1,9,0.1111111111111111
LLL9,LLL,negative,facade,1,1,9,0.1111111111111111
LLL9,LLL,negative,flexibility,1,1,9,0.1111111111111111
LLL9,LLL,negative,functionality,3,1,9,0.3333333333333333
LLL9,LLL,negative,identity,1,1,9,0.1111111111111111
LLL9,LLL,negative,layout,3,1,9,0.3333333333333333
LLL9,LLL,negative,massing,1,1,9,0.1111111111111111
LLL9,LLL,negative,open space,1,1,9,0.1111111111111111
LLL9,LLL,negative,operation,1,1,9,0.1111111111111111
LLL9,LLL,negative,proportion,1,1,9,0.1111111111111111
LLL9,LLL,negative,structure,1,1,9,0.1111111111111111
LLL9,LLL,negative,sustainability,1,1,9,0.1111111111111111
LLL9,LLL,negative,urban integration,1,1,9,0.1111111111111111
LLL9,LLL,positive,circulation,1,1,6,0.16666666666666666
LLL9,LLL,positive,cost,1,1,6,0.16666666666666666
LLL9,LLL,positive,daylight,1,1,6,0.16666666666666666
LLL9,LLL,positive,expression,1,1,6,0.16666666666666666
LLL9,LLL,positive,facade,2,1,6,0.3333333333333333
LLL9,LLL,positive,identity,1,1,6,0.16666666666666666
LLL9,LLL,positive,landscape,2,1,6,0.3333333333333333
LLL9,LLL,positive,layout,1,1,6,0.16666666666666666
LLL9,LLL,positive,massing,1,1,6,0.16666666666666666
LLL9,LLL,positive,open space,2,1,6,0.3333333333333333
LLL9,LLL,positive,sustainability,2,1,6,0.3333333333333333
LLL9,LLL,positive,topography,1,1,6,0.16666666666666666
LLL9,LLL,positive,urban integration,1,1,6,0.16666666666666666
LLLL1,LLLL,negative,expression,1,1,2,0.5
LLLL1,LLLL,negative,facade,1,1,2,0.5
LLLL1,LLLL,negative,structure,1,1,2,0.5
LLLL1,LLLL,negative,urban integration,1,1,2,0.5
LLLL1,LLLL,positive,circulation,2,1,8,0.25
LLLL1,LLLL,positive,cost,1,1,8,0.125
LLLL1,LLLL,positive,expression,1,1,8,0.125
LLLL1,LLLL,positive,functionality,2,1,8,0.25
LLLL1,LLLL,positive,identity,3,1,8,0.375
LLLL1,LLLL,positive,landscape,1,1,8,0.125
LLLL1,LLLL,positive,layout,2,1,8,0.25
LLLL1,LLLL,positive,massing,3,1,8,0.375
LLLL1,LLLL,positive,open space,1,1,8,0.125
LLLL1,LLLL,positive,operation,1,1,8,0.125
LLLL1,LLLL,positive,proportion,1,1,8,0.125
LLLL1,LLLL,positive,urban integration,4,1,8,0.5
LLLL2,LLLL,negative,accessibility,1,1,5,0.2
LLLL2,LLLL,negative,circulation,1,1,5,0.2
LLLL2,LLLL,negative,expression,1,1,5,0.2
LLLL2,LLLL,negative,facade,1,1,5,0.2
LLLL2,LLLL,negative,functionality,1,1,5,0.2
LLLL2,LLLL,negative,layout,1,1,5,0.2
LLLL2,LLLL,negative,massing,2,1,5,0.4
LLLL2,LLLL,negative,proportion,1,1,5,0.2
LLLL2,LLLL,negative,scale,1,1,5,0.2
LLLL2,LLLL,negative,structure,1,1,5,0.2
LLLL2,LLLL,negative,urban integration,2,1,5,0.4
LLLL2,LLLL,positive,expression,1,1,3,0.3333333333333333
LLLL2,LLLL,positive,fire safety,1,1,3,0.3333333333333333
LLLL2,LLLL,positive,functionality,1,1,3,0.3333333333333333
LLLL2,LLLL,positive,layout,1,1,3,0.3333333333333333
LLLL2,LLLL,positive,massing,1,1,3,0.3333333333333333
LLLL2,LLLL,positive,sustainability,2,1,3,0.6666666666666666
LLLL2,LLLL,positive,urban integration,1,1,3,0.3333333333333333
LLLL3,LLLL,negative,circulation,2,1,5,0.4
LLLL3,LLLL,negative,cost,1,1,5,0.2
LLLL3,LLLL,negative,functionality,1,1,5,0.2
LLLL3,LLLL,negative,identity,1,1,5,0.2
LLLL3,LLLL,negative,layout,2,1,5,0.4
LLLL3,LLLL,negative,open space,1,1,5,0.2
LLLL3,LLLL,negative,scale,1,1,5,0.2
LLLL3,LLLL,negative,structure,1,1,5,0.2
LLLL3,LLLL,negative,sustainability,1,1,5,0.2
LLLL3,LLLL,negative,urban integration,2,1,5,0.4
LLLL3,LLLL,negative,visibility,2,1,5,0.4
LLLL3,LLLL,positive,circulation,2,1,4,0.5
LLLL3,LLLL,positive,daylight,2,1,4,0.5
LLLL3,LLLL,positive,expression,1,1,4,0.25
LLLL3,LLLL,positive,fire safety,1,1,4,0.25
LLLL3,LLLL,positive,flexibility,1,1,4,0.25
LLLL3,LLLL,positive,functionality,1,1,4,0.25
LLLL3,LLLL,positive,identity,1,1,4,0.25
LLLL3,LLLL,positive,open space,2,1,4,0.5
LLLL4,LLLL,negative,circulation,1,1,5,0.2
LLLL4,LLLL,negative,cost,1,1,5,0.2
LLLL4,LLLL,negative,daylight,1,1,5,0.2
LLLL4,LLLL,negative,layout,2,1,5,0.4
LLLL4,LLLL,negative,massing,3,1,5,0.6
LLLL4,LLLL,negative,proportion,1,1,5,0.2
LLLL4,LLLL,negative,scale,1,1,5,0.2
LLLL4,LLLL,negative,urban integration,3,1,5,0.6
LLLL4,LLLL,positive,expression,1,1,5,0.2
LLLL4,LLLL,positive,flexibility,1,1,5,0.2
LLLL4,LLLL,positive,functionality,2,1,5,0.4
LLLL4,LLLL,positive,identity,1,1,5,0.2
LLLL4,LLLL,positive,layout,1,1,5,0.2
LLLL4,LLLL,positive,massing,1,1,5,0.2
LLLL4,LLLL,positive,open space,1,1,5,0.2
LLLL4,LLLL,positive,operation,1,1,5,0.2
LLLL4,LLLL,positive,proportion,1,1,5,0.2
LLLL4,LLLL,positive,scale,1,1,5,0.2
LLLL4,LLLL,positive,urban integration,3,1,5,0.6
LLLL5,LLLL,negative,accessibility,1,1,6,0.16666666666666666
LLLL5,LLLL,negative,acoustics,1,1,6,0.16666666666666666
LLLL5,LLLL,negative,circulation,2,1,6,0.3333333333333333
LLLL5,LLLL,negative,daylight,1,1,6,0.16666666666666666
LLLL5,LLLL,negative,expression,1,1,6,0.16666666666666666
LLLL5,LLLL,negative,facade,1,1,6,0.16666666666666666
LLLL5,LLLL,negative,functionality,4,1,6,0.6666666666666666
LLLL5,LLLL,negative,layout,2,1,6,0.3333333333333333
LLLL5,LLLL,negative,operation,1,1,6,0.16666666666666666
LLLL5,LLLL,negative,urban integration,1,1,6,0.16666666666666666
LLLL5,LLLL,positive,expression,3,1,6,0.5
LLLL5,LLLL,positive,fire safety,1,1,6,0.16666666666666666
LLLL5,LLLL,positive,identity,1,1,6,0.16666666666666666
LLLL5,LLLL,positive,massing,2,1,6,0.3333333333333333
LLLL5,LLLL,positive,open space,1,1,6,0.16666666666666666
LLLL5,LLLL,positive,proportion,2,1,6,0.3333333333333333
LLLL5,LLLL,positive,scale,1,1,6,0.16666666666666666
LLLL5,LLLL,positive,structure,1,1,6,0.16666666666666666
LLLL5,LLLL,positive,sustainability,1,1,6,0.16666666666666666
LLLL5,LLLL,positive,urban integration,4,1,6,0.6666666666666666
M1,M,negative,accessibility,1,1,6,0.16666666666666666
M1,M,negative,circulation,2,1,6,0.3333333333333333
M1,M,negative,daylight,1,1,6,0.16666666666666666
M1,M,negative,expression,2,1,6,0.3333333333333333
M1,M,negative,facade,1,1,6,0.16666666666666666
M1,M,negative,landscape,1,1,6,0.16666666666666666
M1,M,negative,massing,1,1,6,0.16666666666666666
M1,M,negative,open space,2,1,6,0.3333333333333333
M1,M,negative,proportion,1,1,6,0.16666666666666666
M1,M,negative,structure,1,1,6,0.16666666666666666
M1,M,negative,sustainability,1,1,6,0.16666666666666666
M1,M,negative,topography,1,1,6,0.16666666666666666
M1,M,negative,urban integration,1,1,6,0.16666666666666666
M1,M,positive,cost,1,1,6,0.16666666666666666
M1,M,positive,flexibility,2,1,6,0.3333333333333333
M1,M,positive,functionality,1,1,6,0.16666666666666666
M1,M,positive,identity,1,1,6,0.16666666666666666
M1,M,positive,landscape,2,1,6,0.3333333333333333
M1,M,positive,layout,2,1,6,0.3333333333333333
M1,M,positive,massing,2,1,6,0.3333333333333333
M1,M,positive,open space,1,1,6,0.16666666666666666
M1,M,positive,structure,1,1,6,0.16666666666666666
M1,M,positive,sustainability,1,1,6,0.16666666666666666
M1,M,positive,topography,1,1,6,0.16666666666666666
M1,M,positive,urban integration,2,1,6,0.3333333333333333
M2,M,negative,circulation,1,1,5,0.2
M2,M,negative,cost,1,1,5,0.2
M2,M,negative,expression,1,1,5,0.2
M2,M,negative,facade,1,1,5,0.2
M2,M,negative,identity,1,1,5,0.2
M2,M,negative,massing,1,1,5,0.2
M2,M,negative,operation,1,1,5,0.2
M2,M,negative,sustainability,2,1,5,0.4
M2,M,negative,urban integration,1,1,5,0.2
M2,M,negative,ventilation,1,1,5,0.2
M2,M,positive,circulation,1,1,4,0.25
M2,M,positive,cost,1,1,4,0.25
M2,M,positive,daylight,1,1,4,0.25
M2,M,positive,flexibility,1,1,4,0.25
M2,M,positive,functionality,1,1,4,0.25
M2,M,positive,layout,2,1,4,0.5
M2,M,positive,massing,1,1,4,0.25
M2,M,positive,open space,1,1,4,0.25
M2,M,positive,structure,1,1,4,0.25
M2,M,positive,urban integration,1,1,4,0.25
M3,M,negative,circulation,1,1,5,0.2
M3,M,negative,cost,1,1,5,0.2
M3,M,negative,daylight,2,1,5,0.4
M3,M,negative,fire safety,1,1,5,0.2
M3,M,negative,flexibility,1,1,5,0.2
M3,M,negative,layout,1,1,5,0.2
M3,M,negative,structure,1,1,5,0.2
M3,M,negative,sustainability,1,1,5,0.2
M3,M,negative,urban integration,1,1,5,0.2
M3,M,negative,visibility,1,1,5,0.2
M3,M,positive,flexibility,1,1,5,0.2
M3,M,positive,functionality,2,1,5,0.4
M3,M,positive,landscape,1,1,5,0.2
M3,M,positive,layout,2,1,5,0.4
M3,M,positive,massing,1,1,5,0.2
M3,M,positive,operation,1,1,5,0.2
M3,M,positive,structure,1,1,5,0.2
M3,M,positive,urban integration,2,1,5,0.4
M4,M,negative,acoustics,1,1,5,0.2
M4,M,negative,cost,1,1,5,0.2
M4,M,negative,functionality,1,1,5,0.2
M4,M,negative,landscape,1,1,5,0.2
M4,M,negative,massing,2,1,5,0.4
M4,M,negative,open space,2,1,5,0.4
M4,M,negative,scale,1,1,5,0.2
M4,M,negative,structure,1,1,5,0.2
M4,M,negative,urban integration,1,1,5,0.2
M4,M,positive,circulation,1,1,5,0.2
M4,M,positive,expression,1,1,5,0.2
M4,M,positive,facade,1,1,5,0.2
M4,M,positive,flexibility,1,1,5,0.2
M4,M,positive,functionality,1,1,5,0.2
M4,M,positive,layout,2,1,5,0.4
M4,M,positive,massing,1,1,5,0.2
M4,M,positive,sustainability,1,1,5,0.2
M4,M,positive,urban integration,2,1,5,0.4
M4,M,positive,ventilation,1,1,5,0.2
M5,M,negative,circulation,1,1,6,0.16666666666666666
M5,M,negative,daylight,1,1,6,0.16666666666666666
M5,M,negative,expression,1,1,6,0.16666666666666666
M5,M,negative,functionality,3,1,6,0.5
M5,M,negative,layout,3,1,6,0.5
M5,M,negative,massing,1,1,6,0.16666666666666666
M5,M,negative,open space,1,1,6,0.16666666666666666
M5,M,negative,proportion,1,1,6,0.16666666666666666
M5,M,negative,scale,1,1,6,0.16666666666666666
M5,M,negative,urban integration,1,1,6,0.16666666666666666
M5,M,positive,cost,1,1,5,0.2
M5,M,positive,flexibility,1,1,5,0.2
M5,M,positive,functionality,1,1,5,0.2
M5,M,positive,landscape,2,1,5,0.4
M5,M,positive,layout,1,1,5,0.2
M5,M,positive,massing,1,1,5,0.2
M5,M,positive,open space,1,1,5,0.2
M5,M,positive,structure,1,1,5,0.2
M5,M,positive,urban integration,2,1,5,0.4
M6,M,negative,circulation,1,1,7,0.14285714285714285
M6,M,negative,cost,1,1,7,0.14285714285714285
M6,M,negative,expression,1,1,7,0.14285714285714285
M6,M,negative,facade,1,1,7,0.14285714285714285
M6,M,negative,functionality,3,1,7,0.42857142857142855
M6,M,negative,identity,1,1,7,0.14285714285714285
M6,M,negative,landscape,1,1,7,0.14285714285714285
M6,M,negative,layout,2,1,7,0.2857142857142857
M6,M,negative,massing,2,1,7,0.2857142857142857
M6,M,negative,open space,2,1,7,0.2857142857142857
M6,M,negative,privacy,1,1,7,0.14285714285714285
M6,M,negative,scale,1,1,7,0.14285714285714285
M6,M,negative,structure,1,1,7,0.14285714285714285
M6,M,negative,urban integration,1,1,7,0.14285714285714285
M6,M,negative,visibility,1,1,7,0.14285714285714285
M6,M,positive,daylight,1,1,5,0.2
M6,M,positive,expression,2,1,5,0.4
M6,M,positive,functionality,1,1,5,0.2
M6,M,positive,identity,1,1,5,0.2
M6,M,positive,layout,1,1,5,0.2
M6,M,positive,structure,1,1,5,0.2
M6,M,positive,sustainability,1,1,5,0.2
M6,M,positive,urban integration,2,1,5,0.4
MM1,MM,negative,circulation,6,1,12,0.5
MM1,MM,negative,daylight,1,1,12,0.08333333333333333
MM1,MM,negative,expression,2,1,12,0.16666666666666666
MM1,MM,negative,facade,1,1,12,0.08333333333333333
MM1,MM,negative,functionality,1,1,12,0.08333333333333333
MM1,MM,negative,landscape,1,1,12,0.08333333333333333
MM1,MM,negative,layout,4,1,12,0.3333333333333333
MM1,MM,negative,massing,1,1,12,0.08333333333333333
MM1,MM,negative,open space,1,1,12,0.08333333333333333
MM1,MM,negative,operation,1,1,12,0.08333333333333333
MM1,MM,negative,safety,1,1,12,0.08333333333333333
MM1,MM,negative,structure,2,1,12,0.16666666666666666
MM1,MM,negative,sustainability,2,1,12,0.16666666666666666
MM1,MM,negative,urban integration,2,1,12,0.16666666666666666
MM1,MM,negative,visibility,1,1,12,0.08333333333333333
MM1,MM,positive,accessibility,1,1,6,0.16666666666666666
MM1,MM,positive,circulation,1,1,6,0.16666666666666666
MM1,MM,positive,cost,1,1,6,0.16666666666666666
MM1,MM,positive,identity,1,1,6,0.16666666666666666
MM1,MM,positive,landscape,2,1,6,0.3333333333333333
MM1,MM,positive,layout,1,1,6,0.16666666666666666
MM1,MM,positive,massing,1,1,6,0.16666666666666666
MM1,MM,positive,open space,3,1,6,0.5
MM1,MM,positive,structure,1,1,6,0.16666666666666666
MM1,MM,positive,sustainability,1,1,6,0.16666666666666666
MM1,MM,positive,urban integration,2,1,6,0.3333333333333333
MM2,MM,negative,circulation,2,1,10,0.2
MM2,MM,negative,daylight,1,1,10,0.1
MM2,MM,negative,expression,2,1,10,0.2
MM2,MM,negative,facade,1,1,10,0.1
MM2,MM,negative,functionality,2,1,10,0.2
MM2,MM,negative,identity,1,1,10,0.1
MM2,MM,negative,landscape,4,1,10,0.4
MM2,MM,negative,layout,1,1,10,0.1
MM2,MM,negative,massing,2,1,10,0.2
MM2,MM,negative,open space,4,1,10,0.4
MM2,MM,negative,operation,1,1,10,0.1
MM2,MM,negative,urban integration,2,1,10,0.2
MM2,MM,negative,visibility,1,1,10,0.1
MM2,MM,positive,circulation,1,1,6,0.16666666666666666
MM2,MM,positive,cost,1,1,6,0.16666666666666666
MM2,MM,positive,flexibility,1,1,6,0.16666666666666666
MM2,MM,positive,functionality,1,1,6,0.16666666666666666
MM2,MM,positive,identity,2,1,6,0.3333333333333333
MM2,MM,positive,landscape,1,1,6,0.16666666666666666
MM2,MM,positive,layout,2,1,6,0.3333333333333333
MM2,MM,positive,massing,2,1,6,0.3333333333333333
MM2,MM,positive,open space,2,1,6,0.3333333333333333
MM2,MM,positive,proportion,1,1,6,0.16666666666666666
MM2,MM,positive,sustainability,1,1,6,0.16666666666666666
MM2,MM,positive,urban integration,3,1,6,0.5
MM3,MM,negative,circulation,7,1,15,0.4666666666666667
MM3,MM,negative,cost,1,1,15,0.06666666666666667
MM3,MM,negative,daylight,1,1,15,0.06666666666666667
MM3,MM,negative,facade,2,1,15,0.13333333333333333
MM3,MM,negative,functionality,3,1,15,0.2
MM3,MM,negative,landscape,2,1,15,0.13333333333333333
MM3,MM,negative,layout,2,1,15,0.13333333333333333
MM3,MM,negative,massing,3,1,15,0.2
MM3,MM,negative,open space,6,1,15,0.4
MM3,MM,negative,operation,3,1,15,0.2
MM3,MM,negative,safety,1,1,15,0.06666666666666667
MM3,MM,negative,sustainability,1,1,15,0.06666666666666667
MM3,MM,negative,urban integration,7,1,15,0.4666666666666667
MM3,MM,negative,visibility,3,1,15,0.2
MM3,MM,positive,circulation,1,1,6,0.16666666666666666
MM3,MM,positive,expression,3,1,6,0.5
MM3,MM,positive,facade,1,1,6,0.16666666666666666
MM3,MM,positive,flexibility,1,1,6,0.16666666666666666
MM3,MM,positive,functionality,1,1,6,0.16666666666666666
MM3,MM,positive,identity,1,1,6,0.16666666666666666
MM3,MM,positive,layout,4,1,6,0.6666666666666666
MM3,MM,positive,massing,1,1,6,0.16666666666666666
MM3,MM,positive,open space,1,1,6,0.16666666666666666
MM3,MM,positive,sustainability,1,1,6,0.16666666666666666
MM3,MM,positive,urban integration,1,1,6,0.16666666666666666
MM3,MM,positive,visibility,1,1,6,0.16666666666666666
MM4,MM,negative,circulation,1,1,5,0.2
MM4,MM,negative,daylight,1,1,5,0.2
MM4,MM,negative,feasibility,1,1,5,0.2
MM4,MM,negative,functionality,4,1,5,0.8
MM4,MM,negative,layout,4,1,5,0.8
MM4,MM,negative,operation,1,1,5,0.2
MM4,MM,positive,expression,1,1,4,0.25
MM4,MM,positive,identity,1,1,4,0.25
MM4,MM,positive,landscape,3,1,4,0.75
MM4,MM,positive,massing,1,1,4,0.25
MM4,MM,positive,open space,3,1,4,0.75
MM4,MM,positive,urban integration,2,1,4,0.5
MM5,MM,negative,circulation,3,1,8,0.375
MM5,MM,negative,daylight,1,1,8,0.125
MM5,MM,negative,expression,1,1,8,0.125
MM5,MM,negative,functionality,2,1,8,0.25
MM5,MM,negative,identity,1,1,8,0.125
MM5,MM,negative,landscape,2,1,8,0.25
MM5,MM,negative,layout,2,1,8,0.25
MM5,MM,negative,open space,2,1,8,0.25
MM5,MM,negative,safety,1,1,8,0.125
MM5,MM,negative,scale,1,1,8,0.125
MM5,MM,negative,structure,1,1,8,0.125
MM5,MM,negative,urban integration,1,1,8,0.125
MM5,MM,negative,visibility,1,1,8,0.125
MM5,MM,positive,functionality,2,1,6,0.3333333333333333
MM5,MM,positive,landscape,1,1,6,0.16666666666666666
MM5,MM,positive,massing,3,1,6,0.5
MM5,MM,positive,open space,4,1,6,0.6666666666666666
MM5,MM,positive,proportion,2,1,6,0.3333333333333333
MM5,MM,positive,structure,1,1,6,0.16666666666666666
MM5,MM,positive,sustainability,1,1,6,0.16666666666666666
MM5,MM,positive,urban integration,2,1,6,0.3333333333333333
MM6,MM,negative,accessibility,1,1,5,0.2
MM6,MM,negative,circulation,2,1,5,0.4
MM6,MM,negative,daylight,1,1,5,0.2
MM6,MM,negative,fire safety,1,1,5,0.2
MM6,MM,negative,functionality,2,1,5,0.4
MM6,MM,negative,landscape,1,1,5,0.2
MM6,MM,negative,layout,2,1,5,0.4
MM6,MM,negative,massing,1,1,5,0.2
MM6,MM,negative,open space,2,1,5,0.4
MM6,MM,positive,daylight,2,1,5,0.4
MM6,MM,positive,functionality,1,1,5,0.2
MM6,MM,positive,identity,1,1,5,0.2
MM6,MM,positive,layout,3,1,5,0.6
MM6,MM,positive,massing,3,1,5,0.6
MM6,MM,positive,open space,1,1,5,0.2
MM6,MM,positive,scale,1,1,5,0.2
MM6,MM,positive,urban integration,2,1,5,0.4
MM6,MM,positive,visibility,1,1,5,0.2
MM7,MM,negative,accessibility,3,1,7,0.42857142857142855
MM7,MM,negative,circulation,2,1,7,0.2857142857142857
MM7,MM,negative,daylight,1,1,7,0.14285714285714285
MM7,MM,negative,expression,1,1,7,0.14285714285714285
MM7,MM,negative,identity,1,1,7,0.14285714285714285
MM7,MM,negative,landscape,3,1,7,0.42857142857142855
MM7,MM,negative,layout,1,1,7,0.14285714285714285
MM7,MM,negative,massing,2,1,7,0.2857142857142857
MM7,MM,negative,open space,2,1,7,0.2857142857142857
MM7,MM,negative,proportion,1,1,7,0.14285714285714285
MM7,MM,negative,sustainability,1,1,7,0.14285714285714285
MM7,MM,negative,urban integration,2,1,7,0.2857142857142857
MM7,MM,positive,circulation,1,1,6,0.16666666666666666
MM7,MM,positive,cost,1,1,6,0.16666666666666666
MM7,MM,positive,daylight,3,1,6,0.5
MM7,MM,positive,expression,2,1,6,0.3333333333333333
MM7,MM,positive,functionality,2,1,6,0.3333333333333333
MM7,MM,positive,identity,1,1,6,0.16666666666666666
MM7,MM,positive,landscape,1,1,6,0.16666666666666666
MM7,MM,positive,layout,2,1,6,0.3333333333333333
MM7,MM,positive,massing,1,1,6,0.16666666666666666
MM7,MM,positive,open space,1,1,6,0.16666666666666666
MM7,MM,positive,urban integration,1,1,6,0.16666666666666666
MM8,MM,negative,accessibility,1,1,10,0.1
MM8,MM,negative,circulation,4,1,10,0.4
MM8,MM,negative,daylight,1,1,10,0.1
MM8,MM,negative,functionality,6,1,10,0.6
MM8,MM,negative,landscape,1,1,10,0.1
MM8,MM,negative,layout,3,1,10,0.3
MM8,MM,negative,open space,1,1,10,0.1
MM8,MM,negative,operation,3,1,10,0.3
MM8,MM,negative,proportion,3,1,10,0.3
MM8,MM,negative,urban integration,1,1,10,0.1
MM8,MM,positive,functionality,1,1,6,0.16666666666666666
MM8,MM,positive,identity,1,1,6,0.16666666666666666
MM8,MM,positive,landscape,1,1,6,0.16666666666666666
MM8,MM,positive,massing,3,1,6,0.5
MM8,MM,positive,open space,2,1,6,0.3333333333333333
MM8,MM,positive,structure,1,1,6,0.16666666666666666
MM8,MM,positive,sustainability,3,1,6,0.5
MM8,MM,positive,urban integration,3,1,6,0.5
MM8,MM,positive,visibility,1,1,6,0.16666666666666666
MMM1,MMM,negative,expression,1,1,2,0.5
MMM1,MMM,negative,facade,1,1,2,0.5
MMM1,MMM,negative,functionality,1,1,2,0.5
MMM1,MMM,negative,layout,1,1,2,0.5
MMM1,MMM,positive,circulation,3,1,8,0.375
MMM1,MMM,positive,daylight,1,1,8,0.125
MMM1,MMM,positive,expression,1,1,8,0.125
MMM1,MMM,positive,facade,1,1,8,0.125
MMM1,MMM,positive,flexibility,1,1,8,0.125
MMM1,MMM,positive,functionality,2,1,8,0.25
MMM1,MMM,positive,identity,1,1,8,0.125
MMM1,MMM,positive,landscape,2,1,8,0.25
MMM1,MMM,positive,massing,3,1,8,0.375
MMM1,MMM,positive,open space,2,1,8,0.25
MMM1,MMM,positive,proportion,2,1,8,0.25
MMM1,MMM,positive,scale,1,1,8,0.125
MMM1,MMM,positive,sustainability,1,1,8,0.125
MMM1,MMM,positive,urban integration,1,1,8,0.125
MMM2,MMM,negative,circulation,3,1,4,0.75
MMM2,MMM,negative,cost,1,1,4,0.25
MMM2,MMM,negative,expression,1,1,4,0.25
MMM2,MMM,negative,fire safety,1,1,4,0.25
MMM2,MMM,negative,flexibility,1,1,4,0.25
MMM2,MMM,negative,operation,1,1,4,0.25
MMM2,MMM,negative,structure,1,1,4,0.25
MMM2,MMM,positive,circulation,2,1,8,0.25
MMM2,MMM,positive,daylight,1,1,8,0.125
MMM2,MMM,positive,functionality,3,1,8,0.375
MMM2,MMM,positive,identity,3,1,8,0.375
MMM2,MMM,positive,landscape,4,1,8,0.5
MMM2,MMM,positive,layout,1,1,8,0.125
MMM2,MMM,positive,massing,1,1,8,0.125
MMM2,MMM,positive,open space,2,1,8,0.25
MMM2,MMM,positive,operation,1,1,8,0.125
MMM2,MMM,positive,urban integration,4,1,8,0.5
MMM3,MMM,negative,circulation,3,1,8,0.375
MMM3,MMM,negative,cost,1,1,8,0.125
MMM3,MMM,negative,expression,1,1,8,0.125
MMM3,MMM,negative,flexibility,1,1,8,0.125
MMM3,MMM,negative,functionality,1,1,8,0.125
MMM3,MMM,negative,layout,2,1,8,0.25
MMM3,MMM,negative,massing,1,1,8,0.125
MMM3,MMM,negative,operation,1,1,8,0.125
MMM3,MMM,negative,proportion,1,1,8,0.125
MMM3,MMM,negative,scale,1,1,8,0.125
MMM3,MMM,negative,structure,3,1,8,0.375
MMM3,MMM,positive,circulation,1,1,9,0.1111111111111111
MMM3,MMM,positive,daylight,2,1,9,0.2222222222222222
MMM3,MMM,positive,expression,2,1,9,0.2222222222222222
MMM3,MMM,positive,facade,1,1,9,0.1111111111111111
MMM3,MMM,positive,flexibility,1,1,9,0.1111111111111111
MMM3,MMM,positive,functionality,1,1,9,0.1111111111111111
MMM3,MMM,positive,landscape,1,1,9,0.1111111111111111
MMM3,MMM,positive,layout,3,1,9,0.3333333333333333
MMM3,MMM,positive,massing,3,1,9,0.3333333333333333
MMM3,MMM,positive,open space,2,1,9,0.2222222222222222
MMM3,MMM,positive,safety,1,1,9,0.1111111111111111
MMM3,MMM,positive,urban integration,1,1,9,0.1111111111111111
MMMM1,MMMM,negative,accessibility,2,1,8,0.25
MMMM1,MMMM,negative,circulation,2,1,8,0.25
MMMM1,MMMM,negative,functionality,1,1,8,0.125
MMMM1,MMMM,negative,identity,2,1,8,0.25
MMMM1,MMMM,negative,layout,2,1,8,0.25
MMMM1,MMMM,negative,massing,2,1,8,0.25
MMMM1,MMMM,negative,open space,1,1,8,0.125
MMMM1,MMMM,negative,safety,1,1,8,0.125
MMMM1,MMMM,negative,scale,2,1,8,0.25
MMMM1,MMMM,negative,urban integration,1,1,8,0.125
MMMM1,MMMM,positive,circulation,1,1,5,0.2
MMMM1,MMMM,positive,functionality,2,1,5,0.4
MMMM1,MMMM,positive,layout,2,1,5,0.4
MMMM1,MMMM,positive,massing,1,1,5,0.2
MMMM1,MMMM,positive,open space,1,1,5,0.2
MMMM1,MMMM,positive,safety,1,1,5,0.2
MMMM1,MMMM,positive,urban integration,2,1,5,0.4
MMMM2,MMMM,negative,accessibility,1,1,9,0.1111111111111111
MMMM2,MMMM,negative,circulation,4,1,9,0.4444444444444444
MMMM2,MMMM,negative,expression,2,1,9,0.2222222222222222
MMMM2,MMMM,negative,facade,1,1,9,0.1111111111111111
MMMM2,MMMM,negative,functionality,1,1,9,0.1111111111111111
MMMM2,MMMM,negative,identity,1,1,9,0.1111111111111111
MMMM2,MMMM,negative,landscape,1,1,9,0.1111111111111111
MMMM2,MMMM,negative,open space,3,1,9,0.3333333333333333
MMMM2,MMMM,negative,safety,1,1,9,0.1111111111111111
MMMM2,MMMM,negative,scale,1,1,9,0.1111111111111111
MMMM2,MMMM,negative,urban integration,2,1,9,0.2222222222222222
MMMM2,MMMM,positive,circulation,1,1,7,0.14285714285714285
MMMM2,MMMM,positive,flexibility,1,1,7,0.14285714285714285
MMMM2,MMMM,positive,functionality,1,1,7,0.14285714285714285
MMMM2,MMMM,positive,layout,2,1,7,0.2857142857142857
MMMM2,MMMM,positive,massing,4,1,7,0.5714285714285714
MMMM2,MMMM,positive,scale,1,1,7,0.14285714285714285
MMMM2,MMMM,positive,structure,1,1,7,0.14285714285714285
MMMM2,MMMM,positive,urban integration,3,1,7,0.42857142857142855
MMMM3,MMMM,negative,accessibility,1,1,10,0.1
MMMM3,MMMM,negative,circulation,1,1,10,0.1
MMMM3,MMMM,negative,facade,1,1,10,0.1
MMMM3,MMMM,negative,flexibility,2,1,10,0.2
MMMM3,MMMM,negative,functionality,4,1,10,0.4
MMMM3,MMMM,negative,identity,1,1,10,0.1
MMMM3,MMMM,negative,layout,3,1,10,0.3
MMMM3,MMMM,negative,massing,2,1,10,0.2
MMMM3,MMMM,negative,open space,1,1,10,0.1
MMMM3,MMMM,negative,structure,1,1,10,0.1
MMMM3,MMMM,negative,sustainability,1,1,10,0.1
MMMM3,MMMM,negative,urban integration,3,1,10,0.3
MMMM3,MMMM,positive,accessibility,1,1,9,0.1111111111111111
MMMM3,MMMM,positive,circulation,2,1,9,0.2222222222222222
MMMM3,MMMM,positive,daylight,1,1,9,0.1111111111111111
MMMM3,MMMM,positive,expression,1,1,9,0.1111111111111111
MMMM3,MMMM,positive,facade,1,1,9,0.1111111111111111
MMMM3,MMMM,positive,functionality,2,1,9,0.2222222222222222
MMMM3,MMMM,positive,landscape,3,1,9,0.3333333333333333
MMMM3,MMMM,positive,layout,2,1,9,0.2222222222222222
MMMM3,MMMM,positive,open space,2,1,9,0.2222222222222222
MMMM3,MMMM,positive,operation,1,1,9,0.1111111111111111
MMMM3,MMMM,positive,urban integration,1,1,9,0.1111111111111111
MMMM3,MMMM,positive,visibility,1,1,9,0.1111111111111111
MMMM4,MMMM,negative,circulation,3,1,7,0.42857142857142855
MMMM4,MMMM,negative,cost,1,1,7,0.14285714285714285
MMMM4,MMMM,negative,expression,1,1,7,0.14285714285714285
MMMM4,MMMM,negative,functionality,2,1,7,0.2857142857142857
MMMM4,MMMM,negative,landscape,1,1,7,0.14285714285714285
MMMM4,MMMM,negative,massing,1,1,7,0.14285714285714285
MMMM4,MMMM,negative,open space,3,1,7,0.42857142857142855
MMMM4,MMMM,negative,safety,2,1,7,0.2857142857142857
MMMM4,MMMM,negative,urban integration,1,1,7,0.14285714285714285
MMMM4,MMMM,negative,visibility,1,1,7,0.14285714285714285
MMMM4,MMMM,positive,cost,1,1,7,0.14285714285714285
MMMM4,MMMM,positive,expression,2,1,7,0.2857142857142857
MMMM4,MMMM,positive,flexibility,3,1,7,0.42857142857142855
MMMM4,MMMM,positive,functionality,1,1,7,0.14285714285714285
MMMM4,MMMM,positive,identity,1,1,7,0.14285714285714285
MMMM4,MMMM,positive,layout,2,1,7,0.2857142857142857
MMMM4,MMMM,positive,massing,1,1,7,0.14285714285714285
MMMM4,MMMM,positive,open space,1,1,7,0.14285714285714285
MMMM4,MMMM,positive,structure,1,1,7,0.14285714285714285
MMMM4,MMMM,positive,urban integration,1,1,7,0.14285714285714285
MMMM5,MMMM,negative,accessibility,1,1,4,0.25
MMMM5,MMMM,negative,circulation,2,1,4,0.5
MMMM5,MMMM,negative,functionality,2,1,4,0.5
MMMM5,MMMM,negative,layout,1,1,4,0.25
MMMM5,MMMM,negative,operation,1,1,4,0.25
MMMM5,MMMM,negative,structure,1,1,4,0.25
MMMM5,MMMM,positive,accessibility,1,1,4,0.25
MMMM5,MMMM,positive,circulation,1,1,4,0.25
MMMM5,MMMM,positive,flexibility,1,1,4,0.25
MMMM5,MMMM,positive,functionality,2,1,4,0.5
MMMM5,MMMM,positive,identity,1,1,4,0.25
MMMM5,MMMM,positive,layout,1,1,4,0.25
MMMM5,MMMM,positive,open space,2,1,4,0.5
MMMM5,MMMM,positive,sustainability,1,1,4,0.25
MMMM5,MMMM,positive,urban integration,1,1,4,0.25
MMMM5,MMMM,positive,visibility,1,1,4,0.25
N1,N,negative,circulation,1,1,3,0.3333333333333333
N1,N,negative,daylight,1,1,3,0.3333333333333333
N1,N,negative,expression,1,1,3,0.3333333333333333
N1,N,negative,facade,2,1,3,0.6666666666666666
N1,N,negative,functionality,1,1,3,0.3333333333333333
N1,N,negative,urban integration,1,1,3,0.3333333333333333
N1,N,positive,circulation,1,1,6,0.16666666666666666
N1,N,positive,cost,1,1,6,0.16666666666666666
N1,N,positive,daylight,1,1,6,0.16666666666666666
N1,N,positive,flexibility,1,1,6,0.16666666666666666
N1,N,positive,functionality,1,1,6,0.16666666666666666
N1,N,positive,landscape,1,1,6,0.16666666666666666
N1,N,positive,layout,1,1,6,0.16666666666666666
N1,N,positive,massing,3,1,6,0.5
N1,N,positive,open space,1,1,6,0.16666666666666666
N1,N,positive,operation,1,1,6,0.16666666666666666
N1,N,positive,proportion,1,1,6,0.16666666666666666
N1,N,positive,scale,1,1,6,0.16666666666666666
N1,N,positive,sustainability,1,1,6,0.16666666666666666
N1,N,positive,urban integration,1,1,6,0.16666666666666666
N2,N,negative,circulation,1,1,7,0.14285714285714285
N2,N,negative,cost,1,1,7,0.14285714285714285
N2,N,negative,daylight,1,1,7,0.14285714285714285
N2,N,negative,expression,1,1,7,0.14285714285714285
N2,N,negative,facade,2,1,7,0.2857142857142857
N2,N,negative,flexibility,1,1,7,0.14285714285714285
N2,N,negative,functionality,1,1,7,0.14285714285714285
N2,N,negative,layout,1,1,7,0.14285714285714285
N2,N,negative,massing,2,1,7,0.2857142857142857
N2,N,negative,open space,1,1,7,0.14285714285714285
N2,N,negative,structure,2,1,7,0.2857142857142857
N2,N,negative,sustainability,1,1,7,0.14285714285714285
N2,N,negative,urban integration,1,1,7,0.14285714285714285
N2,N,positive,flexibility,2,1,5,0.4
N2,N,positive,functionality,3,1,5,0.6
N2,N,positive,landscape,1,1,5,0.2
N2,N,positive,layout,1,1,5,0.2
N2,N,positive,massing,1,1,5,0.2
N2,N,positive,open space,1,1,5,0.2
N2,N,positive,operation,1,1,5,0.2
N2,N,positive,urban integration,2,1,5,0.4
N3,N,negative,circulation,1,1,6,0.16666666666666666
N3,N,negative,cost,2,1,6,0.3333333333333333
N3,N,negative,expression,1,1,6,0.16666666666666666
N3,N,negative,fire safety,1,1,6,0.16666666666666666
N3,N,negative,functionality,1,1,6,0.16666666666666666
N3,N,negative,landscape,1,1,6,0.16666666666666666
N3,N,negative,layout,2,1,6,0.3333333333333333
N3,N,negative,open space,1,1,6,0.16666666666666666
N3,N,negative,safety,1,1,6,0.16666666666666666
N3,N,negative,structure,1,1,6,0.16666666666666666
N3,N,positive,circulation,1,1,6,0.16666666666666666
N3,N,positive,expression,1,1,6,0.16666666666666666
N3,N,positive,flexibility,1,1,6,0.16666666666666666
N3,N,positive,landscape,1,1,6,0.16666666666666666
N3,N,positive,layout,1,1,6,0.16666666666666666
N3,N,positive,massing,2,1,6,0.3333333333333333
N3,N,positive,open space,2,1,6,0.3333333333333333
N3,N,positive,scale,1,1,6,0.16666666666666666
N3,N,positive,structure,1,1,6,0.16666666666666666
N3,N,positive,sustainability,1,1,6,0.16666666666666666
N3,N,positive,urban integration,2,1,6,0.3333333333333333
N4,N,negative,circulation,3,1,8,0.375
N4,N,negative,daylight,1,1,8,0.125
N4,N,negative,expression,1,1,8,0.125
N4,N,negative,facade,2,1,8,0.25
N4,N,negative,functionality,1,1,8,0.125
N4,N,negative,identity,1,1,8,0.125
N4,N,negative,landscape,2,1,8,0.25
N4,N,negative,layout,1,1,8,0.125
N4,N,negative,safety,1,1,8,0.125
N4,N,negative,sustainability,2,1,8,0.25
N4,N,negative,topography,1,1,8,0.125
N4,N,negative,urban integration,1,1,8,0.125
N4,N,negative,visibility,1,1,8,0.125
N4,N,positive,accessibility,1,1,6,0.16666666666666666
N4,N,positive,expression,1,1,6,0.16666666666666666
N4,N,positive,flexibility,1,1,6,0.16666666666666666
N4,N,positive,functionality,2,1,6,0.3333333333333333
N4,N,positive,identity,1,1,6,0.16666666666666666
N4,N,positive,landscape,1,1,6,0.16666666666666666
N4,N,positive,layout,2,1,6,0.3333333333333333
N4,N,positive,massing,2,1,6,0.3333333333333333
N4,N,positive,open space,2,1,6,0.3333333333333333
N4,N,positive,urban integration,2,1,6,0.3333333333333333
N5,N,negative,accessibility,1,1,9,0.1111111111111111
N5,N,negative,circulation,2,1,9,0.2222222222222222
N5,N,negative,daylight,1,1,9,0.1111111111111111
N5,N,negative,flexibility,1,1,9,0.1111111111111111
N5,N,negative,functionality,3,1,9,0.3333333333333333
N5,N,negative,landscape,1,1,9,0.1111111111111111
N5,N,negative,layout,1,1,9,0.1111111111111111
N5,N,negative,massing,1,1,9,0.1111111111111111
N5,N,negative,open space,2,1,9,0.2222222222222222
N5,N,negative,operation,1,1,9,0.1111111111111111
N5,N,negative,sustainability,1,1,9,0.1111111111111111
N5,N,negative,urban integration,2,1,9,0.2222222222222222
N5,N,positive,cost,1,1,6,0.16666666666666666
N5,N,positive,daylight,2,1,6,0.3333333333333333
N5,N,positive,expression,1,1,6,0.16666666666666666
N5,N,positive,facade,1,1,6,0.16666666666666666
N5,N,positive,functionality,1,1,6,0.16666666666666666
N5,N,positive,layout,1,1,6,0.16666666666666666
N5,N,positive,massing,1,1,6,0.16666666666666666
N5,N,positive,open space,1,1,6,0.16666666666666666
N5,N,positive,structure,1,1,6,0.16666666666666666
N5,N,positive,sustainability,1,1,6,0.16666666666666666
NN1,NN,negative,circulation,3,1,6,0.5
NN1,NN,negative,fire safety,1,1,6,0.16666666666666666
NN1,NN,negative,functionality,1,1,6,0.16666666666666666
NN1,NN,negative,layout,1,1,6,0.16666666666666666
NN1,NN,negative,massing,1,1,6,0.16666666666666666
NN1,NN,negative,operation,1,1,6,0.16666666666666666
NN1,NN,negative,privacy,1,1,6,0.16666666666666666
NN1,NN,negative,sustainability,2,1,6,0.3333333333333333
NN1,NN,negative,ventilation,1,1,6,0.16666666666666666
NN1,NN,positive,cost,1,1,8,0.125
NN1,NN,positive,daylight,1,1,8,0.125
NN1,NN,positive,expression,1,1,8,0.125
NN1,NN,positive,facade,1,1,8,0.125
NN1,NN,positive,flexibility,1,1,8,0.125
NN1,NN,positive,functionality,2,1,8,0.25
NN1,NN,positive,landscape,1,1,8,0.125
NN1,NN,positive,layout,2,1,8,0.25
NN1,NN,positive,open space,1,1,8,0.125
NN1,NN,positive,proportion,1,1,8,0.125
NN1,NN,positive,structure,1,1,8,0.125
NN1,NN,positive,sustainability,1,1,8,0.125
NN1,NN,positive,urban integration,1,1,8,0.125
NN1,NN,positive,ventilation,1,1,8,0.125
NN1,NN,positive,visibility,2,1,8,0.25
NN2,NN,negative,functionality,1,1,3,0.3333333333333333
NN2,NN,negative,open space,1,1,3,0.3333333333333333
NN2,NN,negative,structure,1,1,3,0.3333333333333333
NN2,NN,negative,sustainability,1,1,3,0.3333333333333333
NN2,NN,negative,ventilation,1,1,3,0.3333333333333333
NN2,NN,positive,circulation,2,1,8,0.25
NN2,NN,positive,cost,1,1,8,0.125
NN2,NN,positive,flexibility,1,1,8,0.125
NN2,NN,positive,functionality,2,1,8,0.25
NN2,NN,positive,identity,1,1,8,0.125
NN2,NN,positive,layout,3,1,8,0.375
NN2,NN,positive,massing,1,1,8,0.125
NN2,NN,positive,open space,1,1,8,0.125
NN2,NN,positive,scale,1,1,8,0.125
NN2,NN,positive,structure,1,1,8,0.125
NN2,NN,positive,urban integration,2,1,8,0.25
NN3,NN,negative,circulation,2,1,10,0.2
NN3,NN,negative,expression,1,1,10,0.1
NN3,NN,negative,facade,1,1,10,0.1
NN3,NN,negative,fire safety,2,1,10,0.2
NN3,NN,negative,flexibility,1,1,10,0.1
NN3,NN,negative,functionality,3,1,10,0.3
NN3,NN,negative,landscape,1,1,10,0.1
NN3,NN,negative,layout,1,1,10,0.1
NN3,NN,negative,open space,2,1,10,0.2
NN3,NN,negative,structure,2,1,10,0.2
NN3,NN,negative,sustainability,2,1,10,0.2
NN3,NN,negative,urban integration,1,1,10,0.1
NN3,NN,negative,ventilation,1,1,10,0.1
NN3,NN,positive,expression,3,1,4,0.75
NN3,NN,positive,facade,1,1,4,0.25
NN3,NN,positive,layout,1,1,4,0.25
NN3,NN,positive,massing,1,1,4,0.25
NN3,NN,positive,proportion,1,1,4,0.25
NN3,NN,positive,scale,1,1,4,0.25
NN3,NN,positive,structure,1,1,4,0.25
NN4,NN,negative,accessibility,1,1,10,0.1
NN4,NN,negative,circulation,2,1,10,0.2
NN4,NN,negative,functionality,3,1,10,0.3
NN4,NN,negative,identity,1,1,10,0.1
NN4,NN,negative,landscape,1,1,10,0.1
NN4,NN,negative,layout,2,1,10,0.2
NN4,NN,negative,massing,1,1,10,0.1
NN4,NN,negative,open space,1,1,10,0.1
NN4,NN,negative,operation,3,1,10,0.3
NN4,NN,negative,sustainability,3,1,10,0.3
NN4,NN,negative,urban integration,1,1,10,0.1
NN4,NN,negative,ventilation,1,1,10,0.1
NN4,NN,positive,expression,1,1,6,0.16666666666666666
NN4,NN,positive,functionality,1,1,6,0.16666666666666666
NN4,NN,positive,landscape,1,1,6,0.16666666666666666
NN4,NN,positive,layout,2,1,6,0.3333333333333333
NN4,NN,positive,open space,1,1,6,0.16666666666666666
NN4,NN,positive,orientation,1,1,6,0.16666666666666666
NN4,NN,positive,scale,2,1,6,0.3333333333333333
NN4,NN,positive,urban integration,3,1,6,0.5
NNN1,NNN,negative,accessibility,1,1,7,0.14285714285714285
NNN1,NNN,negative,acoustics,1,1,7,0.14285714285714285
NNN1,NNN,negative,circulation,1,1,7,0.14285714285714285
NNN1,NNN,negative,daylight,2,1,7,0.2857142857142857
NNN1,NNN,negative,expression,1,1,7,0.14285714285714285
NNN1,NNN,negative,facade,1,1,7,0.14285714285714285
NNN1,NNN,negative,flexibility,1,1,7,0.14285714285714285
NNN1,NNN,negative,identity,1,1,7,0.14285714285714285
NNN1,NNN,negative,layout,1,1,7,0.14285714285714285
NNN1,NNN,negative,massing,1,1,7,0.14285714285714285
NNN1,NNN,negative,operation,2,1,7,0.2857142857142857
NNN1,NNN,negative,scale,1,1,7,0.14285714285714285
NNN1,NNN,negative,structure,1,1,7,0.14285714285714285
NNN1,NNN,negative,urban integration,1,1,7,0.14285714285714285
NNN1,NNN,positive,cost,1,1,6,0.16666666666666666
NNN1,NNN,positive,functionality,1,1,6,0.16666666666666666
NNN1,NNN,positive,layout,2,1,6,0.3333333333333333
NNN1,NNN,positive,massing,4,1,6,0.6666666666666666
NNN1,NNN,positive,open space,1,1,6,0.16666666666666666
NNN1,NNN,positive,operation,1,1,6,0.16666666666666666
NNN1,NNN,positive,proportion,1,1,6,0.16666666666666666
NNN1,NNN,positive,scale,1,1,6,0.16666666666666666
NNN1,NNN,positive,structure,1,1,6,0.16666666666666666
NNN1,NNN,positive,sustainability,1,1,6,0.16666666666666666
NNN1,NNN,positive,urban integration,1,1,6,0.16666666666666666
NNN1,NNN,positive,ventilation,1,1,6,0.16666666666666666
NNN2,NNN,negative,circulation,1,1,7,0.14285714285714285
NNN2,NNN,negative,cost,1,1,7,0.14285714285714285
NNN2,NNN,negative,daylight,2,1,7,0.2857142857142857
NNN2,NNN,negative,flexibility,2,1,7,0.2857142857142857
NNN2,NNN,negative,functionality,2,1,7,0.2857142857142857
NNN2,NNN,negative,identity,1,1,7,0.14285714285714285
NNN2,NNN,negative,layout,1,1,7,0.14285714285714285
NNN2,NNN,negative,operation,2,1,7,0.2857142857142857
NNN2,NNN,negative,structure,1,1,7,0.14285714285714285
NNN2,NNN,negative,sustainability,1,1,7,0.14285714285714285
NNN2,NNN,negative,ventilation,1,1,7,0.14285714285714285
NNN2,NNN,positive,circulation,1,1,7,0.14285714285714285
NNN2,NNN,positive,cost,1,1,7,0.14285714285714285
NNN2,NNN,positive,daylight,2,1,7,0.2857142857142857
NNN2,NNN,positive,facade,2,1,7,0.2857142857142857
NNN2,NNN,positive,flexibility,1,1,7,0.14285714285714285
NNN2,NNN,positive,functionality,1,1,7,0.14285714285714285
NNN2,NNN,positive,identity,1,1,7,0.14285714285714285
NNN2,NNN,positive,layout,3,1,7,0.42857142857142855
NNN2,NNN,positive,massing,1,1,7,0.14285714285714285
NNN2,NNN,positive,open space,1,1,7,0.14285714285714285
NNN2,NNN,positive,operation,2,1,7,0.2857142857142857
NNN2,NNN,positive,proportion,1,1,7,0.14285714285714285
NNN2,NNN,positive,structure,1,1,7,0.14285714285714285
NNN2,NNN,positive,topography,1,1,7,0.14285714285714285
NNN3,NNN,negative,circulation,1,1,7,0.14285714285714285
NNN3,NNN,negative,cost,1,1,7,0.14285714285714285
NNN3,NNN,negative,daylight,1,1,7,0.14285714285714285
NNN3,NNN,negative,functionality,1,1,7,0.14285714285714285
NNN3,NNN,negative,layout,2,1,7,0.2857142857142857
NNN3,NNN,negative,massing,1,1,7,0.14285714285714285
NNN3,NNN,negative,operation,2,1,7,0.2857142857142857
NNN3,NNN,negative,sustainability,3,1,7,0.42857142857142855
NNN3,NNN,negative,topography,1,1,7,0.14285714285714285
NNN3,NNN,positive,circulation,1,1,8,0.125
NNN3,NNN,positive,daylight,1,1,8,0.125
NNN3,NNN,positive,expression,1,1,8,0.125
NNN3,NNN,positive,facade,1,1,8,0.125
NNN3,NNN,positive,flexibility,1,1,8,0.125
NNN3,NNN,positive,functionality,1,1,8,0.125
NNN3,NNN,positive,landscape,1,1,8,0.125
NNN3,NNN,positive,layout,1,1,8,0.125
NNN3,NNN,positive,massing,1,1,8,0.125
NNN3,NNN,positive,open space,1,1,8,0.125
NNN3,NNN,positive,operation,1,1,8,0.125
NNN3,NNN,positive,proportion,1,1,8,0.125
NNN3,NNN,positive,scale,1,1,8,0.125
NNN3,NNN,positive,structure,1,1,8,0.125
NNN3,NNN,positive,topography,2,1,8,0.25
NNN3,NNN,positive,urban integration,2,1,8,0.25
NNN3,NNN,positive,ventilation,1,1,8,0.125
NNN3,NNN,positive,visibility,1,1,8,0.125
NNN4,NNN,negative,acoustics,1,1,3,0.3333333333333333
NNN4,NNN,negative,cost,1,1,3,0.3333333333333333
NNN4,NNN,negative,expression,1,1,3,0.3333333333333333
NNN4,NNN,negative,facade,1,1,3,0.3333333333333333
NNN4,NNN,negative,functionality,1,1,3,0.3333333333333333
NNN4,NNN,negative,landscape,1,1,3,0.3333333333333333
NNN4,NNN,negative,operation,1,1,3,0.3333333333333333
NNN4,NNN,negative,urban integration,1,1,3,0.3333333333333333
NNN4,NNN,positive,circulation,3,1,6,0.5
NNN4,NNN,positive,expression,2,1,6,0.3333333333333333
NNN4,NNN,positive,facade,1,1,6,0.16666666666666666
NNN4,NNN,positive,flexibility,1,1,6,0.16666666666666666
NNN4,NNN,positive,functionality,1,1,6,0.16666666666666666
NNN4,NNN,positive,layout,2,1,6,0.3333333333333333
NNN4,NNN,positive,massing,1,1,6,0.16666666666666666
NNN4,NNN,positive,sustainability,1,1,6,0.16666666666666666
NNN4,NNN,positive,topography,1,1,6,0.16666666666666666
NNN5,NNN,negative,acoustics,1,1,9,0.1111111111111111
NNN5,NNN,negative,circulation,1,1,9,0.1111111111111111
NNN5,NNN,negative,cost,1,1,9,0.1111111111111111
NNN5,NNN,negative,facade,1,1,9,0.1111111111111111
NNN5,NNN,negative,flexibility,1,1,9,0.1111111111111111
NNN5,NNN,negative,functionality,1,1,9,0.1111111111111111
NNN5,NNN,negative,landscape,1,1,9,0.1111111111111111
NNN5,NNN,negative,layout,4,1,9,0.4444444444444444
NNN5,NNN,negative,open space,1,1,9,0.1111111111111111
NNN5,NNN,negative,operation,2,1,9,0.2222222222222222
NNN5,NNN,negative,proportion,1,1,9,0.1111111111111111
NNN5,NNN,negative,structure,1,1,9,0.1111111111111111
NNN5,NNN,negative,sustainability,1,1,9,0.1111111111111111
NNN5,NNN,negative,urban integration,1,1,9,0.1111111111111111
NNN5,NNN,positive,cost,2,1,9,0.2222222222222222
NNN5,NNN,positive,daylight,2,1,9,0.2222222222222222
NNN5,NNN,positive,expression,2,1,9,0.2222222222222222
NNN5,NNN,positive,facade,1,1,9,0.1111111111111111
NNN5,NNN,positive,flexibility,1,1,9,0.1111111111111111
NNN5,NNN,positive,functionality,3,1,9,0.3333333333333333
NNN5,NNN,positive,layout,2,1,9,0.2222222222222222
NNN5,NNN,positive,massing,2,1,9,0.2222222222222222
NNN5,NNN,positive,open space,1,1,9,0.1111111111111111
NNN5,NNN,positive,proportion,2,1,9,0.2222222222222222
NNN5,NNN,positive,structure,1,1,9,0.1111111111111111
NNN5,NNN,positive,sustainability,1,1,9,0.1111111111111111
NNN5,NNN,positive,topography,1,1,9,0.1111111111111111
NNN5,NNN,positive,urban integration,2,1,9,0.2222222222222222
NNN6,NNN,negative,expression,1,1,3,0.3333333333333333
NNN6,NNN,negative,flexibility,1,1,3,0.3333333333333333
NNN6,NNN,negative,functionality,1,1,3,0.3333333333333333
NNN6,NNN,negative,identity,1,1,3,0.3333333333333333
NNN6,NNN,negative,scale,1,1,3,0.3333333333333333
NNN6,NNN,negative,topography,1,1,3,0.3333333333333333
NNN6,NNN,negative,urban integration,1,1,3,0.3333333333333333
NNN6,NNN,positive,accessibility,1,1,5,0.2
NNN6,NNN,positive,circulation,1,1,5,0.2
NNN6,NNN,positive,functionality,1,1,5,0.2
NNN6,NNN,positive,landscape,1,1,5,0.2
NNN6,NNN,positive,layout,2,1,5,0.4
NNN6,NNN,positive,massing,2,1,5,0.4
NNN6,NNN,positive,open space,1,1,5,0.2
NNN6,NNN,positive,structure,1,1,5,0.2
NNN6,NNN,positive,topography,1,1,5,0.2
NNN6,NNN,positive,urban integration,1,1,5,0.2
NNNN1,NNNN,negative,circulation,1,1,4,0.25
NNNN1,NNNN,negative,facade,1,1,4,0.25
NNNN1,NNNN,negative,functionality,1,1,4,0.25
NNNN1,NNNN,negative,landscape,2,1,4,0.5
NNNN1,NNNN,negative,open space,1,1,4,0.25
NNNN1,NNNN,negative,urban integration,1,1,4,0.25
NNNN1,NNNN,negative,visibility,1,1,4,0.25
NNNN1,NNNN,positive,circulation,1,1,7,0.14285714285714285
NNNN1,NNNN,positive,facade,1,1,7,0.14285714285714285
NNNN1,NNNN,positive,flexibility,1,1,7,0.14285714285714285
NNNN1,NNNN,positive,functionality,1,1,7,0.14285714285714285
NNNN1,NNNN,positive,identity,1,1,7,0.14285714285714285
NNNN1,NNNN,positive,landscape,1,1,7,0.14285714285714285
NNNN1,NNNN,positive,layout,1,1,7,0.14285714285714285
NNNN1,NNNN,positive,massing,2,1,7,0.2857142857142857
NNNN1,NNNN,positive,open space,1,1,7,0.14285714285714285
NNNN1,NNNN,positive,operation,2,1,7,0.2857142857142857
NNNN1,NNNN,positive,privacy,1,1,7,0.14285714285714285
NNNN1,NNNN,positive,scale,2,1,7,0.2857142857142857
NNNN1,NNNN,positive,urban integration,1,1,7,0.14285714285714285
NNNN10,NNNN,negative,circulation,3,1,7,0.42857142857142855
NNNN10,NNNN,negative,cost,1,1,7,0.14285714285714285
NNNN10,NNNN,negative,flexibility,1,1,7,0.14285714285714285
NNNN10,NNNN,negative,landscape,2,1,7,0.2857142857142857
NNNN10,NNNN,negative,layout,3,1,7,0.42857142857142855
NNNN10,NNNN,negative,massing,1,1,7,0.14285714285714285
NNNN10,NNNN,negative,open space,1,1,7,0.14285714285714285
NNNN10,NNNN,negative,operation,1,1,7,0.14285714285714285
NNNN10,NNNN,negative,safety,1,1,7,0.14285714285714285
NNNN10,NNNN,negative,scale,1,1,7,0.14285714285714285
NNNN10,NNNN,negative,visibility,1,1,7,0.14285714285714285
NNNN10,NNNN,positive,facade,1,1,3,0.3333333333333333
NNNN10,NNNN,positive,layout,1,1,3,0.3333333333333333
NNNN10,NNNN,positive,massing,1,1,3,0.3333333333333333
NNNN10,NNNN,positive,open space,1,1,3,0.3333333333333333
NNNN10,NNNN,positive,proportion,1,1,3,0.3333333333333333
NNNN10,NNNN,positive,urban integration,1,1,3,0.3333333333333333
NNNN2,NNNN,negative,daylight,1,1,7,0.14285714285714285
NNNN2,NNNN,negative,expression,2,1,7,0.2857142857142857
NNNN2,NNNN,negative,facade,1,1,7,0.14285714285714285
NNNN2,NNNN,negative,flexibility,1,1,7,0.14285714285714285
NNNN2,NNNN,negative,functionality,2,1,7,0.2857142857142857
NNNN2,NNNN,negative,identity,1,1,7,0.14285714285714285
NNNN2,NNNN,negative,landscape,1,1,7,0.14285714285714285
NNNN2,NNNN,negative,massing,2,1,7,0.2857142857142857
NNNN2,NNNN,negative,open space,1,1,7,0.14285714285714285
NNNN2,NNNN,negative,proportion,1,1,7,0.14285714285714285
NNNN2,NNNN,negative,scale,1,1,7,0.14285714285714285
NNNN2,NNNN,negative,urban integration,1,1,7,0.14285714285714285
NNNN2,NNNN,negative,visibility,2,1,7,0.2857142857142857
NNNN2,NNNN,positive,circulation,1,1,6,0.16666666666666666
NNNN2,NNNN,positive,daylight,1,1,6,0.16666666666666666
NNNN2,NNNN,positive,expression,2,1,6,0.3333333333333333
NNNN2,NNNN,positive,facade,1,1,6,0.16666666666666666
NNNN2,NNNN,positive,flexibility,1,1,6,0.16666666666666666
NNNN2,NNNN,positive,functionality,1,1,6,0.16666666666666666
NNNN2,NNNN,positive,layout,1,1,6,0.16666666666666666
NNNN2,NNNN,positive,massing,1,1,6,0.16666666666666666
NNNN2,NNNN,positive,operation,3,1,6,0.5
NNNN2,NNNN,positive,proportion,1,1,6,0.16666666666666666
NNNN2,NNNN,positive,safety,1,1,6,0.16666666666666666
NNNN3,NNNN,negative,circulation,3,1,6,0.5
NNNN3,NNNN,negative,daylight,1,1,6,0.16666666666666666
NNNN3,NNNN,negative,expression,1,1,6,0.16666666666666666
NNNN3,NNNN,negative,facade,1,1,6,0.16666666666666666
NNNN3,NNNN,negative,flexibility,1,1,6,0.16666666666666666
NNNN3,NNNN,negative,functionality,1,1,6,0.16666666666666666
NNNN3,NNNN,negative,operation,3,1,6,0.5
NNNN3,NNNN,negative,safety,1,1,6,0.16666666666666666
NNNN3,NNNN,negative,structure,2,1,6,0.3333333333333333
NNNN3,NNNN,negative,sustainability,1,1,6,0.16666666666666666
NNNN3,NNNN,negative,topography,1,1,6,0.16666666666666666
NNNN3,NNNN,positive,functionality,2,1,5,0.4
NNNN3,NNNN,positive,identity,2,1,5,0.4
NNNN3,NNNN,positive,layout,3,1,5,0.6
NNNN3,NNNN,positive,massing,2,1,5,0.4
NNNN3,NNNN,positive,open space,1,1,5,0.2
NNNN3,NNNN,positive,scale,1,1,5,0.2
NNNN3,NNNN,positive,urban integration,1,1,5,0.2
NNNN3,NNNN,positive,visibility,1,1,5,0.2
NNNN4,NNNN,negative,accessibility,1,1,7,0.14285714285714285
NNNN4,NNNN,negative,circulation,1,1,7,0.14285714285714285
NNNN4,NNNN,negative,cost,2,1,7,0.2857142857142857
NNNN4,NNNN,negative,daylight,1,1,7,0.14285714285714285
NNNN4,NNNN,negative,facade,1,1,7,0.14285714285714285
NNNN4,NNNN,negative,flexibility,1,1,7,0.14285714285714285
NNNN4,NNNN,negative,functionality,2,1,7,0.2857142857142857
NNNN4,NNNN,negative,landscape,1,1,7,0.14285714285714285
NNNN4,NNNN,negative,layout,1,1,7,0.14285714285714285
NNNN4,NNNN,negative,massing,2,1,7,0.2857142857142857
NNNN4,NNNN,negative,open space,1,1,7,0.14285714285714285
NNNN4,NNNN,negative,operation,1,1,7,0.14285714285714285
NNNN4,NNNN,negative,privacy,2,1,7,0.2857142857142857
NNNN4,NNNN,negative,safety,1,1,7,0.14285714285714285
NNNN4,NNNN,negative,scale,1,1,7,0.14285714285714285
NNNN4,NNNN,positive,circulation,1,1,4,0.25
NNNN4,NNNN,positive,functionality,1,1,4,0.25
NNNN4,NNNN,positive,identity,1,1,4,0.25
NNNN4,NNNN,positive,landscape,1,1,4,0.25
NNNN4,NNNN,positive,layout,2,1,4,0.5
NNNN4,NNNN,positive,massing,2,1,4,0.5
NNNN4,NNNN,positive,open space,1,1,4,0.25
NNNN4,NNNN,positive,urban integration,1,1,4,0.25
NNNN4,NNNN,positive,visibility,1,1,4,0.25
NNNN5,NNNN,negative,circulation,2,1,8,0.25
NNNN5,NNNN,negative,cost,2,1,8,0.25
NNNN5,NNNN,negative,daylight,1,1,8,0.125
NNNN5,NNNN,negative,expression,1,1,8,0.125
NNNN5,NNNN,negative,facade,1,1,8,0.125
NNNN5,NNNN,negative,flexibility,1,1,8,0.125
NNNN5,NNNN,negative,functionality,1,1,8,0.125
NNNN5,NNNN,negative,landscape,2,1,8,0.25
NNNN5,NNNN,negative,layout,1,1,8,0.125
NNNN5,NNNN,negative,massing,3,1,8,0.375
NNNN5,NNNN,negative,privacy,1,1,8,0.125
NNNN5,NNNN,negative,safety,1,1,8,0.125
NNNN5,NNNN,negative,scale,1,1,8,0.125
NNNN5,NNNN,negative,sustainability,1,1,8,0.125
NNNN5,NNNN,negative,visibility,1,1,8,0.125
NNNN5,NNNN,positive,circulation,3,1,6,0.5
NNNN5,NNNN,positive,daylight,1,1,6,0.16666666666666666
NNNN5,NNNN,positive,flexibility,1,1,6,0.16666666666666666
NNNN5,NNNN,positive,functionality,2,1,6,0.3333333333333333
NNNN5,NNNN,positive,landscape,1,1,6,0.16666666666666666
NNNN5,NNNN,positive,layout,2,1,6,0.3333333333333333
NNNN5,NNNN,positive,open space,2,1,6,0.3333333333333333
NNNN5,NNNN,positive,operation,2,1,6,0.3333333333333333
NNNN5,NNNN,positive,urban integration,2,1,6,0.3333333333333333
NNNN6,NNNN,negative,accessibility,1,1,12,0.08333333333333333
NNNN6,NNNN,negative,circulation,3,1,12,0.25
NNNN6,NNNN,negative,daylight,2,1,12,0.16666666666666666
NNNN6,NNNN,negative,expression,2,1,12,0.16666666666666666
NNNN6,NNNN,negative,fire safety,1,1,12,0.08333333333333333
NNNN6,NNNN,negative,flexibility,1,1,12,0.08333333333333333
NNNN6,NNNN,negative,functionality,3,1,12,0.25
NNNN6,NNNN,negative,landscape,1,1,12,0.08333333333333333
NNNN6,NNNN,negative,layout,3,1,12,0.25
NNNN6,NNNN,negative,massing,2,1,12,0.16666666666666666
NNNN6,NNNN,negative,open space,1,1,12,0.08333333333333333
NNNN6,NNNN,negative,operation,2,1,12,0.16666666666666666
NNNN6,NNNN,negative,privacy,2,1,12,0.16666666666666666
NNNN6,NNNN,negative,safety,5,1,12,0.4166666666666667
NNNN6,NNNN,negative,topography,1,1,12,0.08333333333333333
NNNN6,NNNN,negative,urban integration,1,1,12,0.08333333333333333
NNNN6,NNNN,negative,visibility,1,1,12,0.08333333333333333
NNNN6,NNNN,positive,flexibility,2,1,5,0.4
NNNN6,NNNN,positive,functionality,1,1,5,0.2
NNNN6,NNNN,positive,layout,1,1,5,0.2
NNNN6,NNNN,positive,operation,1,1,5,0.2
NNNN6,NNNN,positive,orientation,1,1,5,0.2
NNNN6,NNNN,positive,structure,1,1,5,0.2
NNNN6,NNNN,positive,sustainability,1,1,5,0.2
NNNN6,NNNN,positive,visibility,1,1,5,0.2
NNNN7,NNNN,negative,acoustics,1,1,6,0.16666666666666666
NNNN7,NNNN,negative,circulation,3,1,6,0.5
NNNN7,NNNN,negative,expression,2,1,6,0.3333333333333333
NNNN7,NNNN,negative,layout,3,1,6,0.5
NNNN7,NNNN,negative,massing,2,1,6,0.3333333333333333
NNNN7,NNNN,negative,open space,1,1,6,0.16666666666666666
NNNN7,NNNN,negative,operation,1,1,6,0.16666666666666666
NNNN7,NNNN,negative,safety,1,1,6,0.16666666666666666
NNNN7,NNNN,negative,visibility,1,1,6,0.16666666666666666
NNNN7,NNNN,positive,circulation,1,1,4,0.25
NNNN7,NNNN,positive,expression,1,1,4,0.25
NNNN7,NNNN,positive,flexibility,1,1,4,0.25
NNNN7,NNNN,positive,functionality,1,1,4,0.25
NNNN7,NNNN,positive,layout,3,1,4,0.75
NNNN7,NNNN,positive,massing,1,1,4,0.25
NNNN7,NNNN,positive,scale,1,1,4,0.25
NNNN7,NNNN,positive,urban integration,2,1,4,0.5
NNNN8,NNNN,negative,circulation,1,1,5,0.2
NNNN8,NNNN,negative,daylight,2,1,5,0.4
NNNN8,NNNN,negative,expression,2,1,5,0.4
NNNN8,NNNN,negative,facade,2,1,5,0.4
NNNN8,NNNN,negative,functionality,1,1,5,0.2
NNNN8,NNNN,negative,identity,1,1,5,0.2
NNNN8,NNNN,negative,landscape,1,1,5,0.2
NNNN8,NNNN,negative,layout,1,1,5,0.2
NNNN8,NNNN,negative,open space,1,1,5,0.2
NNNN8,NNNN,negative,operation,1,1,5,0.2
NNNN8,NNNN,negative,orientation,1,1,5,0.2
NNNN8,NNNN,negative,visibility,1,1,5,0.2
NNNN8,NNNN,positive,circulation,1,1,3,0.3333333333333333
NNNN8,NNNN,positive,expression,1,1,3,0.3333333333333333
NNNN8,NNNN,positive,facade,1,1,3,0.3333333333333333
NNNN8,NNNN,positive,functionality,1,1,3,0.3333333333333333
NNNN8,NNNN,positive,layout,2,1,3,0.6666666666666666
NNNN8,NNNN,positive,open space,1,1,3,0.3333333333333333
NNNN9,NNNN,negative,circulation,1,1,4,0.25
NNNN9,NNNN,negative,expression,1,1,4,0.25
NNNN9,NNNN,negative,identity,2,1,4,0.5
NNNN9,NNNN,negative,layout,3,1,4,0.75
NNNN9,NNNN,negative,massing,1,1,4,0.25
NNNN9,NNNN,negative,safety,1,1,4,0.25
NNNN9,NNNN,positive,identity,1,1,1,1.0
NNNN9,NNNN,positive,massing,1,1,1,1.0
NNNN9,NNNN,positive,visibility,1,1,1,1.0
O1,O,negative,circulation,2,1,7,0.2857142857142857
O1,O,negative,cost,1,1,7,0.14285714285714285
O1,O,negative,daylight,2,1,7,0.2857142857142857
O1,O,negative,layout,1,1,7,0.14285714285714285
O1,O,negative,operation,3,1,7,0.42857142857142855
O1,O,negative,structure,1,1,7,0.14285714285714285
O1,O,negative,sustainability,2,1,7,0.2857142857142857
O1,O,negative,ventilation,1,1,7,0.14285714285714285
O1,O,positive,circulation,1,1,8,0.125
O1,O,positive,expression,1,1,8,0.125
O1,O,positive,fire safety,1,1,8,0.125
O1,O,positive,flexibility,1,1,8,0.125
O1,O,positive,functionality,2,1,8,0.25
O1,O,positive,identity,1,1,8,0.125
O1,O,positive,landscape,2,1,8,0.25
O1,O,positive,layout,3,1,8,0.375
O1,O,positive,open space,1,1,8,0.125
O1,O,positive,operation,1,1,8,0.125
O1,O,positive,privacy,1,1,8,0.125
O1,O,positive,structure,1,1,8,0.125
O1,O,positive,sustainability,1,1,8,0.125
O1,O,positive,topography,1,1,8,0.125
O1,O,positive,urban integration,3,1,8,0.375
O2,O,negative,circulation,2,1,8,0.25
O2,O,negative,cost,2,1,8,0.25
O2,O,negative,daylight,1,1,8,0.125
O2,O,negative,functionality,1,1,8,0.125
O2,O,negative,layout,2,1,8,0.25
O2,O,negative,massing,2,1,8,0.25
O2,O,negative,operation,1,1,8,0.125
O2,O,negative,proportion,1,1,8,0.125
O2,O,negative,scale,1,1,8,0.125
O2,O,negative,sustainability,2,1,8,0.25
O2,O,negative,urban integration,1,1,8,0.125
O2,O,negative,visibility,1,1,8,0.125
O2,O,positive,circulation,1,1,9,0.1111111111111111
O2,O,positive,daylight,1,1,9,0.1111111111111111
O2,O,positive,functionality,5,1,9,0.5555555555555556
O2,O,positive,identity,1,1,9,0.1111111111111111
O2,O,positive,layout,4,1,9,0.4444444444444444
O2,O,positive,open space,1,1,9,0.1111111111111111
O2,O,positive,proportion,2,1,9,0.2222222222222222
O2,O,positive,scale,1,1,9,0.1111111111111111
O2,O,positive,structure,2,1,9,0.2222222222222222
O2,O,positive,sustainability,1,1,9,0.1111111111111111
O2,O,positive,topography,1,1,9,0.1111111111111111
O2,O,positive,urban integration,2,1,9,0.2222222222222222
O3,O,negative,acoustics,1,1,8,0.125
O3,O,negative,circulation,1,1,8,0.125
O3,O,negative,cost,1,1,8,0.125
O3,O,negative,daylight,1,1,8,0.125
O3,O,negative,functionality,2,1,8,0.25
O3,O,negative,landscape,1,1,8,0.125
O3,O,negative,layout,4,1,8,0.5
O3,O,negative,open space,2,1,8,0.25
O3,O,negative,operation,1,1,8,0.125
O3,O,negative,structure,1,1,8,0.125
O3,O,negative,sustainability,1,1,8,0.125
O3,O,negative,urban integration,1,1,8,0.125
O3,O,negative,visibility,1,1,8,0.125
O3,O,positive,circulation,1,1,8,0.125
O3,O,positive,cost,2,1,8,0.25
O3,O,positive,expression,2,1,8,0.25
O3,O,positive,flexibility,2,1,8,0.25
O3,O,positive,identity,2,1,8,0.25
O3,O,positive,landscape,1,1,8,0.125
O3,O,positive,layout,1,1,8,0.125
O3,O,positive,massing,1,1,8,0.125
O3,O,positive,open space,1,1,8,0.125
O3,O,positive,proportion,1,1,8,0.125
O3,O,positive,scale,1,1,8,0.125
O3,O,positive,structure,2,1,8,0.25
O3,O,positive,urban integration,3,1,8,0.375
O4,O,negative,circulation,1,1,6,0.16666666666666666
O4,O,negative,daylight,1,1,6,0.16666666666666666
O4,O,negative,expression,1,1,6,0.16666666666666666
O4,O,negative,massing,1,1,6,0.16666666666666666
O4,O,negative,operation,1,1,6,0.16666666666666666
O4,O,negative,safety,1,1,6,0.16666666666666666
O4,O,negative,scale,1,1,6,0.16666666666666666
O4,O,negative,structure,2,1,6,0.3333333333333333
O4,O,negative,sustainability,3,1,6,0.5
O4,O,negative,urban integration,1,1,6,0.16666666666666666
O4,O,negative,ventilation,1,1,6,0.16666666666666666
O4,O,positive,circulation,2,1,9,0.2222222222222222
O4,O,positive,cost,1,1,9,0.1111111111111111
O4,O,positive,daylight,1,1,9,0.1111111111111111
O4,O,positive,expression,1,1,9,0.1111111111111111
O4,O,positive,fire safety,1,1,9,0.1111111111111111
O4,O,positive,flexibility,2,1,9,0.2222222222222222
O4,O,positive,functionality,4,1,9,0.4444444444444444
O4,O,positive,layout,4,1,9,0.4444444444444444
O4,O,positive,massing,1,1,9,0.1111111111111111
O4,O,positive,sustainability,1,1,9,0.1111111111111111
O4,O,positive,urban integration,1,1,9,0.1111111111111111
O4,O,positive,visibility,1,1,9,0.1111111111111111
O5,O,negative,acoustics,1,1,9,0.1111111111111111
O5,O,negative,circulation,3,1,9,0.3333333333333333
O5,O,negative,cost,2,1,9,0.2222222222222222
O5,O,negative,daylight,1,1,9,0.1111111111111111
O5,O,negative,fire safety,1,1,9,0.1111111111111111
O5,O,negative,functionality,1,1,9,0.1111111111111111
O5,O,negative,layout,2,1,9,0.2222222222222222
O5,O,negative,massing,1,1,9,0.1111111111111111
O5,O,negative,open space,1,1,9,0.1111111111111111
O5,O,negative,operation,1,1,9,0.1111111111111111
O5,O,negative,scale,1,1,9,0.1111111111111111
O5,O,negative,sustainability,1,1,9,0.1111111111111111
O5,O,negative,ventilation,1,1,9,0.1111111111111111
O5,O,positive,circulation,1,1,5,0.2
O5,O,positive,expression,1,1,5,0.2
O5,O,positive,facade,1,1,5,0.2
O5,O,positive,functionality,1,1,5,0.2
O5,O,positive,landscape,1,1,5,0.2
O5,O,positive,layout,1,1,5,0.2
O5,O,positive,massing,1,1,5,0.2
O5,O,positive,operation,1,1,5,0.2
O5,O,positive,proportion,1,1,5,0.2
O5,O,positive,structure,1,1,5,0.2
O5,O,positive,urban integration,1,1,5,0.2
OO1,OO,negative,cost,1,1,3,0.3333333333333333
OO1,OO,negative,expression,1,1,3,0.3333333333333333
OO1,OO,negative,facade,1,1,3,0.3333333333333333
OO1,OO,negative,massing,1,1,3,0.3333333333333333
OO1,OO,negative,sustainability,2,1,3,0.6666666666666666
OO1,OO,negative,urban integration,1,1,3,0.3333333333333333
OO1,OO,positive,functionality,2,1,6,0.3333333333333333
OO1,OO,positive,identity,1,1,6,0.16666666666666666
OO1,OO,positive,landscape,2,1,6,0.3333333333333333
OO1,OO,positive,layout,2,1,6,0.3333333333333333
OO1,OO,positive,massing,1,1,6,0.16666666666666666
OO1,OO,positive,open space,2,1,6,0.3333333333333333
OO1,OO,positive,operation,1,1,6,0.16666666666666666
OO1,OO,positive,privacy,1,1,6,0.16666666666666666
OO1,OO,positive,urban integration,3,1,6,0.5
OO2,OO,negative,circulation,1,1,7,0.14285714285714285
OO2,OO,negative,expression,1,1,7,0.14285714285714285
OO2,OO,negative,facade,1,1,7,0.14285714285714285
OO2,OO,negative,functionality,1,1,7,0.14285714285714285
OO2,OO,negative,landscape,1,1,7,0.14285714285714285
OO2,OO,negative,layout,3,1,7,0.42857142857142855
OO2,OO,negative,massing,1,1,7,0.14285714285714285
OO2,OO,negative,open space,1,1,7,0.14285714285714285
OO2,OO,negative,proportion,2,1,7,0.2857142857142857
OO2,OO,negative,scale,1,1,7,0.14285714285714285
OO2,OO,negative,sustainability,1,1,7,0.14285714285714285
OO2,OO,positive,circulation,2,1,7,0.2857142857142857
OO2,OO,positive,daylight,1,1,7,0.14285714285714285
OO2,OO,positive,expression,1,1,7,0.14285714285714285
OO2,OO,positive,functionality,2,1,7,0.2857142857142857
OO2,OO,positive,landscape,1,1,7,0.14285714285714285
OO2,OO,positive,layout,2,1,7,0.2857142857142857
OO2,OO,positive,massing,1,1,7,0.14285714285714285
OO2,OO,positive,open space,3,1,7,0.42857142857142855
OO2,OO,positive,urban integration,2,1,7,0.2857142857142857
OO3,OO,negative,circulation,5,1,8,0.625
OO3,OO,negative,functionality,3,1,8,0.375
OO3,OO,negative,landscape,1,1,8,0.125
OO3,OO,negative,open space,1,1,8,0.125
OO3,OO,negative,operation,3,1,8,0.375
OO3,OO,negative,sustainability,1,1,8,0.125
OO3,OO,negative,visibility,1,1,8,0.125
OO3,OO,positive,circulation,2,1,7,0.2857142857142857
OO3,OO,positive,daylight,2,1,7,0.2857142857142857
OO3,OO,positive,expression,1,1,7,0.14285714285714285
OO3,OO,positive,functionality,2,1,7,0.2857142857142857
OO3,OO,positive,layout,1,1,7,0.14285714285714285
OO3,OO,positive,massing,2,1,7,0.2857142857142857
OO3,OO,positive,open space,1,1,7,0.14285714285714285
OO3,OO,positive,proportion,1,1,7,0.14285714285714285
OO3,OO,positive,sustainability,1,1,7,0.14285714285714285
OO3,OO,positive,urban integration,2,1,7,0.2857142857142857
OO3,OO,positive,visibility,1,1,7,0.14285714285714285
OO4,OO,negative,circulation,3,1,8,0.375
OO4,OO,negative,expression,2,1,8,0.25
OO4,OO,negative,facade,1,1,8,0.125
OO4,OO,negative,functionality,1,1,8,0.125
OO4,OO,negative,identity,1,1,8,0.125
OO4,OO,negative,layout,3,1,8,0.375
OO4,OO,negative,open space,1,1,8,0.125
OO4,OO,negative,operation,2,1,8,0.25
OO4,OO,negative,scale,1,1,8,0.125
OO4,OO,negative,sustainability,1,1,8,0.125
OO4,OO,negative,urban integration,2,1,8,0.25
OO4,OO,negative,visibility,1,1,8,0.125
OO4,OO,positive,circulation,2,1,8,0.25
OO4,OO,positive,functionality,3,1,8,0.375
OO4,OO,positive,layout,2,1,8,0.25
OO4,OO,positive,massing,1,1,8,0.125
OO4,OO,positive,open space,2,1,8,0.25
OO4,OO,positive,operation,1,1,8,0.125
OO4,OO,positive,proportion,1,1,8,0.125
OO4,OO,positive,sustainability,1,1,8,0.125
OO4,OO,positive,urban integration,3,1,8,0.375
OO5,OO,negative,accessibility,1,1,8,0.125
OO5,OO,negative,circulation,3,1,8,0.375
OO5,OO,negative,cost,1,1,8,0.125
OO5,OO,negative,expression,2,1,8,0.25
OO5,OO,negative,facade,2,1,8,0.25
OO5,OO,negative,functionality,2,1,8,0.25
OO5,OO,negative,landscape,2,1,8,0.25
OO5,OO,negative,layout,3,1,8,0.375
OO5,OO,negative,massing,1,1,8,0.125
OO5,OO,negative,open space,2,1,8,0.25
OO5,OO,negative,scale,1,1,8,0.125
OO5,OO,negative,sustainability,1,1,8,0.125
OO5,OO,positive,expression,2,1,4,0.5
OO5,OO,positive,facade,1,1,4,0.25
OO5,OO,positive,functionality,1,1,4,0.25
OO5,OO,positive,identity,1,1,4,0.25
OO5,OO,positive,layout,1,1,4,0.25
OO5,OO,positive,massing,2,1,4,0.5
OO5,OO,positive,open space,1,1,4,0.25
OO5,OO,positive,proportion,1,1,4,0.25
OO5,OO,positive,urban integration,2,1,4,0.5
OOOO1,OOOO,positive,circulation,1,1,5,0.2
OOOO1,OOOO,positive,cost,1,1,5,0.2
OOOO1,OOOO,positive,functionality,2,1,5,0.4
OOOO1,OOOO,positive,identity,1,1,5,0.2
OOOO1,OOOO,positive,layout,2,1,5,0.4
OOOO1,OOOO,positive,massing,1,1,5,0.2
OOOO1,OOOO,positive,open space,2,1,5,0.4
OOOO1,OOOO,positive,operation,1,1,5,0.2
OOOO1,OOOO,positive,structure,1,1,5,0.2
OOOO1,OOOO,positive,sustainability,1,1,5,0.2
OOOO1,OOOO,positive,urban integration,2,1,5,0.4
OOOO2,OOOO,negative,circulation,2,1,4,0.5
OOOO2,OOOO,negative,expression,1,1,4,0.25
OOOO2,OOOO,negative,fire safety,1,1,4,0.25
OOOO2,OOOO,negative,landscape,2,1,4,0.5
OOOO2,OOOO,negative,open space,1,1,4,0.25
OOOO2,OOOO,negative,urban integration,1,1,4,0.25
OOOO2,OOOO,positive,daylight,1,1,6,0.16666666666666666
OOOO2,OOOO,positive,expression,1,1,6,0.16666666666666666
OOOO2,OOOO,positive,flexibility,1,1,6,0.16666666666666666
OOOO2,OOOO,positive,functionality,2,1,6,0.3333333333333333
OOOO2,OOOO,positive,identity,1,1,6,0.16666666666666666
OOOO2,OOOO,positive,layout,2,1,6,0.3333333333333333
OOOO2,OOOO,positive,massing,2,1,6,0.3333333333333333
OOOO2,OOOO,positive,operation,1,1,6,0.16666666666666666
OOOO2,OOOO,positive,privacy,1,1,6,0.16666666666666666
OOOO2,OOOO,positive,scale,1,1,6,0.16666666666666666
OOOO2,OOOO,positive,urban integration,3,1,6,0.5
OOOO2,OOOO,positive,ventilation,1,1,6,0.16666666666666666
OOOO3,OOOO,negative,acoustics,1,1,6,0.16666666666666666
OOOO3,OOOO,negative,circulation,1,1,6,0.16666666666666666
OOOO3,OOOO,negative,cost,1,1,6,0.16666666666666666
OOOO3,OOOO,negative,daylight,1,1,6,0.16666666666666666
OOOO3,OOOO,negative,expression,1,1,6,0.16666666666666666
OOOO3,OOOO,negative,facade,1,1,6,0.16666666666666666
OOOO3,OOOO,negative,functionality,3,1,6,0.5
OOOO3,OOOO,negative,layout,2,1,6,0.3333333333333333
OOOO3,OOOO,negative,massing,1,1,6,0.16666666666666666
OOOO3,OOOO,negative,open space,1,1,6,0.16666666666666666
OOOO3,OOOO,negative,privacy,1,1,6,0.16666666666666666
OOOO3,OOOO,negative,scale,2,1,6,0.3333333333333333
OOOO3,OOOO,positive,circulation,1,1,8,0.125
OOOO3,OOOO,positive,daylight,1,1,8,0.125
OOOO3,OOOO,positive,facade,1,1,8,0.125
OOOO3,OOOO,positive,identity,1,1,8,0.125
OOOO3,OOOO,positive,landscape,1,1,8,0.125
OOOO3,OOOO,positive,massing,3,1,8,0.375
OOOO3,OOOO,positive,open space,2,1,8,0.25
OOOO3,OOOO,positive,operation,1,1,8,0.125
OOOO3,OOOO,positive,proportion,1,1,8,0.125
OOOO3,OOOO,positive,scale,1,1,8,0.125
OOOO3,OOOO,positive,structure,1,1,8,0.125
OOOO3,OOOO,positive,sustainability,1,1,8,0.125
OOOO3,OOOO,positive,topography,1,1,8,0.125
OOOO3,OOOO,positive,urban integration,4,1,8,0.5
P1,P,negative,accessibility,2,1,10,0.2
P1,P,negative,circulation,4,1,10,0.4
P1,P,negative,daylight,1,1,10,0.1
P1,P,negative,expression,2,1,10,0.2
P1,P,negative,facade,2,1,10,0.2
P1,P,negative,functionality,1,1,10,0.1
P1,P,negative,identity,2,1,10,0.2
P1,P,negative,layout,3,1,10,0.3
P1,P,negative,open space,1,1,10,0.1
P1,P,negative,operation,1,1,10,0.1
P1,P,negative,proportion,1,1,10,0.1
P1,P,negative,scale,1,1,10,0.1
P1,P,negative,structure,1,1,10,0.1
P1,P,negative,sustainability,1,1,10,0.1
P1,P,negative,topography,1,1,10,0.1
P1,P,positive,circulation,3,1,9,0.3333333333333333
P1,P,positive,expression,1,1,9,0.1111111111111111
P1,P,positive,facade,1,1,9,0.1111111111111111
P1,P,positive,flexibility,3,1,9,0.3333333333333333
P1,P,positive,functionality,5,1,9,0.5555555555555556
P1,P,positive,landscape,1,1,9,0.1111111111111111
P1,P,positive,layout,3,1,9,0.3333333333333333
P1,P,positive,massing,1,1,9,0.1111111111111111
P1,P,positive,open space,3,1,9,0.3333333333333333
P1,P,positive,proportion,2,1,9,0.2222222222222222
P1,P,positive,urban integration,3,1,9,0.3333333333333333
P2,P,negative,circulation,1,1,9,0.1111111111111111
P2,P,negative,cost,1,1,9,0.1111111111111111
P2,P,negative,daylight,1,1,9,0.1111111111111111
P2,P,negative,expression,2,1,9,0.2222222222222222
P2,P,negative,functionality,2,1,9,0.2222222222222222
P2,P,negative,landscape,1,1,9,0.1111111111111111
P2,P,negative,layout,2,1,9,0.2222222222222222
P2,P,negative,massing,4,1,9,0.4444444444444444
P2,P,negative,open space,1,1,9,0.1111111111111111
P2,P,negative,operation,1,1,9,0.1111111111111111
P2,P,negative,scale,2,1,9,0.2222222222222222
P2,P,negative,structure,1,1,9,0.1111111111111111
P2,P,negative,sustainability,1,1,9,0.1111111111111111
P2,P,negative,urban integration,2,1,9,0.2222222222222222
P2,P,negative,visibility,1,1,9,0.1111111111111111
P2,P,positive,daylight,1,1,5,0.2
P2,P,positive,expression,1,1,5,0.2
P2,P,positive,flexibility,1,1,5,0.2
P2,P,positive,functionality,1,1,5,0.2
P2,P,positive,identity,1,1,5,0.2
P2,P,positive,landscape,1,1,5,0.2
P2,P,positive,layout,3,1,5,0.6
P2,P,positive,open space,1,1,5,0.2
P2,P,positive,structure,2,1,5,0.4
P2,P,positive,sustainability,1,1,5,0.2
P2,P,positive,urban integration,1,1,5,0.2
P3,P,negative,circulation,1,1,7,0.14285714285714285
P3,P,negative,cost,1,1,7,0.14285714285714285
P3,P,negative,expression,1,1,7,0.14285714285714285
P3,P,negative,facade,1,1,7,0.14285714285714285
P3,P,negative,functionality,2,1,7,0.2857142857142857
P3,P,negative,massing,3,1,7,0.42857142857142855
P3,P,negative,open space,2,1,7,0.2857142857142857
P3,P,negative,proportion,2,1,7,0.2857142857142857
P3,P,negative,sustainability,1,1,7,0.14285714285714285
P3,P,negative,urban integration,2,1,7,0.2857142857142857
P3,P,negative,visibility,1,1,7,0.14285714285714285
P3,P,positive,circulation,3,1,7,0.42857142857142855
P3,P,positive,daylight,1,1,7,0.14285714285714285
P3,P,positive,flexibility,2,1,7,0.2857142857142857
P3,P,positive,functionality,1,1,7,0.14285714285714285
P3,P,positive,identity,1,1,7,0.14285714285714285
P3,P,positive,layout,2,1,7,0.2857142857142857
P3,P,positive,massing,2,1,7,0.2857142857142857
P3,P,positive,open space,1,1,7,0.14285714285714285
P3,P,positive,operation,1,1,7,0.14285714285714285
P3,P,positive,structure,1,1,7,0.14285714285714285
P3,P,positive,sustainability,1,1,7,0.14285714285714285
P3,P,positive,topography,1,1,7,0.14285714285714285
P3,P,positive,urban integration,1,1,7,0.14285714285714285
P3,P,positive,visibility,1,1,7,0.14285714285714285
P4,P,negative,accessibility,1,1,9,0.1111111111111111
P4,P,negative,acoustics,1,1,9,0.1111111111111111
P4,P,negative,circulation,1,1,9,0.1111111111111111
P4,P,negative,flexibility,3,1,9,0.3333333333333333
P4,P,negative,functionality,4,1,9,0.4444444444444444
P4,P,negative,layout,7,1,9,0.7777777777777778
P4,P,negative,massing,1,1,9,0.1111111111111111
P4,P,negative,privacy,1,1,9,0.1111111111111111
P4,P,negative,sustainability,1,1,9,0.1111111111111111
P4,P,positive,cost,1,1,8,0.125
P4,P,positive,expression,1,1,8,0.125
P4,P,positive,functionality,3,1,8,0.375
P4,P,positive,identity,1,1,8,0.125
P4,P,positive,landscape,1,1,8,0.125
P4,P,positive,layout,3,1,8,0.375
P4,P,positive,open space,2,1,8,0.25
P4,P,positive,operation,2,1,8,0.25
P4,P,positive,structure,1,1,8,0.125
P4,P,positive,sustainability,1,1,8,0.125
P4,P,positive,topography,2,1,8,0.25
P4,P,positive,urban integration,4,1,8,0.5
P5,P,negative,accessibility,1,1,9,0.1111111111111111
P5,P,negative,circulation,3,1,9,0.3333333333333333
P5,P,negative,daylight,3,1,9,0.3333333333333333
P5,P,negative,functionality,2,1,9,0.2222222222222222
P5,P,negative,landscape,1,1,9,0.1111111111111111
P5,P,negative,layout,3,1,9,0.3333333333333333
P5,P,negative,massing,1,1,9,0.1111111111111111
P5,P,negative,open space,2,1,9,0.2222222222222222
P5,P,negative,privacy,1,1,9,0.1111111111111111
P5,P,negative,structure,1,1,9,0.1111111111111111
P5,P,negative,sustainability,1,1,9,0.1111111111111111
P5,P,negative,topography,1,1,9,0.1111111111111111
P5,P,negative,urban integration,2,1,9,0.2222222222222222
P5,P,negative,visibility,1,1,9,0.1111111111111111
P5,P,positive,circulation,1,1,6,0.16666666666666666
P5,P,positive,cost,1,1,6,0.16666666666666666
P5,P,positive,flexibility,1,1,6,0.16666666666666666
P5,P,positive,functionality,2,1,6,0.3333333333333333
P5,P,positive,layout,2,1,6,0.3333333333333333
P5,P,positive,massing,3,1,6,0.5
P5,P,positive,open space,1,1,6,0.16666666666666666
P5,P,positive,proportion,1,1,6,0.16666666666666666
P5,P,positive,scale,1,1,6,0.16666666666666666
P5,P,positive,structure,1,1,6,0.16666666666666666
P5,P,positive,sustainability,1,1,6,0.16666666666666666
P5,P,positive,urban integration,1,1,6,0.16666666666666666
PP1,PP,negative,circulation,1,1,2,0.5
PP1,PP,negative,identity,1,1,2,0.5
PP1,PP,negative,layout,1,1,2,0.5
PP1,PP,negative,urban integration,1,1,2,0.5
PP1,PP,positive,circulation,2,1,9,0.2222222222222222
PP1,PP,positive,cost,1,1,9,0.1111111111111111
PP1,PP,positive,daylight,1,1,9,0.1111111111111111
PP1,PP,positive,expression,2,1,9,0.2222222222222222
PP1,PP,positive,facade,1,1,9,0.1111111111111111
PP1,PP,positive,flexibility,1,1,9,0.1111111111111111
PP1,PP,positive,landscape,2,1,9,0.2222222222222222
PP1,PP,positive,layout,3,1,9,0.3333333333333333
PP1,PP,positive,massing,3,1,9,0.3333333333333333
PP1,PP,positive,open space,1,1,9,0.1111111111111111
PP1,PP,positive,orientation,1,1,9,0.1111111111111111
PP1,PP,positive,proportion,1,1,9,0.1111111111111111
PP1,PP,positive,scale,2,1,9,0.2222222222222222
PP1,PP,positive,structure,1,1,9,0.1111111111111111
PP1,PP,positive,urban integration,4,1,9,0.4444444444444444
PP2,PP,negative,circulation,1,1,4,0.25
PP2,PP,negative,cost,1,1,4,0.25
PP2,PP,negative,daylight,1,1,4,0.25
PP2,PP,negative,flexibility,1,1,4,0.25
PP2,PP,negative,functionality,1,1,4,0.25
PP2,PP,negative,open space,1,1,4,0.25
PP2,PP,negative,operation,1,1,4,0.25
PP2,PP,negative,safety,1,1,4,0.25
PP2,PP,negative,structure,1,1,4,0.25
PP2,PP,negative,sustainability,1,1,4,0.25
PP2,PP,negative,topography,1,1,4,0.25
PP2,PP,positive,circulation,1,1,3,0.3333333333333333
PP2,PP,positive,cost,1,1,3,0.3333333333333333
PP2,PP,positive,daylight,1,1,3,0.3333333333333333
PP2,PP,positive,expression,1,1,3,0.3333333333333333
PP2,PP,positive,landscape,1,1,3,0.3333333333333333
PP2,PP,positive,layout,1,1,3,0.3333333333333333
PP2,PP,positive,open space,1,1,3,0.3333333333333333
PP2,PP,positive,sustainability,1,1,3,0.3333333333333333
PP2,PP,positive,visibility,1,1,3,0.3333333333333333
PP3,PP,negative,circulation,2,1,6,0.3333333333333333
PP3,PP,negative,cost,1,1,6,0.16666666666666666
PP3,PP,negative,expression,2,1,6,0.3333333333333333
PP3,PP,negative,facade,1,1,6,0.16666666666666666
PP3,PP,negative,flexibility,1,1,6,0.16666666666666666
PP3,PP,negative,identity,1,1,6,0.16666666666666666
PP3,PP,negative,layout,2,1,6,0.3333333333333333
PP3,PP,negative,open space,1,1,6,0.16666666666666666
PP3,PP,negative,orientation,1,1,6,0.16666666666666666
PP3,PP,negative,safety,1,1,6,0.16666666666666666
PP3,PP,negative,scale,2,1,6,0.3333333333333333
PP3,PP,negative,urban integration,2,1,6,0.3333333333333333
PP3,PP,positive,circulation,1,1,4,0.25
PP3,PP,positive,cost,2,1,4,0.5
PP3,PP,positive,expression,2,1,4,0.5
PP3,PP,positive,flexibility,1,1,4,0.25
PP3,PP,positive,identity,1,1,4,0.25
PP3,PP,positive,layout,1,1,4,0.25
PP3,PP,positive,massing,2,1,4,0.5
PP4,PP,negative,accessibility,1,1,3,0.3333333333333333
PP4,PP,negative,circulation,3,1,3,1.0
PP4,PP,negative,expression,1,1,3,0.3333333333333333
PP4,PP,negative,functionality,1,1,3,0.3333333333333333
PP4,PP,negative,layout,2,1,3,0.6666666666666666
PP4,PP,positive,cost,1,1,5,0.2
PP4,PP,positive,expression,2,1,5,0.4
PP4,PP,positive,facade,1,1,5,0.2
PP4,PP,positive,flexibility,1,1,5,0.2
PP4,PP,positive,identity,1,1,5,0.2
PP4,PP,positive,landscape,2,1,5,0.4
PP4,PP,positive,layout,1,1,5,0.2
PP4,PP,positive,massing,1,1,5,0.2
PP4,PP,positive,scale,1,1,5,0.2
PP4,PP,positive,topography,1,1,5,0.2
PP4,PP,positive,urban integration,2,1,5,0.4
PP5,PP,negative,accessibility,1,1,6,0.16666666666666666
PP5,PP,negative,circulation,3,1,6,0.5
PP5,PP,negative,expression,2,1,6,0.3333333333333333
PP5,PP,negative,facade,1,1,6,0.16666666666666666
PP5,PP,negative,functionality,1,1,6,0.16666666666666666
PP5,PP,negative,identity,1,1,6,0.16666666666666666
PP5,PP,negative,layout,3,1,6,0.5
PP5,PP,negative,massing,2,1,6,0.3333333333333333
PP5,PP,negative,open space,1,1,6,0.16666666666666666
PP5,PP,negative,proportion,1,1,6,0.16666666666666666
PP5,PP,negative,topography,1,1,6,0.16666666666666666
PP5,PP,positive,circulation,1,1,5,0.2
PP5,PP,positive,facade,1,1,5,0.2
PP5,PP,positive,landscape,1,1,5,0.2
PP5,PP,positive,layout,1,1,5,0.2
PP5,PP,positive,massing,1,1,5,0.2
PP5,PP,positive,open space,2,1,5,0.4
PP5,PP,positive,scale,1,1,5,0.2
PP5,PP,positive,structure,1,1,5,0.2
PP5,PP,positive,urban integration,3,1,5,0.6
PPP1,PPP,positive,circulation,1,1,8,0.125
PPP1,PPP,positive,cost,1,1,8,0.125
PPP1,PPP,positive,daylight,1,1,8,0.125
PPP1,PPP,positive,expression,1,1,8,0.125
PPP1,PPP,positive,facade,1,1,8,0.125
PPP1,PPP,positive,flexibility,1,1,8,0.125
PPP1,PPP,positive,identity,1,1,8,0.125
PPP1,PPP,positive,landscape,2,1,8,0.25
PPP1,PPP,positive,layout,2,1,8,0.25
PPP1,PPP,positive,massing,3,1,8,0.375
PPP1,PPP,positive,open space,2,1,8,0.25
PPP1,PPP,positive,operation,1,1,8,0.125
PPP1,PPP,positive,privacy,1,1,8,0.125
PPP1,PPP,positive,scale,1,1,8,0.125
PPP1,PPP,positive,urban integration,2,1,8,0.25
PPP2,PPP,negative,accessibility,1,1,5,0.2
PPP2,PPP,negative,circulation,1,1,5,0.2
PPP2,PPP,negative,flexibility,2,1,5,0.4
PPP2,PPP,negative,functionality,1,1,5,0.2
PPP2,PPP,negative,layout,1,1,5,0.2
PPP2,PPP,negative,operation,1,1,5,0.2
PPP2,PPP,negative,safety,1,1,5,0.2
PPP2,PPP,negative,structure,1,1,5,0.2
PPP2,PPP,negative,sustainability,1,1,5,0.2
PPP2,PPP,positive,cost,1,1,6,0.16666666666666666
PPP2,PPP,positive,daylight,1,1,6,0.16666666666666666
PPP2,PPP,positive,functionality,1,1,6,0.16666666666666666
PPP2,PPP,positive,identity,1,1,6,0.16666666666666666
PPP2,PPP,positive,landscape,2,1,6,0.3333333333333333
PPP2,PPP,positive,layout,3,1,6,0.5
PPP2,PPP,positive,massing,2,1,6,0.3333333333333333
PPP2,PPP,positive,open space,1,1,6,0.16666666666666666
PPP2,PPP,positive,sustainability,1,1,6,0.16666666666666666
PPP2,PPP,positive,urban integration,2,1,6,0.3333333333333333
PPP3,PPP,negative,circulation,2,1,9,0.2222222222222222
PPP3,PPP,negative,cost,1,1,9,0.1111111111111111
PPP3,PPP,negative,functionality,4,1,9,0.4444444444444444
PPP3,PPP,negative,landscape,1,1,9,0.1111111111111111
PPP3,PPP,negative,layout,2,1,9,0.2222222222222222
PPP3,PPP,negative,massing,1,1,9,0.1111111111111111
PPP3,PPP,negative,open space,2,1,9,0.2222222222222222
PPP3,PPP,negative,privacy,1,1,9,0.1111111111111111
PPP3,PPP,negative,topography,1,1,9,0.1111111111111111
PPP3,PPP,negative,visibility,1,1,9,0.1111111111111111
PPP3,PPP,positive,circulation,2,1,8,0.25
PPP3,PPP,positive,daylight,1,1,8,0.125
PPP3,PPP,positive,expression,1,1,8,0.125
PPP3,PPP,positive,flexibility,1,1,8,0.125
PPP3,PPP,positive,functionality,1,1,8,0.125
PPP3,PPP,positive,identity,1,1,8,0.125
PPP3,PPP,positive,layout,3,1,8,0.375
PPP3,PPP,positive,massing,1,1,8,0.125
PPP3,PPP,positive,urban integration,4,1,8,0.5
PPP3,PPP,positive,visibility,1,1,8,0.125
PPP4,PPP,negative,circulation,1,1,11,0.09090909090909091
PPP4,PPP,negative,cost,1,1,11,0.09090909090909091
PPP4,PPP,negative,expression,1,1,11,0.09090909090909091
PPP4,PPP,negative,facade,4,1,11,0.36363636363636365
PPP4,PPP,negative,flexibility,1,1,11,0.09090909090909091
PPP4,PPP,negative,functionality,2,1,11,0.18181818181818182
PPP4,PPP,negative,landscape,1,1,11,0.09090909090909091
PPP4,PPP,negative,layout,5,1,11,0.45454545454545453
PPP4,PPP,negative,massing,1,1,11,0.09090909090909091
PPP4,PPP,negative,open space,2,1,11,0.18181818181818182
PPP4,PPP,negative,safety,1,1,11,0.09090909090909091
PPP4,PPP,negative,urban integration,2,1,11,0.18181818181818182
PPP4,PPP,negative,visibility,1,1,11,0.09090909090909091
PPP4,PPP,positive,accessibility,2,1,10,0.2
PPP4,PPP,positive,circulation,1,1,10,0.1
PPP4,PPP,positive,daylight,1,1,10,0.1
PPP4,PPP,positive,facade,2,1,10,0.2
PPP4,PPP,positive,functionality,2,1,10,0.2
PPP4,PPP,positive,landscape,2,1,10,0.2
PPP4,PPP,positive,layout,2,1,10,0.2
PPP4,PPP,positive,massing,1,1,10,0.1
PPP4,PPP,positive,open space,2,1,10,0.2
PPP4,PPP,positive,operation,1,1,10,0.1
PPP4,PPP,positive,structure,1,1,10,0.1
PPP4,PPP,positive,topography,2,1,10,0.2
PPP4,PPP,positive,urban integration,1,1,10,0.1
PPP4,PPP,positive,visibility,1,1,10,0.1
PPP5,PPP,negative,accessibility,2,1,11,0.18181818181818182
PPP5,PPP,negative,circulation,6,1,11,0.5454545454545454
PPP5,PPP,negative,facade,1,1,11,0.09090909090909091
PPP5,PPP,negative,functionality,7,1,11,0.6363636363636364
PPP5,PPP,negative,landscape,1,1,11,0.09090909090909091
PPP5,PPP,negative,layout,3,1,11,0.2727272727272727
PPP5,PPP,negative,open space,1,1,11,0.09090909090909091
PPP5,PPP,negative,privacy,1,1,11,0.09090909090909091
PPP5,PPP,negative,safety,1,1,11,0.09090909090909091
PPP5,PPP,positive,acoustics,1,1,11,0.09090909090909091
PPP5,PPP,positive,circulation,1,1,11,0.09090909090909091
PPP5,PPP,positive,daylight,1,1,11,0.09090909090909091
PPP5,PPP,positive,facade,1,1,11,0.09090909090909091
PPP5,PPP,positive,flexibility,1,1,11,0.09090909090909091
PPP5,PPP,positive,functionality,1,1,11,0.09090909090909091
PPP5,PPP,positive,identity,1,1,11,0.09090909090909091
PPP5,PPP,positive,landscape,1,1,11,0.09090909090909091
PPP5,PPP,positive,layout,4,1,11,0.36363636363636365
PPP5,PPP,positive,massing,2,1,11,0.18181818181818182
PPP5,PPP,positive,open space,1,1,11,0.09090909090909091
PPP5,PPP,positive,proportion,1,1,11,0.09090909090909091
PPP5,PPP,positive,topography,1,1,11,0.09090909090909091
PPP5,PPP,positive,urban integration,3,1,11,0.2727272727272727
PPP5,PPP,positive,ventilation,1,1,11,0.09090909090909091
PPP5,PPP,positive,visibility,2,1,11,0.18181818181818182
PPP6,PPP,negative,accessibility,1,1,7,0.14285714285714285
PPP6,PPP,negative,circulation,3,1,7,0.42857142857142855
PPP6,PPP,negative,daylight,1,1,7,0.14285714285714285
PPP6,PPP,negative,expression,1,1,7,0.14285714285714285
PPP6,PPP,negative,facade,1,1,7,0.14285714285714285
PPP6,PPP,negative,functionality,2,1,7,0.2857142857142857
PPP6,PPP,negative,layout,1,1,7,0.14285714285714285
PPP6,PPP,negative,operation,1,1,7,0.14285714285714285
PPP6,PPP,negative,safety,1,1,7,0.14285714285714285
PPP6,PPP,negative,urban integration,2,1,7,0.2857142857142857
PPP6,PPP,positive,daylight,1,1,7,0.14285714285714285
PPP6,PPP,positive,expression,1,1,7,0.14285714285714285
PPP6,PPP,positive,flexibility,1,1,7,0.14285714285714285
PPP6,PPP,positive,functionality,3,1,7,0.42857142857142855
PPP6,PPP,positive,landscape,2,1,7,0.2857142857142857
PPP6,PPP,positive,layout,2,1,7,0.2857142857142857
PPP6,PPP,positive,massing,1,1,7,0.14285714285714285
PPP6,PPP,positive,open space,2,1,7,0.2857142857142857
PPP6,PPP,positive,proportion,1,1,7,0.14285714285714285
PPP6,PPP,positive,topography,1,1,7,0.14285714285714285
PPP6,PPP,positive,urban integration,1,1,7,0.14285714285714285
PPP6,PPP,positive,visibility,2,1,7,0.2857142857142857
PPP7,PPP,negative,circulation,2,1,10,0.2
PPP7,PPP,negative,expression,4,1,10,0.4
PPP7,PPP,negative,facade,1,1,10,0.1
PPP7,PPP,negative,functionality,2,1,10,0.2
PPP7,PPP,negative,identity,1,1,10,0.1
PPP7,PPP,negative,landscape,2,1,10,0.2
PPP7,PPP,negative,layout,3,1,10,0.3
PPP7,PPP,negative,massing,2,1,10,0.2
PPP7,PPP,negative,open space,3,1,10,0.3
PPP7,PPP,negative,operation,1,1,10,0.1
PPP7,PPP,negative,safety,1,1,10,0.1
PPP7,PPP,positive,circulation,1,1,5,0.2
PPP7,PPP,positive,cost,1,1,5,0.2
PPP7,PPP,positive,daylight,1,1,5,0.2
PPP7,PPP,positive,functionality,3,1,5,0.6
PPP7,PPP,positive,layout,2,1,5,0.4
PPP7,PPP,positive,massing,3,1,5,0.6
PPP7,PPP,positive,open space,1,1,5,0.2
PPP7,PPP,positive,topography,1,1,5,0.2
PPPP1,PPPP,negative,accessibility,1,1,12,0.08333333333333333
PPPP1,PPPP,negative,circulation,2,1,12,0.16666666666666666
PPPP1,PPPP,negative,cost,2,1,12,0.16666666666666666
PPPP1,PPPP,negative,daylight,1,1,12,0.08333333333333333
PPPP1,PPPP,negative,functionality,3,1,12,0.25
PPPP1,PPPP,negative,identity,1,1,12,0.08333333333333333
PPPP1,PPPP,negative,landscape,4,1,12,0.3333333333333333
PPPP1,PPPP,negative,layout,2,1,12,0.16666666666666666
PPPP1,PPPP,negative,massing,1,1,12,0.08333333333333333
PPPP1,PPPP,negative,open space,2,1,12,0.16666666666666666
PPPP1,PPPP,negative,operation,1,1,12,0.08333333333333333
PPPP1,PPPP,negative,privacy,1,1,12,0.08333333333333333
PPPP1,PPPP,negative,scale,1,1,12,0.08333333333333333
PPPP1,PPPP,negative,sustainability,2,1,12,0.16666666666666666
PPPP1,PPPP,negative,topography,1,1,12,0.08333333333333333
PPPP1,PPPP,negative,urban integration,4,1,12,0.3333333333333333
PPPP1,PPPP,positive,cost,1,1,6,0.16666666666666666
PPPP1,PPPP,positive,functionality,1,1,6,0.16666666666666666
PPPP1,PPPP,positive,identity,2,1,6,0.3333333333333333
PPPP1,PPPP,positive,landscape,1,1,6,0.16666666666666666
PPPP1,PPPP,positive,layout,2,1,6,0.3333333333333333
PPPP1,PPPP,positive,massing,3,1,6,0.5
PPPP1,PPPP,positive,open space,1,1,6,0.16666666666666666
PPPP1,PPPP,positive,safety,1,1,6,0.16666666666666666
PPPP1,PPPP,positive,topography,1,1,6,0.16666666666666666
PPPP1,PPPP,positive,urban integration,3,1,6,0.5
PPPP2,PPPP,negative,circulation,5,1,11,0.45454545454545453
PPPP2,PPPP,negative,cost,3,1,11,0.2727272727272727
PPPP2,PPPP,negative,expression,1,1,11,0.09090909090909091
PPPP2,PPPP,negative,facade,1,1,11,0.09090909090909091
PPPP2,PPPP,negative,functionality,4,1,11,0.36363636363636365
PPPP2,PPPP,negative,layout,3,1,11,0.2727272727272727
PPPP2,PPPP,negative,massing,4,1,11,0.36363636363636365
PPPP2,PPPP,negative,safety,1,1,11,0.09090909090909091
PPPP2,PPPP,negative,scale,1,1,11,0.09090909090909091
PPPP2,PPPP,negative,structure,1,1,11,0.09090909090909091
PPPP2,PPPP,negative,topography,2,1,11,0.18181818181818182
PPPP2,PPPP,negative,urban integration,3,1,11,0.2727272727272727
PPPP2,PPPP,positive,circulation,2,1,6,0.3333333333333333
PPPP2,PPPP,positive,daylight,1,1,6,0.16666666666666666
PPPP2,PPPP,positive,functionality,2,1,6,0.3333333333333333
PPPP2,PPPP,positive,landscape,2,1,6,0.3333333333333333
PPPP2,PPPP,positive,layout,3,1,6,0.5
PPPP2,PPPP,positive,massing,3,1,6,0.5
PPPP2,PPPP,positive,scale,2,1,6,0.3333333333333333
PPPP2,PPPP,positive,urban integration,3,1,6,0.5
PPPP3,PPPP,negative,circulation,6,1,12,0.5
PPPP3,PPPP,negative,cost,3,1,12,0.25
PPPP3,PPPP,negative,expression,1,1,12,0.08333333333333333
PPPP3,PPPP,negative,functionality,1,1,12,0.08333333333333333
PPPP3,PPPP,negative,identity,1,1,12,0.08333333333333333
PPPP3,PPPP,negative,landscape,1,1,12,0.08333333333333333
PPPP3,PPPP,negative,layout,3,1,12,0.25
PPPP3,PPPP,negative,massing,4,1,12,0.3333333333333333
PPPP3,PPPP,negative,open space,2,1,12,0.16666666666666666
PPPP3,PPPP,negative,operation,1,1,12,0.08333333333333333
PPPP3,PPPP,negative,privacy,1,1,12,0.08333333333333333
PPPP3,PPPP,negative,safety,1,1,12,0.08333333333333333
PPPP3,PPPP,negative,scale,1,1,12,0.08333333333333333
PPPP3,PPPP,negative,sustainability,1,1,12,0.08333333333333333
PPPP3,PPPP,negative,topography,1,1,12,0.08333333333333333
PPPP3,PPPP,negative,urban integration,2,1,12,0.16666666666666666
PPPP3,PPPP,positive,circulation,2,1,6,0.3333333333333333
PPPP3,PPPP,positive,daylight,1,1,6,0.16666666666666666
PPPP3,PPPP,positive,functionality,1,1,6,0.16666666666666666
PPPP3,PPPP,positive,identity,1,1,6,0.16666666666666666
PPPP3,PPPP,positive,landscape,2,1,6,0.3333333333333333
PPPP3,PPPP,positive,layout,3,1,6,0.5
PPPP3,PPPP,positive,massing,1,1,6,0.16666666666666666
PPPP3,PPPP,positive,sustainability,1,1,6,0.16666666666666666
PPPP3,PPPP,positive,topography,1,1,6,0.16666666666666666
PPPP3,PPPP,positive,urban integration,2,1,6,0.3333333333333333
PPPP3,PPPP,positive,visibility,1,1,6,0.16666666666666666
PPPP4,PPPP,negative,circulation,5,1,12,0.4166666666666667
PPPP4,PPPP,negative,cost,1,1,12,0.08333333333333333
PPPP4,PPPP,negative,expression,2,1,12,0.16666666666666666
PPPP4,PPPP,negative,facade,1,1,12,0.08333333333333333
PPPP4,PPPP,negative,functionality,5,1,12,0.4166666666666667
PPPP4,PPPP,negative,landscape,2,1,12,0.16666666666666666
PPPP4,PPPP,negative,layout,4,1,12,0.3333333333333333
PPPP4,PPPP,negative,massing,3,1,12,0.25
PPPP4,PPPP,negative,open space,2,1,12,0.16666666666666666
PPPP4,PPPP,negative,operation,1,1,12,0.08333333333333333
PPPP4,PPPP,negative,privacy,1,1,12,0.08333333333333333
PPPP4,PPPP,negative,proportion,1,1,12,0.08333333333333333
PPPP4,PPPP,negative,sustainability,1,1,12,0.08333333333333333
PPPP4,PPPP,negative,topography,1,1,12,0.08333333333333333
PPPP4,PPPP,negative,urban integration,1,1,12,0.08333333333333333
PPPP4,PPPP,negative,ventilation,1,1,12,0.08333333333333333
PPPP4,PPPP,negative,visibility,1,1,12,0.08333333333333333
PPPP4,PPPP,positive,circulation,1,1,7,0.14285714285714285
PPPP4,PPPP,positive,functionality,3,1,7,0.42857142857142855
PPPP4,PPPP,positive,landscape,3,1,7,0.42857142857142855
PPPP4,PPPP,positive,layout,1,1,7,0.14285714285714285
PPPP4,PPPP,positive,massing,2,1,7,0.2857142857142857
PPPP4,PPPP,positive,open space,2,1,7,0.2857142857142857
PPPP4,PPPP,positive,scale,3,1,7,0.42857142857142855
PPPP4,PPPP,positive,topography,1,1,7,0.14285714285714285
PPPP4,PPPP,positive,urban integration,2,1,7,0.2857142857142857
PPPP5,PPPP,negative,circulation,2,1,7,0.2857142857142857
PPPP5,PPPP,negative,daylight,2,1,7,0.2857142857142857
PPPP5,PPPP,negative,expression,1,1,7,0.14285714285714285
PPPP5,PPPP,negative,functionality,2,1,7,0.2857142857142857
PPPP5,PPPP,negative,landscape,1,1,7,0.14285714285714285
PPPP5,PPPP,negative,layout,1,1,7,0.14285714285714285
PPPP5,PPPP,negative,massing,1,1,7,0.14285714285714285
PPPP5,PPPP,negative,open space,1,1,7,0.14285714285714285
PPPP5,PPPP,negative,operation,1,1,7,0.14285714285714285
PPPP5,PPPP,negative,privacy,1,1,7,0.14285714285714285
PPPP5,PPPP,negative,sustainability,1,1,7,0.14285714285714285
PPPP5,PPPP,negative,visibility,1,1,7,0.14285714285714285
PPPP5,PPPP,positive,cost,1,1,7,0.14285714285714285
PPPP5,PPPP,positive,daylight,1,1,7,0.14285714285714285
PPPP5,PPPP,positive,functionality,1,1,7,0.14285714285714285
PPPP5,PPPP,positive,identity,1,1,7,0.14285714285714285
PPPP5,PPPP,positive,landscape,2,1,7,0.2857142857142857
PPPP5,PPPP,positive,layout,3,1,7,0.42857142857142855
PPPP5,PPPP,positive,massing,1,1,7,0.14285714285714285
PPPP5,PPPP,positive,open space,2,1,7,0.2857142857142857
PPPP5,PPPP,positive,sustainability,1,1,7,0.14285714285714285
PPPP5,PPPP,positive,urban integration,1,1,7,0.14285714285714285
PPPP6,PPPP,negative,circulation,2,1,7,0.2857142857142857
PPPP6,PPPP,negative,expression,2,1,7,0.2857142857142857
PPPP6,PPPP,negative,facade,1,1,7,0.14285714285714285
PPPP6,PPPP,negative,functionality,1,1,7,0.14285714285714285
PPPP6,PPPP,negative,identity,1,1,7,0.14285714285714285
PPPP6,PPPP,negative,landscape,2,1,7,0.2857142857142857
PPPP6,PPPP,negative,massing,1,1,7,0.14285714285714285
PPPP6,PPPP,negative,open space,2,1,7,0.2857142857142857
PPPP6,PPPP,negative,urban integration,3,1,7,0.42857142857142855
PPPP6,PPPP,positive,expression,1,1,8,0.125
PPPP6,PPPP,positive,functionality,1,1,8,0.125
PPPP6,PPPP,positive,identity,2,1,8,0.25
PPPP6,PPPP,positive,landscape,4,1,8,0.5
PPPP6,PPPP,positive,layout,2,1,8,0.25
PPPP6,PPPP,positive,massing,1,1,8,0.125
PPPP6,PPPP,positive,open space,3,1,8,0.375
PPPP6,PPPP,positive,privacy,1,1,8,0.125
PPPP6,PPPP,positive,scale,1,1,8,0.125
PPPP6,PPPP,positive,urban integration,3,1,8,0.375
Q1,Q,negative,accessibility,1,1,6,0.16666666666666666
Q1,Q,negative,circulation,1,1,6,0.16666666666666666
Q1,Q,negative,functionality,2,1,6,0.3333333333333333
Q1,Q,negative,layout,2,1,6,0.3333333333333333
Q1,Q,negative,scale,1,1,6,0.16666666666666666
Q1,Q,negative,structure,1,1,6,0.16666666666666666
Q1,Q,negative,urban integration,1,1,6,0.16666666666666666
Q1,Q,negative,visibility,1,1,6,0.16666666666666666
Q1,Q,positive,circulation,2,1,7,0.2857142857142857
Q1,Q,positive,daylight,1,1,7,0.14285714285714285
Q1,Q,positive,expression,1,1,7,0.14285714285714285
Q1,Q,positive,flexibility,1,1,7,0.14285714285714285
Q1,Q,positive,functionality,1,1,7,0.14285714285714285
Q1,Q,positive,identity,2,1,7,0.2857142857142857
Q1,Q,positive,massing,1,1,7,0.14285714285714285
Q1,Q,positive,open space,1,1,7,0.14285714285714285
Q1,Q,positive,privacy,1,1,7,0.14285714285714285
Q1,Q,positive,scale,1,1,7,0.14285714285714285
Q1,Q,positive,structure,1,1,7,0.14285714285714285
Q1,Q,positive,urban integration,1,1,7,0.14285714285714285
Q2,Q,negative,circulation,1,1,2,0.5
Q2,Q,negative,facade,1,1,2,0.5
Q2,Q,negative,functionality,2,1,2,1.0
Q2,Q,negative,privacy,1,1,2,0.5
Q2,Q,positive,accessibility,1,1,7,0.14285714285714285
Q2,Q,positive,circulation,1,1,7,0.14285714285714285
Q2,Q,positive,expression,2,1,7,0.2857142857142857
Q2,Q,positive,facade,2,1,7,0.2857142857142857
Q2,Q,positive,functionality,1,1,7,0.14285714285714285
Q2,Q,positive,identity,1,1,7,0.14285714285714285
Q2,Q,positive,landscape,1,1,7,0.14285714285714285
Q2,Q,positive,layout,2,1,7,0.2857142857142857
Q2,Q,positive,massing,2,1,7,0.2857142857142857
Q2,Q,positive,open space,1,1,7,0.14285714285714285
Q2,Q,positive,scale,1,1,7,0.14285714285714285
Q3,Q,negative,circulation,1,1,5,0.2
Q3,Q,negative,facade,1,1,5,0.2
Q3,Q,negative,functionality,3,1,5,0.6
Q3,Q,negative,landscape,1,1,5,0.2
Q3,Q,negative,layout,1,1,5,0.2
Q3,Q,negative,open space,1,1,5,0.2
Q3,Q,negative,urban integration,1,1,5,0.2
Q3,Q,positive,circulation,1,1,5,0.2
Q3,Q,positive,expression,2,1,5,0.4
Q3,Q,positive,functionality,2,1,5,0.4
Q3,Q,positive,identity,2,1,5,0.4
Q3,Q,positive,layout,1,1,5,0.2
Q3,Q,positive,open space,1,1,5,0.2
Q3,Q,positive,urban integration,1,1,5,0.2
Q4,Q,negative,circulation,1,1,4,0.25
Q4,Q,negative,daylight,1,1,4,0.25
Q4,Q,negative,expression,1,1,4,0.25
Q4,Q,negative,facade,1,1,4,0.25
Q4,Q,negative,layout,1,1,4,0.25
Q4,Q,negative,operation,1,1,4,0.25
Q4,Q,negative,proportion,2,1,4,0.5
Q4,Q,negative,safety,1,1,4,0.25
Q4,Q,negative,urban integration,1,1,4,0.25
Q4,Q,positive,circulation,2,1,4,0.5
Q4,Q,positive,expression,1,1,4,0.25
Q4,Q,positive,facade,1,1,4,0.25
Q4,Q,positive,functionality,1,1,4,0.25
Q4,Q,positive,identity,1,1,4,0.25
Q4,Q,positive,layout,2,1,4,0.5
Q4,Q,positive,open space,2,1,4,0.5
Q4,Q,positive,urban integration,2,1,4,0.5
Q5,Q,negative,circulation,3,1,5,0.6
Q5,Q,negative,daylight,1,1,5,0.2
Q5,Q,negative,flexibility,1,1,5,0.2
Q5,Q,negative,functionality,2,1,5,0.4
Q5,Q,negative,layout,1,1,5,0.2
Q5,Q,negative,massing,1,1,5,0.2
Q5,Q,negative,open space,1,1,5,0.2
Q5,Q,negative,proportion,1,1,5,0.2
Q5,Q,negative,urban integration,1,1,5,0.2
Q5,Q,negative,ventilation,1,1,5,0.2
Q5,Q,positive,circulation,1,1,4,0.25
Q5,Q,positive,flexibility,1,1,4,0.25
Q5,Q,positive,functionality,1,1,4,0.25
Q5,Q,positive,identity,1,1,4,0.25
Q5,Q,positive,landscape,1,1,4,0.25
Q5,Q,positive,layout,1,1,4,0.25
Q5,Q,positive,massing,2,1,4,0.5
Q5,Q,positive,open space,1,1,4,0.25
Q5,Q,positive,operation,1,1,4,0.25
Q5,Q,positive,urban integration,1,1,4,0.25
Q6,Q,negative,circulation,2,1,5,0.4
Q6,Q,negative,functionality,2,1,5,0.4
Q6,Q,negative,landscape,1,1,5,0.2
Q6,Q,negative,layout,2,1,5,0.4
Q6,Q,negative,massing,1,1,5,0.2
Q6,Q,negative,privacy,1,1,5,0.2
Q6,Q,negative,proportion,1,1,5,0.2
Q6,Q,negative,scale,2,1,5,0.4
Q6,Q,negative,urban integration,1,1,5,0.2
Q6,Q,negative,visibility,1,1,5,0.2
Q6,Q,positive,daylight,1,1,5,0.2
Q6,Q,positive,expression,2,1,5,0.4
Q6,Q,positive,facade,2,1,5,0.4
Q6,Q,positive,functionality,2,1,5,0.4
Q6,Q,positive,identity,3,1,5,0.6
Q6,Q,positive,layout,3,1,5,0.6
Q6,Q,positive,massing,1,1,5,0.2
Q6,Q,positive,open space,1,1,5,0.2
Q7,Q,negative,accessibility,1,1,6,0.16666666666666666
Q7,Q,negative,circulation,2,1,6,0.3333333333333333
Q7,Q,negative,expression,1,1,6,0.16666666666666666
Q7,Q,negative,facade,1,1,6,0.16666666666666666
Q7,Q,negative,functionality,3,1,6,0.5
Q7,Q,negative,landscape,1,1,6,0.16666666666666666
Q7,Q,negative,layout,2,1,6,0.3333333333333333
Q7,Q,negative,open space,1,1,6,0.16666666666666666
Q7,Q,negative,proportion,2,1,6,0.3333333333333333
Q7,Q,negative,scale,1,1,6,0.16666666666666666
Q7,Q,negative,urban integration,2,1,6,0.3333333333333333
Q7,Q,positive,circulation,2,1,4,0.5
Q7,Q,positive,daylight,1,1,4,0.25
Q7,Q,positive,layout,3,1,4,0.75
Q7,Q,positive,open space,2,1,4,0.5
Q7,Q,positive,structure,1,1,4,0.25
Q7,Q,positive,visibility,1,1,4,0.25
QQ1,QQ,negative,accessibility,2,1,5,0.4
QQ1,QQ,negative,circulation,1,1,5,0.2
QQ1,QQ,negative,functionality,2,1,5,0.4
QQ1,QQ,negative,landscape,2,1,5,0.4
QQ1,QQ,negative,layout,1,1,5,0.2
QQ1,QQ,negative,massing,1,1,5,0.2
QQ1,QQ,negative,open space,2,1,5,0.4
QQ1,QQ,negative,urban integration,1,1,5,0.2
QQ1,QQ,positive,circulation,2,1,7,0.2857142857142857
QQ1,QQ,positive,cost,1,1,7,0.14285714285714285
QQ1,QQ,positive,daylight,1,1,7,0.14285714285714285
QQ1,QQ,positive,expression,1,1,7,0.14285714285714285
QQ1,QQ,positive,flexibility,1,1,7,0.14285714285714285
QQ1,QQ,positive,functionality,2,1,7,0.2857142857142857
QQ1,QQ,positive,layout,4,1,7,0.5714285714285714
QQ1,QQ,positive,massing,2,1,7,0.2857142857142857
QQ1,QQ,positive,open space,2,1,7,0.2857142857142857
QQ1,QQ,positive,proportion,1,1,7,0.14285714285714285
QQ1,QQ,positive,scale,1,1,7,0.14285714285714285
QQ1,QQ,positive,sustainability,1,1,7,0.14285714285714285
QQ1,QQ,positive,urban integration,1,1,7,0.14285714285714285
QQ2,QQ,negative,circulation,3,1,7,0.42857142857142855
QQ2,QQ,negative,cost,1,1,7,0.14285714285714285
QQ2,QQ,negative,flexibility,2,1,7,0.2857142857142857
QQ2,QQ,negative,functionality,3,1,7,0.42857142857142855
QQ2,QQ,negative,landscape,1,1,7,0.14285714285714285
QQ2,QQ,negative,layout,3,1,7,0.42857142857142855
QQ2,QQ,negative,open space,1,1,7,0.14285714285714285
QQ2,QQ,negative,proportion,1,1,7,0.14285714285714285
QQ2,QQ,negative,sustainability,1,1,7,0.14285714285714285
QQ2,QQ,negative,urban integration,1,1,7,0.14285714285714285
QQ2,QQ,positive,circulation,1,1,4,0.25
QQ2,QQ,positive,daylight,1,1,4,0.25
QQ2,QQ,positive,facade,1,1,4,0.25
QQ2,QQ,positive,functionality,1,1,4,0.25
QQ2,QQ,positive,layout,1,1,4,0.25
QQ2,QQ,positive,massing,1,1,4,0.25
QQ2,QQ,positive,proportion,2,1,4,0.5
QQ2,QQ,positive,urban integration,2,1,4,0.5
QQ3,QQ,negative,circulation,3,1,6,0.5
QQ3,QQ,negative,expression,2,1,6,0.3333333333333333
QQ3,QQ,negative,functionality,2,1,6,0.3333333333333333
QQ3,QQ,negative,identity,1,1,6,0.16666666666666666
QQ3,QQ,negative,layout,3,1,6,0.5
QQ3,QQ,negative,operation,2,1,6,0.3333333333333333
QQ3,QQ,negative,proportion,2,1,6,0.3333333333333333
QQ3,QQ,negative,urban integration,2,1,6,0.3333333333333333
QQ3,QQ,positive,circulation,1,1,6,0.16666666666666666
QQ3,QQ,positive,cost,1,1,6,0.16666666666666666
QQ3,QQ,positive,fire safety,1,1,6,0.16666666666666666
QQ3,QQ,positive,functionality,1,1,6,0.16666666666666666
QQ3,QQ,positive,identity,1,1,6,0.16666666666666666
QQ3,QQ,positive,landscape,1,1,6,0.16666666666666666
QQ3,QQ,positive,layout,2,1,6,0.3333333333333333
QQ3,QQ,positive,open space,2,1,6,0.3333333333333333
QQ3,QQ,positive,proportion,1,1,6,0.16666666666666666
QQ3,QQ,positive,structure,1,1,6,0.16666666666666666
QQ3,QQ,positive,urban integration,1,1,6,0.16666666666666666
QQQ1,QQQ,negative,circulation,3,1,7,0.42857142857142855
QQQ1,QQQ,negative,expression,2,1,7,0.2857142857142857
QQQ1,QQQ,negative,facade,1,1,7,0.14285714285714285
QQQ1,QQQ,negative,flexibility,1,1,7,0.14285714285714285
QQQ1,QQQ,negative,functionality,2,1,7,0.2857142857142857
QQQ1,QQQ,negative,landscape,1,1,7,0.14285714285714285
QQQ1,QQQ,negative,layout,1,1,7,0.14285714285714285
QQQ1,QQQ,negative,open space,1,1,7,0.14285714285714285
QQQ1,QQQ,negative,operation,3,1,7,0.42857142857142855
QQQ1,QQQ,negative,sustainability,1,1,7,0.14285714285714285
QQQ1,QQQ,positive,accessibility,1,1,10,0.1
QQQ1,QQQ,positive,circulation,1,1,10,0.1
QQQ1,QQQ,positive,flexibility,1,1,10,0.1
QQQ1,QQQ,positive,functionality,3,1,10,0.3
QQQ1,QQQ,positive,identity,1,1,10,0.1
QQQ1,QQQ,positive,landscape,2,1,10,0.2
QQQ1,QQQ,positive,layout,2,1,10,0.2
QQQ1,QQQ,positive,massing,3,1,10,0.3
QQQ1,QQQ,positive,open space,2,1,10,0.2
QQQ1,QQQ,positive,operation,2,1,10,0.2
QQQ1,QQQ,positive,phasing,1,1,10,0.1
QQQ1,QQQ,positive,scale,1,1,10,0.1
QQQ1,QQQ,positive,structure,1,1,10,0.1
QQQ1,QQQ,positive,sustainability,1,1,10,0.1
QQQ1,QQQ,positive,topography,1,1,10,0.1
QQQ1,QQQ,positive,urban integration,3,1,10,0.3
QQQ2,QQQ,negative,circulation,1,1,7,0.14285714285714285
QQQ2,QQQ,negative,daylight,2,1,7,0.2857142857142857
QQQ2,QQQ,negative,expression,1,1,7,0.14285714285714285
QQQ2,QQQ,negative,facade,1,1,7,0.14285714285714285
QQQ2,QQQ,negative,flexibility,1,1,7,0.14285714285714285
QQQ2,QQQ,negative,functionality,3,1,7,0.42857142857142855
QQQ2,QQQ,negative,landscape,1,1,7,0.14285714285714285
QQQ2,QQQ,negative,layout,2,1,7,0.2857142857142857
QQQ2,QQQ,negative,massing,1,1,7,0.14285714285714285
QQQ2,QQQ,negative,proportion,1,1,7,0.14285714285714285
QQQ2,QQQ,negative,sustainability,1,1,7,0.14285714285714285
QQQ2,QQQ,negative,topography,1,1,7,0.14285714285714285
QQQ2,QQQ,positive,circulation,2,1,7,0.2857142857142857
QQQ2,QQQ,positive,cost,1,1,7,0.14285714285714285
QQQ2,QQQ,positive,daylight,1,1,7,0.14285714285714285
QQQ2,QQQ,positive,functionality,1,1,7,0.14285714285714285
QQQ2,QQQ,positive,identity,1,1,7,0.14285714285714285
QQQ2,QQQ,positive,landscape,1,1,7,0.14285714285714285
QQQ2,QQQ,positive,layout,3,1,7,0.42857142857142855
QQQ2,QQQ,positive,massing,2,1,7,0.2857142857142857
QQQ2,QQQ,positive,open space,2,1,7,0.2857142857142857
QQQ2,QQQ,positive,operation,1,1,7,0.14285714285714285
QQQ2,QQQ,positive,proportion,1,1,7,0.14285714285714285
QQQ2,QQQ,positive,scale,1,1,7,0.14285714285714285
QQQ2,QQQ,positive,structure,1,1,7,0.14285714285714285
QQQ2,QQQ,positive,sustainability,1,1,7,0.14285714285714285
QQQ2,QQQ,positive,urban integration,1,1,7,0.14285714285714285
QQQ3,QQQ,negative,accessibility,2,1,11,0.18181818181818182
QQQ3,QQQ,negative,circulation,3,1,11,0.2727272727272727
QQQ3,QQQ,negative,fire safety,1,1,11,0.09090909090909091
QQQ3,QQQ,negative,flexibility,1,1,11,0.09090909090909091
QQQ3,QQQ,negative,functionality,3,1,11,0.2727272727272727
QQQ3,QQQ,negative,landscape,3,1,11,0.2727272727272727
QQQ3,QQQ,negative,layout,2,1,11,0.18181818181818182
QQQ3,QQQ,negative,massing,2,1,11,0.18181818181818182
QQQ3,QQQ,negative,open space,3,1,11,0.2727272727272727
QQQ3,QQQ,negative,operation,1,1,11,0.09090909090909091
QQQ3,QQQ,negative,safety,1,1,11,0.09090909090909091
QQQ3,QQQ,negative,scale,1,1,11,0.09090909090909091
QQQ3,QQQ,negative,topography,3,1,11,0.2727272727272727
QQQ3,QQQ,negative,urban integration,1,1,11,0.09090909090909091
QQQ3,QQQ,positive,circulation,2,1,8,0.25
QQQ3,QQQ,positive,daylight,1,1,8,0.125
QQQ3,QQQ,positive,flexibility,2,1,8,0.25
QQQ3,QQQ,positive,functionality,3,1,8,0.375
QQQ3,QQQ,positive,identity,2,1,8,0.25
QQQ3,QQQ,positive,layout,5,1,8,0.625
QQQ3,QQQ,positive,massing,3,1,8,0.375
QQQ3,QQQ,positive,open space,1,1,8,0.125
QQQ3,QQQ,positive,structure,1,1,8,0.125
QQQ3,QQQ,positive,topography,1,1,8,0.125
QQQ3,QQQ,positive,urban integration,2,1,8,0.25
QQQ4,QQQ,negative,accessibility,1,1,6,0.16666666666666666
QQQ4,QQQ,negative,circulation,2,1,6,0.3333333333333333
QQQ4,QQQ,negative,daylight,1,1,6,0.16666666666666666
QQQ4,QQQ,negative,expression,1,1,6,0.16666666666666666
QQQ4,QQQ,negative,facade,1,1,6,0.16666666666666666
QQQ4,QQQ,negative,landscape,3,1,6,0.5
QQQ4,QQQ,negative,open space,1,1,6,0.16666666666666666
QQQ4,QQQ,negative,operation,1,1,6,0.16666666666666666
QQQ4,QQQ,negative,safety,1,1,6,0.16666666666666666
QQQ4,QQQ,negative,sustainability,2,1,6,0.3333333333333333
QQQ4,QQQ,negative,topography,1,1,6,0.16666666666666666
QQQ4,QQQ,negative,urban integration,1,1,6,0.16666666666666666
QQQ4,QQQ,positive,circulation,1,1,7,0.14285714285714285
QQQ4,QQQ,positive,expression,1,1,7,0.14285714285714285
QQQ4,QQQ,positive,flexibility,1,1,7,0.14285714285714285
QQQ4,QQQ,positive,functionality,1,1,7,0.14285714285714285
QQQ4,QQQ,positive,identity,2,1,7,0.2857142857142857
QQQ4,QQQ,positive,layout,3,1,7,0.42857142857142855
QQQ4,QQQ,positive,massing,1,1,7,0.14285714285714285
QQQ4,QQQ,positive,open space,1,1,7,0.14285714285714285
QQQ4,QQQ,positive,proportion,1,1,7,0.14285714285714285
QQQ4,QQQ,positive,structure,3,1,7,0.42857142857142855
QQQ4,QQQ,positive,sustainability,1,1,7,0.14285714285714285
QQQ4,QQQ,positive,topography,1,1,7,0.14285714285714285
QQQ4,QQQ,positive,urban integration,1,1,7,0.14285714285714285
QQQ5,QQQ,negative,accessibility,2,1,7,0.2857142857142857
QQQ5,QQQ,negative,circulation,2,1,7,0.2857142857142857
QQQ5,QQQ,negative,expression,3,1,7,0.42857142857142855
QQQ5,QQQ,negative,functionality,2,1,7,0.2857142857142857
QQQ5,QQQ,negative,identity,1,1,7,0.14285714285714285
QQQ5,QQQ,negative,landscape,1,1,7,0.14285714285714285
QQQ5,QQQ,negative,massing,3,1,7,0.42857142857142855
QQQ5,QQQ,negative,open space,3,1,7,0.42857142857142855
QQQ5,QQQ,negative,structure,1,1,7,0.14285714285714285
QQQ5,QQQ,negative,sustainability,1,1,7,0.14285714285714285
QQQ5,QQQ,negative,urban integration,2,1,7,0.2857142857142857
QQQ5,QQQ,positive,accessibility,1,1,7,0.14285714285714285
QQQ5,QQQ,positive,circulation,2,1,7,0.2857142857142857
QQQ5,QQQ,positive,cost,1,1,7,0.14285714285714285
QQQ5,QQQ,positive,daylight,1,1,7,0.14285714285714285
QQQ5,QQQ,positive,functionality,1,1,7,0.14285714285714285
QQQ5,QQQ,positive,identity,1,1,7,0.14285714285714285
QQQ5,QQQ,positive,landscape,1,1,7,0.14285714285714285
QQQ5,QQQ,positive,layout,4,1,7,0.5714285714285714
QQQ5,QQQ,positive,massing,1,1,7,0.14285714285714285
QQQ5,QQQ,positive,open space,1,1,7,0.14285714285714285
QQQ5,QQQ,positive,operation,1,1,7,0.14285714285714285
QQQ5,QQQ,positive,proportion,1,1,7,0.14285714285714285
QQQ5,QQQ,positive,sustainability,1,1,7,0.14285714285714285
QQQ5,QQQ,positive,topography,2,1,7,0.2857142857142857
QQQ5,QQQ,positive,urban integration,2,1,7,0.2857142857142857
QQQ6,QQQ,negative,accessibility,1,1,7,0.14285714285714285
QQQ6,QQQ,negative,circulation,4,1,7,0.5714285714285714
QQQ6,QQQ,negative,expression,3,1,7,0.42857142857142855
QQQ6,QQQ,negative,flexibility,1,1,7,0.14285714285714285
QQQ6,QQQ,negative,functionality,2,1,7,0.2857142857142857
QQQ6,QQQ,negative,identity,1,1,7,0.14285714285714285
QQQ6,QQQ,negative,landscape,1,1,7,0.14285714285714285
QQQ6,QQQ,negative,layout,1,1,7,0.14285714285714285
QQQ6,QQQ,negative,massing,1,1,7,0.14285714285714285
QQQ6,QQQ,negative,open space,2,1,7,0.2857142857142857
QQQ6,QQQ,negative,scale,1,1,7,0.14285714285714285
QQQ6,QQQ,negative,urban integration,1,1,7,0.14285714285714285
QQQ6,QQQ,negative,visibility,1,1,7,0.14285714285714285
QQQ6,QQQ,positive,circulation,2,1,7,0.2857142857142857
QQQ6,QQQ,positive,expression,1,1,7,0.14285714285714285
QQQ6,QQQ,positive,facade,1,1,7,0.14285714285714285
QQQ6,QQQ,positive,functionality,3,1,7,0.42857142857142855
QQQ6,QQQ,positive,identity,1,1,7,0.14285714285714285
QQQ6,QQQ,positive,landscape,1,1,7,0.14285714285714285
QQQ6,QQQ,positive,layout,2,1,7,0.2857142857142857
QQQ6,QQQ,positive,massing,3,1,7,0.42857142857142855
QQQ6,QQQ,positive,open space,2,1,7,0.2857142857142857
QQQ6,QQQ,positive,topography,2,1,7,0.2857142857142857
QQQ6,QQQ,positive,urban integration,2,1,7,0.2857142857142857
QQQQ1,QQQQ,negative,accessibility,1,1,7,0.14285714285714285
QQQQ1,QQQQ,negative,circulation,1,1,7,0.14285714285714285
QQQQ1,QQQQ,negative,cost,2,1,7,0.2857142857142857
QQQQ1,QQQQ,negative,flexibility,1,1,7,0.14285714285714285
QQQQ1,QQQQ,negative,functionality,3,1,7,0.42857142857142855
QQQQ1,QQQQ,negative,massing,2,1,7,0.2857142857142857
QQQQ1,QQQQ,negative,operation,1,1,7,0.14285714285714285
QQQQ1,QQQQ,negative,structure,1,1,7,0.14285714285714285
QQQQ1,QQQQ,negative,sustainability,1,1,7,0.14285714285714285
QQQQ1,QQQQ,negative,urban integration,1,1,7,0.14285714285714285
QQQQ1,QQQQ,negative,visibility,2,1,7,0.2857142857142857
QQQQ1,QQQQ,positive,circulation,2,1,7,0.2857142857142857
QQQQ1,QQQQ,positive,daylight,1,1,7,0.14285714285714285
QQQQ1,QQQQ,positive,expression,1,1,7,0.14285714285714285
QQQQ1,QQQQ,positive,functionality,1,1,7,0.14285714285714285
QQQQ1,QQQQ,positive,identity,1,1,7,0.14285714285714285
QQQQ1,QQQQ,positive,landscape,1,1,7,0.14285714285714285
QQQQ1,QQQQ,positive,layout,3,1,7,0.42857142857142855
QQQQ1,QQQQ,positive,massing,1,1,7,0.14285714285714285
QQQQ1,QQQQ,positive,open space,2,1,7,0.2857142857142857
QQQQ1,QQQQ,positive,operation,2,1,7,0.2857142857142857
QQQQ1,QQQQ,positive,proportion,1,1,7,0.14285714285714285
QQQQ1,QQQQ,positive,safety,2,1,7,0.2857142857142857
QQQQ1,QQQQ,positive,urban integration,1,1,7,0.14285714285714285
QQQQ1,QQQQ,positive,visibility,1,1,7,0.14285714285714285
QQQQ2,QQQQ,negative,circulation,2,1,6,0.3333333333333333
QQQQ2,QQQQ,negative,daylight,1,1,6,0.16666666666666666
QQQQ2,QQQQ,negative,expression,1,1,6,0.16666666666666666
QQQQ2,QQQQ,negative,functionality,2,1,6,0.3333333333333333
QQQQ2,QQQQ,negative,layout,3,1,6,0.5
QQQQ2,QQQQ,negative,massing,1,1,6,0.16666666666666666
QQQQ2,QQQQ,negative,operation,1,1,6,0.16666666666666666
QQQQ2,QQQQ,negative,privacy,1,1,6,0.16666666666666666
QQQQ2,QQQQ,negative,safety,2,1,6,0.3333333333333333
QQQQ2,QQQQ,negative,structure,1,1,6,0.16666666666666666
QQQQ2,QQQQ,negative,visibility,1,1,6,0.16666666666666666
QQQQ2,QQQQ,positive,accessibility,1,1,7,0.14285714285714285
QQQQ2,QQQQ,positive,circulation,1,1,7,0.14285714285714285
QQQQ2,QQQQ,positive,cost,1,1,7,0.14285714285714285
QQQQ2,QQQQ,positive,expression,2,1,7,0.2857142857142857
QQQQ2,QQQQ,positive,facade,2,1,7,0.2857142857142857
QQQQ2,QQQQ,positive,landscape,1,1,7,0.14285714285714285
QQQQ2,QQQQ,positive,layout,1,1,7,0.14285714285714285
QQQQ2,QQQQ,positive,massing,2,1,7,0.2857142857142857
QQQQ2,QQQQ,positive,operation,1,1,7,0.14285714285714285
QQQQ2,QQQQ,positive,privacy,1,1,7,0.14285714285714285
QQQQ2,QQQQ,positive,scale,2,1,7,0.2857142857142857
QQQQ2,QQQQ,positive,urban integration,4,1,7,0.5714285714285714
QQQQ3,QQQQ,negative,cost,1,1,5,0.2
QQQQ3,QQQQ,negative,facade,1,1,5,0.2
QQQQ3,QQQQ,negative,functionality,1,1,5,0.2
QQQQ3,QQQQ,negative,layout,2,1,5,0.4
QQQQ3,QQQQ,negative,operation,1,1,5,0.2
QQQQ3,QQQQ,negative,safety,2,1,5,0.4
QQQQ3,QQQQ,negative,structure,1,1,5,0.2
QQQQ3,QQQQ,negative,visibility,1,1,5,0.2
QQQQ3,QQQQ,positive,expression,3,1,5,0.6
QQQQ3,QQQQ,positive,identity,2,1,5,0.4
QQQQ3,QQQQ,positive,landscape,2,1,5,0.4
QQQQ3,QQQQ,positive,layout,2,1,5,0.4
QQQQ3,QQQQ,positive,open space,1,1,5,0.2
QQQQ3,QQQQ,positive,operation,1,1,5,0.2
QQQQ3,QQQQ,positive,privacy,1,1,5,0.2
QQQQ3,QQQQ,positive,safety,1,1,5,0.2
QQQQ3,QQQQ,positive,urban integration,1,1,5,0.2
QQQQ4,QQQQ,negative,accessibility,1,1,8,0.125
QQQQ4,QQQQ,negative,circulation,2,1,8,0.25
QQQQ4,QQQQ,negative,expression,2,1,8,0.25
QQQQ4,QQQQ,negative,facade,2,1,8,0.25
QQQQ4,QQQQ,negative,landscape,1,1,8,0.125
QQQQ4,QQQQ,negative,layout,1,1,8,0.125
QQQQ4,QQQQ,negative,massing,1,1,8,0.125
QQQQ4,QQQQ,negative,open space,2,1,8,0.25
QQQQ4,QQQQ,negative,proportion,1,1,8,0.125
QQQQ4,QQQQ,negative,scale,2,1,8,0.25
QQQQ4,QQQQ,negative,urban integration,1,1,8,0.125
QQQQ4,QQQQ,negative,visibility,1,1,8,0.125
QQQQ4,QQQQ,positive,accessibility,1,1,7,0.14285714285714285
QQQQ4,QQQQ,positive,circulation,2,1,7,0.2857142857142857
QQQQ4,QQQQ,positive,cost,1,1,7,0.14285714285714285
QQQQ4,QQQQ,positive,daylight,2,1,7,0.2857142857142857
QQQQ4,QQQQ,positive,expression,1,1,7,0.14285714285714285
QQQQ4,QQQQ,positive,flexibility,1,1,7,0.14285714285714285
QQQQ4,QQQQ,positive,functionality,2,1,7,0.2857142857142857
QQQQ4,QQQQ,positive,layout,2,1,7,0.2857142857142857
QQQQ4,QQQQ,positive,open space,1,1,7,0.14285714285714285
QQQQ4,QQQQ,positive,operation,1,1,7,0.14285714285714285
QQQQ4,QQQQ,positive,safety,1,1,7,0.14285714285714285
QQQQ4,QQQQ,positive,structure,1,1,7,0.14285714285714285
QQQQ4,QQQQ,positive,sustainability,1,1,7,0.14285714285714285
QQQQ5,QQQQ,negative,circulation,1,1,5,0.2
QQQQ5,QQQQ,negative,daylight,1,1,5,0.2
QQQQ5,QQQQ,negative,expression,2,1,5,0.4
QQQQ5,QQQQ,negative,facade,3,1,5,0.6
QQQQ5,QQQQ,negative,layout,1,1,5,0.2
QQQQ5,QQQQ,negative,massing,1,1,5,0.2
QQQQ5,QQQQ,negative,operation,1,1,5,0.2
QQQQ5,QQQQ,negative,urban integration,2,1,5,0.4
QQQQ5,QQQQ,positive,circulation,1,1,6,0.16666666666666666
QQQQ5,QQQQ,positive,daylight,1,1,6,0.16666666666666666
QQQQ5,QQQQ,positive,expression,1,1,6,0.16666666666666666
QQQQ5,QQQQ,positive,facade,1,1,6,0.16666666666666666
QQQQ5,QQQQ,positive,flexibility,1,1,6,0.16666666666666666
QQQQ5,QQQQ,positive,functionality,2,1,6,0.3333333333333333
QQQQ5,QQQQ,positive,layout,3,1,6,0.5
QQQQ5,QQQQ,positive,open space,1,1,6,0.16666666666666666
QQQQ5,QQQQ,positive,privacy,1,1,6,0.16666666666666666
QQQQ5,QQQQ,positive,proportion,1,1,6,0.16666666666666666
QQQQ5,QQQQ,positive,sustainability,1,1,6,0.16666666666666666
QQQQ5,QQQQ,positive,visibility,1,1,6,0.16666666666666666
QQQQ6,QQQQ,negative,cost,1,1,5,0.2
QQQQ6,QQQQ,negative,daylight,1,1,5,0.2
QQQQ6,QQQQ,negative,expression,2,1,5,0.4
QQQQ6,QQQQ,negative,facade,2,1,5,0.4
QQQQ6,QQQQ,negative,layout,1,1,5,0.2
QQQQ6,QQQQ,negative,open space,2,1,5,0.4
QQQQ6,QQQQ,negative,operation,1,1,5,0.2
QQQQ6,QQQQ,negative,urban integration,1,1,5,0.2
QQQQ6,QQQQ,negative,visibility,2,1,5,0.4
QQQQ6,QQQQ,positive,accessibility,1,1,6,0.16666666666666666
QQQQ6,QQQQ,positive,circulation,2,1,6,0.3333333333333333
QQQQ6,QQQQ,positive,functionality,1,1,6,0.16666666666666666
QQQQ6,QQQQ,positive,landscape,1,1,6,0.16666666666666666
QQQQ6,QQQQ,positive,layout,1,1,6,0.16666666666666666
QQQQ6,QQQQ,positive,open space,2,1,6,0.3333333333333333
QQQQ6,QQQQ,positive,operation,1,1,6,0.16666666666666666
QQQQ6,QQQQ,positive,privacy,1,1,6,0.16666666666666666
QQQQ6,QQQQ,positive,urban integration,1,1,6,0.16666666666666666
QQQQ6,QQQQ,positive,visibility,1,1,6,0.16666666666666666
R1,R,negative,circulation,1,1,5,0.2
R1,R,negative,fire safety,1,1,5,0.2
R1,R,negative,identity,1,1,5,0.2
R1,R,negative,landscape,2,1,5,0.4
R1,R,negative,open space,1,1,5,0.2
R1,R,negative,safety,1,1,5,0.2
R1,R,negative,sustainability,1,1,5,0.2
R1,R,negative,urban integration,2,1,5,0.4
R1,R,positive,acoustics,1,1,8,0.125
R1,R,positive,circulation,1,1,8,0.125
R1,R,positive,cost,1,1,8,0.125
R1,R,positive,daylight,1,1,8,0.125
R1,R,positive,expression,1,1,8,0.125
R1,R,positive,flexibility,1,1,8,0.125
R1,R,positive,functionality,1,1,8,0.125
R1,R,positive,identity,1,1,8,0.125
R1,R,positive,layout,3,1,8,0.375
R1,R,positive,massing,1,1,8,0.125
R1,R,positive,open space,1,1,8,0.125
R1,R,positive,proportion,1,1,8,0.125
R1,R,positive,structure,1,1,8,0.125
R1,R,positive,sustainability,1,1,8,0.125
R1,R,positive,topography,1,1,8,0.125
R1,R,positive,urban integration,1,1,8,0.125
R2,R,negative,accessibility,1,1,8,0.125
R2,R,negative,circulation,5,1,8,0.625
R2,R,negative,expression,1,1,8,0.125
R2,R,negative,facade,1,1,8,0.125
R2,R,negative,fire safety,1,1,8,0.125
R2,R,negative,landscape,1,1,8,0.125
R2,R,negative,open space,1,1,8,0.125
R2,R,negative,operation,1,1,8,0.125
R2,R,negative,topography,1,1,8,0.125
R2,R,negative,urban integration,3,1,8,0.375
R2,R,positive,circulation,2,1,7,0.2857142857142857
R2,R,positive,cost,1,1,7,0.14285714285714285
R2,R,positive,daylight,1,1,7,0.14285714285714285
R2,R,positive,expression,1,1,7,0.14285714285714285
R2,R,positive,flexibility,2,1,7,0.2857142857142857
R2,R,positive,identity,1,1,7,0.14285714285714285
R2,R,positive,layout,1,1,7,0.14285714285714285
R2,R,positive,massing,1,1,7,0.14285714285714285
R2,R,positive,operation,1,1,7,0.14285714285714285
R2,R,positive,structure,1,1,7,0.14285714285714285
R2,R,positive,sustainability,1,1,7,0.14285714285714285
R2,R,positive,topography,2,1,7,0.2857142857142857
R2,R,positive,urban integration,1,1,7,0.14285714285714285
R2,R,positive,visibility,1,1,7,0.14285714285714285
R3,R,negative,circulation,1,1,9,0.1111111111111111
R3,R,negative,expression,1,1,9,0.1111111111111111
R3,R,negative,facade,1,1,9,0.1111111111111111
R3,R,negative,functionality,2,1,9,0.2222222222222222
R3,R,negative,identity,1,1,9,0.1111111111111111
R3,R,negative,landscape,2,1,9,0.2222222222222222
R3,R,negative,layout,2,1,9,0.2222222222222222
R3,R,negative,open space,3,1,9,0.3333333333333333
R3,R,negative,operation,1,1,9,0.1111111111111111
R3,R,negative,scale,1,1,9,0.1111111111111111
R3,R,negative,sustainability,1,1,9,0.1111111111111111
R3,R,negative,urban integration,2,1,9,0.2222222222222222
R3,R,positive,circulation,1,1,9,0.1111111111111111
R3,R,positive,daylight,1,1,9,0.1111111111111111
R3,R,positive,expression,3,1,9,0.3333333333333333
R3,R,positive,facade,1,1,9,0.1111111111111111
R3,R,positive,functionality,2,1,9,0.2222222222222222
R3,R,positive,identity,2,1,9,0.2222222222222222
R3,R,positive,landscape,1,1,9,0.1111111111111111
R3,R,positive,layout,2,1,9,0.2222222222222222
R3,R,positive,massing,1,1,9,0.1111111111111111
R3,R,positive,open space,1,1,9,0.1111111111111111
R3,R,positive,proportion,1,1,9,0.1111111111111111
R3,R,positive,scale,1,1,9,0.1111111111111111
R3,R,positive,structure,1,1,9,0.1111111111111111
R3,R,positive,sustainability,1,1,9,0.1111111111111111
R3,R,positive,topography,1,1,9,0.1111111111111111
R3,R,positive,urban integration,2,1,9,0.2222222222222222
R4,R,negative,circulation,1,1,8,0.125
R4,R,negative,daylight,1,1,8,0.125
R4,R,negative,expression,2,1,8,0.25
R4,R,negative,facade,1,1,8,0.125
R4,R,negative,fire safety,1,1,8,0.125
R4,R,negative,flexibility,1,1,8,0.125
R4,R,negative,functionality,2,1,8,0.25
R4,R,negative,identity,1,1,8,0.125
R4,R,negative,landscape,1,1,8,0.125
R4,R,negative,layout,1,1,8,0.125
R4,R,negative,open space,2,1,8,0.25
R4,R,negative,operation,1,1,8,0.125
R4,R,negative,structure,1,1,8,0.125
R4,R,negative,sustainability,2,1,8,0.25
R4,R,negative,urban integration,1,1,8,0.125
R4,R,positive,circulation,1,1,7,0.14285714285714285
R4,R,positive,identity,1,1,7,0.14285714285714285
R4,R,positive,layout,3,1,7,0.42857142857142855
R4,R,positive,massing,2,1,7,0.2857142857142857
R4,R,positive,open space,2,1,7,0.2857142857142857
R4,R,positive,proportion,1,1,7,0.14285714285714285
R4,R,positive,topography,1,1,7,0.14285714285714285
R4,R,positive,urban integration,3,1,7,0.42857142857142855
R4,R,positive,visibility,1,1,7,0.14285714285714285
R5,R,negative,circulation,1,1,9,0.1111111111111111
R5,R,negative,cost,3,1,9,0.3333333333333333
R5,R,negative,daylight,1,1,9,0.1111111111111111
R5,R,negative,expression,1,1,9,0.1111111111111111
R5,R,negative,flexibility,1,1,9,0.1111111111111111
R5,R,negative,functionality,1,1,9,0.1111111111111111
R5,R,negative,landscape,2,1,9,0.2222222222222222
R5,R,negative,operation,2,1,9,0.2222222222222222
R5,R,negative,scale,1,1,9,0.1111111111111111
R5,R,negative,sustainability,1,1,9,0.1111111111111111
R5,R,negative,topography,1,1,9,0.1111111111111111
R5,R,negative,urban integration,1,1,9,0.1111111111111111
R5,R,negative,visibility,1,1,9,0.1111111111111111
R5,R,positive,circulation,1,1,7,0.14285714285714285
R5,R,positive,daylight,1,1,7,0.14285714285714285
R5,R,positive,layout,1,1,7,0.14285714285714285
R5,R,positive,massing,2,1,7,0.2857142857142857
R5,R,positive,open space,1,1,7,0.14285714285714285
R5,R,positive,scale,1,1,7,0.14285714285714285
R5,R,positive,sustainability,1,1,7,0.14285714285714285
R5,R,positive,topography,2,1,7,0.2857142857142857
R5,R,positive,urban integration,3,1,7,0.42857142857142855
R6,R,negative,circulation,2,1,9,0.2222222222222222
R6,R,negative,expression,2,1,9,0.2222222222222222
R6,R,negative,facade,1,1,9,0.1111111111111111
R6,R,negative,functionality,1,1,9,0.1111111111111111
R6,R,negative,landscape,1,1,9,0.1111111111111111
R6,R,negative,layout,1,1,9,0.1111111111111111
R6,R,negative,massing,2,1,9,0.2222222222222222
R6,R,negative,open space,2,1,9,0.2222222222222222
R6,R,negative,operation,1,1,9,0.1111111111111111
R6,R,negative,structure,1,1,9,0.1111111111111111
R6,R,negative,urban integration,3,1,9,0.3333333333333333
R6,R,positive,circulation,1,1,6,0.16666666666666666
R6,R,positive,daylight,2,1,6,0.3333333333333333
R6,R,positive,functionality,1,1,6,0.16666666666666666
R6,R,positive,identity,1,1,6,0.16666666666666666
R6,R,positive,landscape,1,1,6,0.16666666666666666
R6,R,positive,massing,1,1,6,0.16666666666666666
R6,R,positive,open space,2,1,6,0.3333333333333333
R6,R,positive,operation,1,1,6,0.16666666666666666
R6,R,positive,topography,1,1,6,0.16666666666666666
R6,R,positive,urban integration,1,1,6,0.16666666666666666
R6,R,positive,visibility,1,1,6,0.16666666666666666
RR1,RR,negative,daylight,1,1,1,1.0
RR1,RR,negative,sustainability,1,1,1,1.0
RR1,RR,negative,ventilation,1,1,1,1.0
RR1,RR,positive,accessibility,1,1,7,0.14285714285714285
RR1,RR,positive,circulation,1,1,7,0.14285714285714285
RR1,RR,positive,daylight,2,1,7,0.2857142857142857
RR1,RR,positive,facade,1,1,7,0.14285714285714285
RR1,RR,positive,flexibility,2,1,7,0.2857142857142857
RR1,RR,positive,functionality,2,1,7,0.2857142857142857
RR1,RR,positive,layout,3,1,7,0.42857142857142855
RR1,RR,positive,massing,2,1,7,0.2857142857142857
RR1,RR,positive,open space,1,1,7,0.14285714285714285
RR1,RR,positive,operation,1,1,7,0.14285714285714285
RR1,RR,positive,sustainability,1,1,7,0.14285714285714285
RR1,RR,positive,urban integration,2,1,7,0.2857142857142857
RR1,RR,positive,visibility,1,1,7,0.14285714285714285
RR2,RR,negative,circulation,1,1,6,0.16666666666666666
RR2,RR,negative,expression,1,1,6,0.16666666666666666
RR2,RR,negative,facade,1,1,6,0.16666666666666666
RR2,RR,negative,functionality,2,1,6,0.3333333333333333
RR2,RR,negative,layout,1,1,6,0.16666666666666666
RR2,RR,negative,massing,2,1,6,0.3333333333333333
RR2,RR,negative,proportion,2,1,6,0.3333333333333333
RR2,RR,negative,safety,1,1,6,0.16666666666666666
RR2,RR,negative,sustainability,1,1,6,0.16666666666666666
RR2,RR,negative,urban integration,3,1,6,0.5
RR2,RR,positive,cost,1,1,6,0.16666666666666666
RR2,RR,positive,expression,1,1,6,0.16666666666666666
RR2,RR,positive,flexibility,1,1,6,0.16666666666666666
RR2,RR,positive,functionality,2,1,6,0.3333333333333333
RR2,RR,positive,identity,1,1,6,0.16666666666666666
RR2,RR,positive,layout,4,1,6,0.6666666666666666
RR2,RR,positive,massing,2,1,6,0.3333333333333333
RR2,RR,positive,structure,1,1,6,0.16666666666666666
RR2,RR,positive,urban integration,1,1,6,0.16666666666666666
RR2,RR,positive,visibility,1,1,6,0.16666666666666666
RR3,RR,negative,accessibility,1,1,6,0.16666666666666666
RR3,RR,negative,circulation,2,1,6,0.3333333333333333
RR3,RR,negative,daylight,1,1,6,0.16666666666666666
RR3,RR,negative,facade,1,1,6,0.16666666666666666
RR3,RR,negative,fire safety,1,1,6,0.16666666666666666
RR3,RR,negative,functionality,2,1,6,0.3333333333333333
RR3,RR,negative,layout,1,1,6,0.16666666666666666
RR3,RR,negative,safety,1,1,6,0.16666666666666666
RR3,RR,negative,structure,1,1,6,0.16666666666666666
RR3,RR,negative,sustainability,1,1,6,0.16666666666666666
RR3,RR,positive,circulation,1,1,6,0.16666666666666666
RR3,RR,positive,daylight,1,1,6,0.16666666666666666
RR3,RR,positive,expression,2,1,6,0.3333333333333333
RR3,RR,positive,facade,1,1,6,0.16666666666666666
RR3,RR,positive,functionality,1,1,6,0.16666666666666666
RR3,RR,positive,layout,2,1,6,0.3333333333333333
RR3,RR,positive,massing,2,1,6,0.3333333333333333
RR3,RR,positive,open space,1,1,6,0.16666666666666666
RR3,RR,positive,proportion,2,1,6,0.3333333333333333
RR3,RR,positive,sustainability,1,1,6,0.16666666666666666
RR3,RR,positive,urban integration,3,1,6,0.5
RR4,RR,negative,circulation,2,1,7,0.2857142857142857
RR4,RR,negative,cost,1,1,7,0.14285714285714285
RR4,RR,negative,functionality,3,1,7,0.42857142857142855
RR4,RR,negative,landscape,1,1,7,0.14285714285714285
RR4,RR,negative,layout,2,1,7,0.2857142857142857
RR4,RR,negative,massing,2,1,7,0.2857142857142857
RR4,RR,negative,operation,2,1,7,0.2857142857142857
RR4,RR,negative,proportion,2,1,7,0.2857142857142857
RR4,RR,negative,structure,1,1,7,0.14285714285714285
RR4,RR,negative,sustainability,1,1,7,0.14285714285714285
RR4,RR,negative,urban integration,1,1,7,0.14285714285714285
RR4,RR,positive,circulation,2,1,6,0.3333333333333333
RR4,RR,positive,expression,1,1,6,0.16666666666666666
RR4,RR,positive,layout,2,1,6,0.3333333333333333
RR4,RR,positive,massing,1,1,6,0.16666666666666666
RR4,RR,positive,open space,1,1,6,0.16666666666666666
RR4,RR,positive,structure,1,1,6,0.16666666666666666
RR4,RR,positive,sustainability,1,1,6,0.16666666666666666
RR4,RR,positive,urban integration,2,1,6,0.3333333333333333
RR4,RR,positive,ventilation,1,1,6,0.16666666666666666
RR4,RR,positive,visibility,1,1,6,0.16666666666666666
RR5,RR,negative,circulation,1,1,7,0.14285714285714285
RR5,RR,negative,daylight,1,1,7,0.14285714285714285
RR5,RR,negative,expression,1,1,7,0.14285714285714285
RR5,RR,negative,facade,3,1,7,0.42857142857142855
RR5,RR,negative,fire safety,1,1,7,0.14285714285714285
RR5,RR,negative,functionality,4,1,7,0.5714285714285714
RR5,RR,negative,layout,2,1,7,0.2857142857142857
RR5,RR,negative,open space,1,1,7,0.14285714285714285
RR5,RR,negative,proportion,1,1,7,0.14285714285714285
RR5,RR,negative,safety,1,1,7,0.14285714285714285
RR5,RR,negative,structure,1,1,7,0.14285714285714285
RR5,RR,negative,visibility,1,1,7,0.14285714285714285
RR5,RR,positive,cost,1,1,7,0.14285714285714285
RR5,RR,positive,expression,1,1,7,0.14285714285714285
RR5,RR,positive,flexibility,2,1,7,0.2857142857142857
RR5,RR,positive,functionality,1,1,7,0.14285714285714285
RR5,RR,positive,identity,1,1,7,0.14285714285714285
RR5,RR,positive,layout,1,1,7,0.14285714285714285
RR5,RR,positive,massing,2,1,7,0.2857142857142857
RR5,RR,positive,open space,2,1,7,0.2857142857142857
RR5,RR,positive,operation,1,1,7,0.14285714285714285
RR5,RR,positive,proportion,1,1,7,0.14285714285714285
RR5,RR,positive,structure,2,1,7,0.2857142857142857
RR5,RR,positive,urban integration,1,1,7,0.14285714285714285
RRR1,RRR,negative,expression,1,1,3,0.3333333333333333
RRR1,RRR,negative,landscape,2,1,3,0.6666666666666666
RRR1,RRR,negative,open space,2,1,3,0.6666666666666666
RRR1,RRR,negative,scale,1,1,3,0.3333333333333333
RRR1,RRR,negative,sustainability,1,1,3,0.3333333333333333
RRR1,RRR,negative,topography,1,1,3,0.3333333333333333
RRR1,RRR,positive,expression,2,1,6,0.3333333333333333
RRR1,RRR,positive,facade,1,1,6,0.16666666666666666
RRR1,RRR,positive,functionality,1,1,6,0.16666666666666666
RRR1,RRR,positive,identity,1,1,6,0.16666666666666666
RRR1,RRR,positive,landscape,1,1,6,0.16666666666666666
RRR1,RRR,positive,layout,3,1,6,0.5
RRR1,RRR,positive,massing,1,1,6,0.16666666666666666
RRR1,RRR,positive,open space,2,1,6,0.3333333333333333
RRR1,RRR,positive,operation,1,1,6,0.16666666666666666
RRR1,RRR,positive,topography,1,1,6,0.16666666666666666
RRR1,RRR,positive,urban integration,1,1,6,0.16666666666666666
RRR2,RRR,negative,circulation,2,1,6,0.3333333333333333
RRR2,RRR,negative,expression,1,1,6,0.16666666666666666
RRR2,RRR,negative,functionality,1,1,6,0.16666666666666666
RRR2,RRR,negative,landscape,1,1,6,0.16666666666666666
RRR2,RRR,negative,layout,1,1,6,0.16666666666666666
RRR2,RRR,negative,massing,2,1,6,0.3333333333333333
RRR2,RRR,negative,open space,1,1,6,0.16666666666666666
RRR2,RRR,negative,scale,2,1,6,0.3333333333333333
RRR2,RRR,negative,sustainability,1,1,6,0.16666666666666666
RRR2,RRR,negative,urban integration,2,1,6,0.3333333333333333
RRR2,RRR,negative,visibility,1,1,6,0.16666666666666666
RRR2,RRR,positive,circulation,1,1,6,0.16666666666666666
RRR2,RRR,positive,expression,1,1,6,0.16666666666666666
RRR2,RRR,positive,functionality,1,1,6,0.16666666666666666
RRR2,RRR,positive,landscape,2,1,6,0.3333333333333333
RRR2,RRR,positive,layout,2,1,6,0.3333333333333333
RRR2,RRR,positive,massing,1,1,6,0.16666666666666666
RRR2,RRR,positive,open space,4,1,6,0.6666666666666666
RRR2,RRR,positive,structure,1,1,6,0.16666666666666666
RRR2,RRR,positive,topography,1,1,6,0.16666666666666666
RRR2,RRR,positive,urban integration,1,1,6,0.16666666666666666
RRR3,RRR,negative,circulation,1,1,6,0.16666666666666666
RRR3,RRR,negative,expression,2,1,6,0.3333333333333333
RRR3,RRR,negative,functionality,1,1,6,0.16666666666666666
RRR3,RRR,negative,identity,2,1,6,0.3333333333333333
RRR3,RRR,negative,landscape,2,1,6,0.3333333333333333
RRR3,RRR,negative,layout,1,1,6,0.16666666666666666
RRR3,RRR,negative,open space,2,1,6,0.3333333333333333
RRR3,RRR,negative,proportion,1,1,6,0.16666666666666666
RRR3,RRR,negative,topography,1,1,6,0.16666666666666666
RRR3,RRR,positive,layout,2,1,6,0.3333333333333333
RRR3,RRR,positive,massing,2,1,6,0.3333333333333333
RRR3,RRR,positive,open space,3,1,6,0.5
RRR3,RRR,positive,operation,1,1,6,0.16666666666666666
RRR3,RRR,positive,proportion,2,1,6,0.3333333333333333
RRR3,RRR,positive,scale,1,1,6,0.16666666666666666
RRR3,RRR,positive,urban integration,3,1,6,0.5
RRR3,RRR,positive,visibility,1,1,6,0.16666666666666666
RRR4,RRR,negative,circulation,1,1,8,0.125
RRR4,RRR,negative,expression,2,1,8,0.25
RRR4,RRR,negative,functionality,1,1,8,0.125
RRR4,RRR,negative,landscape,4,1,8,0.5
RRR4,RRR,negative,layout,1,1,8,0.125
RRR4,RRR,negative,massing,2,1,8,0.25
RRR4,RRR,negative,open space,2,1,8,0.25
RRR4,RRR,negative,operation,2,1,8,0.25
RRR4,RRR,negative,urban integration,4,1,8,0.5
RRR4,RRR,positive,circulation,1,1,4,0.25
RRR4,RRR,positive,landscape,3,1,4,0.75
RRR4,RRR,positive,layout,1,1,4,0.25
RRR4,RRR,positive,open space,1,1,4,0.25
RRR4,RRR,positive,sustainability,1,1,4,0.25
RRR4,RRR,positive,topography,1,1,4,0.25
RRR5,RRR,negative,circulation,2,1,7,0.2857142857142857
RRR5,RRR,negative,expression,1,1,7,0.14285714285714285
RRR5,RRR,negative,functionality,2,1,7,0.2857142857142857
RRR5,RRR,negative,landscape,1,1,7,0.14285714285714285
RRR5,RRR,negative,layout,2,1,7,0.2857142857142857
RRR5,RRR,negative,open space,2,1,7,0.2857142857142857
RRR5,RRR,negative,operation,2,1,7,0.2857142857142857
RRR5,RRR,negative,proportion,2,1,7,0.2857142857142857
RRR5,RRR,negative,scale,2,1,7,0.2857142857142857
RRR5,RRR,negative,urban integration,1,1,7,0.14285714285714285
RRR5,RRR,positive,circulation,2,1,7,0.2857142857142857
RRR5,RRR,positive,flexibility,1,1,7,0.14285714285714285
RRR5,RRR,positive,functionality,4,1,7,0.5714285714285714
RRR5,RRR,positive,landscape,1,1,7,0.14285714285714285
RRR5,RRR,positive,layout,5,1,7,0.7142857142857143
RRR5,RRR,positive,massing,1,1,7,0.14285714285714285
RRR5,RRR,positive,open space,2,1,7,0.2857142857142857
RRR5,RRR,positive,proportion,1,1,7,0.14285714285714285
RRR5,RRR,positive,safety,1,1,7,0.14285714285714285
RRR5,RRR,positive,visibility,1,1,7,0.14285714285714285
RRR6,RRR,negative,circulation,1,1,7,0.14285714285714285
RRR6,RRR,negative,expression,1,1,7,0.14285714285714285
RRR6,RRR,negative,facade,1,1,7,0.14285714285714285
RRR6,RRR,negative,functionality,2,1,7,0.2857142857142857
RRR6,RRR,negative,landscape,1,1,7,0.14285714285714285
RRR6,RRR,negative,layout,3,1,7,0.42857142857142855
RRR6,RRR,negative,open space,2,1,7,0.2857142857142857
RRR6,RRR,negative,operation,1,1,7,0.14285714285714285
RRR6,RRR,negative,topography,1,1,7,0.14285714285714285
RRR6,RRR,negative,urban integration,1,1,7,0.14285714285714285
RRR6,RRR,positive,circulation,1,1,5,0.2
RRR6,RRR,positive,expression,1,1,5,0.2
RRR6,RRR,positive,facade,1,1,5,0.2
RRR6,RRR,positive,functionality,1,1,5,0.2
RRR6,RRR,positive,layout,1,1,5,0.2
RRR6,RRR,positive,massing,3,1,5,0.6
RRR6,RRR,positive,open space,1,1,5,0.2
RRR6,RRR,positive,urban integration,1,1,5,0.2
RRR7,RRR,negative,accessibility,1,1,9,0.1111111111111111
RRR7,RRR,negative,circulation,3,1,9,0.3333333333333333
RRR7,RRR,negative,cost,1,1,9,0.1111111111111111
RRR7,RRR,negative,expression,1,1,9,0.1111111111111111
RRR7,RRR,negative,facade,1,1,9,0.1111111111111111
RRR7,RRR,negative,flexibility,1,1,9,0.1111111111111111
RRR7,RRR,negative,functionality,2,1,9,0.2222222222222222
RRR7,RRR,negative,layout,1,1,9,0.1111111111111111
RRR7,RRR,negative,open space,1,1,9,0.1111111111111111
RRR7,RRR,negative,operation,3,1,9,0.3333333333333333
RRR7,RRR,negative,urban integration,1,1,9,0.1111111111111111
RRR7,RRR,negative,visibility,1,1,9,0.1111111111111111
RRR7,RRR,positive,expression,2,1,5,0.4
RRR7,RRR,positive,functionality,3,1,5,0.6
RRR7,RRR,positive,identity,2,1,5,0.4
RRR7,RRR,positive,layout,1,1,5,0.2
RRR7,RRR,positive,open space,1,1,5,0.2
RRR7,RRR,positive,structure,1,1,5,0.2
RRRR1,RRRR,negative,circulation,1,1,3,0.3333333333333333
RRRR1,RRRR,negative,expression,1,1,3,0.3333333333333333
RRRR1,RRRR,negative,landscape,2,1,3,0.6666666666666666
RRRR1,RRRR,negative,open space,1,1,3,0.3333333333333333
RRRR1,RRRR,negative,operation,1,1,3,0.3333333333333333
RRRR1,RRRR,positive,circulation,1,1,10,0.1
RRRR1,RRRR,positive,cost,1,1,10,0.1
RRRR1,RRRR,positive,daylight,1,1,10,0.1
RRRR1,RRRR,positive,expression,1,1,10,0.1
RRRR1,RRRR,positive,facade,1,1,10,0.1
RRRR1,RRRR,positive,flexibility,1,1,10,0.1
RRRR1,RRRR,positive,functionality,1,1,10,0.1
RRRR1,RRRR,positive,identity,1,1,10,0.1
RRRR1,RRRR,positive,layout,1,1,10,0.1
RRRR1,RRRR,positive,massing,3,1,10,0.3
RRRR1,RRRR,positive,open space,4,1,10,0.4
RRRR1,RRRR,positive,sustainability,2,1,10,0.2
RRRR1,RRRR,positive,urban integration,3,1,10,0.3
RRRR1,RRRR,positive,ventilation,1,1,10,0.1
RRRR2,RRRR,negative,circulation,2,1,9,0.2222222222222222
RRRR2,RRRR,negative,expression,1,1,9,0.1111111111111111
RRRR2,RRRR,negative,facade,4,1,9,0.4444444444444444
RRRR2,RRRR,negative,functionality,1,1,9,0.1111111111111111
RRRR2,RRRR,negative,landscape,2,1,9,0.2222222222222222
RRRR2,RRRR,negative,open space,1,1,9,0.1111111111111111
RRRR2,RRRR,negative,structure,2,1,9,0.2222222222222222
RRRR2,RRRR,negative,sustainability,2,1,9,0.2222222222222222
RRRR2,RRRR,negative,urban integration,3,1,9,0.3333333333333333
RRRR2,RRRR,positive,circulation,4,1,9,0.4444444444444444
RRRR2,RRRR,positive,functionality,2,1,9,0.2222222222222222
RRRR2,RRRR,positive,identity,1,1,9,0.1111111111111111
RRRR2,RRRR,positive,landscape,1,1,9,0.1111111111111111
RRRR2,RRRR,positive,layout,3,1,9,0.3333333333333333
RRRR2,RRRR,positive,massing,1,1,9,0.1111111111111111
RRRR2,RRRR,positive,scale,1,1,9,0.1111111111111111
RRRR2,RRRR,positive,sustainability,2,1,9,0.2222222222222222
RRRR2,RRRR,positive,urban integration,3,1,9,0.3333333333333333
RRRR3,RRRR,negative,circulation,2,1,9,0.2222222222222222
RRRR3,RRRR,negative,cost,1,1,9,0.1111111111111111
RRRR3,RRRR,negative,facade,2,1,9,0.2222222222222222
RRRR3,RRRR,negative,flexibility,1,1,9,0.1111111111111111
RRRR3,RRRR,negative,functionality,1,1,9,0.1111111111111111
RRRR3,RRRR,negative,layout,4,1,9,0.4444444444444444
RRRR3,RRRR,negative,massing,1,1,9,0.1111111111111111
RRRR3,RRRR,negative,operation,1,1,9,0.1111111111111111
RRRR3,RRRR,negative,privacy,1,1,9,0.1111111111111111
RRRR3,RRRR,negative,scale,1,1,9,0.1111111111111111
RRRR3,RRRR,negative,sustainability,1,1,9,0.1111111111111111
RRRR3,RRRR,negative,topography,1,1,9,0.1111111111111111
RRRR3,RRRR,negative,visibility,1,1,9,0.1111111111111111
RRRR3,RRRR,positive,circulation,1,1,11,0.09090909090909091
RRRR3,RRRR,positive,expression,1,1,11,0.09090909090909091
RRRR3,RRRR,positive,facade,1,1,11,0.09090909090909091
RRRR3,RRRR,positive,identity,1,1,11,0.09090909090909091
RRRR3,RRRR,positive,landscape,3,1,11,0.2727272727272727
RRRR3,RRRR,positive,layout,2,1,11,0.18181818181818182
RRRR3,RRRR,positive,massing,3,1,11,0.2727272727272727
RRRR3,RRRR,positive,open space,2,1,11,0.18181818181818182
RRRR3,RRRR,positive,privacy,1,1,11,0.09090909090909091
RRRR3,RRRR,positive,structure,1,1,11,0.09090909090909091
RRRR3,RRRR,positive,sustainability,2,1,11,0.18181818181818182
RRRR3,RRRR,positive,urban integration,4,1,11,0.36363636363636365
RRRR4,RRRR,negative,circulation,5,1,16,0.3125
RRRR4,RRRR,negative,cost,2,1,16,0.125
RRRR4,RRRR,negative,daylight,2,1,16,0.125
RRRR4,RRRR,negative,facade,2,1,16,0.125
RRRR4,RRRR,negative,functionality,1,1,16,0.0625
RRRR4,RRRR,negative,landscape,3,1,16,0.1875
RRRR4,RRRR,negative,layout,2,1,16,0.125
RRRR4,RRRR,negative,massing,2,1,16,0.125
RRRR4,RRRR,negative,open space,4,1,16,0.25
RRRR4,RRRR,negative,operation,2,1,16,0.125
RRRR4,RRRR,negative,safety,1,1,16,0.0625
RRRR4,RRRR,negative,scale,1,1,16,0.0625
RRRR4,RRRR,negative,sustainability,2,1,16,0.125
RRRR4,RRRR,negative,topography,2,1,16,0.125
RRRR4,RRRR,negative,urban integration,3,1,16,0.1875
RRRR4,RRRR,positive,accessibility,1,1,13,0.07692307692307693
RRRR4,RRRR,positive,circulation,1,1,13,0.07692307692307693
RRRR4,RRRR,positive,cost,1,1,13,0.07692307692307693
RRRR4,RRRR,positive,expression,2,1,13,0.15384615384615385
RRRR4,RRRR,positive,facade,1,1,13,0.07692307692307693
RRRR4,RRRR,positive,flexibility,2,1,13,0.15384615384615385
RRRR4,RRRR,positive,identity,2,1,13,0.15384615384615385
RRRR4,RRRR,positive,landscape,1,1,13,0.07692307692307693
RRRR4,RRRR,positive,layout,1,1,13,0.07692307692307693
RRRR4,RRRR,positive,massing,2,1,13,0.15384615384615385
RRRR4,RRRR,positive,open space,2,1,13,0.15384615384615385
RRRR4,RRRR,positive,privacy,1,1,13,0.07692307692307693
RRRR4,RRRR,positive,proportion,1,1,13,0.07692307692307693
RRRR4,RRRR,positive,scale,1,1,13,0.07692307692307693
RRRR4,RRRR,positive,structure,2,1,13,0.15384615384615385
RRRR4,RRRR,positive,sustainability,2,1,13,0.15384615384615385
RRRR4,RRRR,positive,urban integration,5,1,13,0.38461538461538464
S1,S,negative,accessibility,1,1,1,1.0
S1,S,negative,layout,1,1,1,1.0
S1,S,positive,accessibility,1,1,7,0.14285714285714285
S1,S,positive,circulation,1,1,7,0.14285714285714285
S1,S,positive,cost,1,1,7,0.14285714285714285
S1,S,positive,flexibility,1,1,7,0.14285714285714285
S1,S,positive,functionality,1,1,7,0.14285714285714285
S1,S,positive,layout,3,1,7,0.42857142857142855
S1,S,positive,massing,2,1,7,0.2857142857142857
S1,S,positive,scale,1,1,7,0.14285714285714285
S1,S,positive,structure,1,1,7,0.14285714285714285
S1,S,positive,sustainability,1,1,7,0.14285714285714285
S1,S,positive,urban integration,1,1,7,0.14285714285714285
S2,S,negative,daylight,2,1,5,0.4
S2,S,negative,expression,1,1,5,0.2
S2,S,negative,functionality,1,1,5,0.2
S2,S,negative,layout,2,1,5,0.4
S2,S,negative,massing,1,1,5,0.2
S2,S,negative,scale,1,1,5,0.2
S2,S,negative,structure,2,1,5,0.4
S2,S,negative,urban integration,1,1,5,0.2
S2,S,positive,expression,1,1,2,0.5
S2,S,positive,functionality,1,1,2,0.5
S2,S,positive,layout,1,1,2,0.5
S2,S,positive,structure,1,1,2,0.5
S3,S,negative,expression,2,1,4,0.5
S3,S,negative,flexibility,1,1,4,0.25
S3,S,negative,functionality,1,1,4,0.25
S3,S,negative,identity,1,1,4,0.25
S3,S,negative,layout,1,1,4,0.25
S3,S,negative,massing,1,1,4,0.25
S3,S,negative,proportion,1,1,4,0.25
S3,S,negative,urban integration,1,1,4,0.25
S3,S,positive,daylight,1,1,4,0.25
S3,S,positive,expression,1,1,4,0.25
S3,S,positive,facade,1,1,4,0.25
S3,S,positive,layout,1,1,4,0.25
S3,S,positive,massing,2,1,4,0.5
S3,S,positive,proportion,1,1,4,0.25
S3,S,positive,topography,1,1,4,0.25
S3,S,positive,urban integration,1,1,4,0.25
SS1,SS,negative,accessibility,1,1,1,1.0
SS1,SS,negative,circulation,1,1,1,1.0
SS1,SS,positive,circulation,3,1,16,0.1875
SS1,SS,positive,daylight,3,1,16,0.1875
SS1,SS,positive,expression,1,1,16,0.0625
SS1,SS,positive,flexibility,3,1,16,0.1875
SS1,SS,positive,functionality,3,1,16,0.1875
SS1,SS,positive,identity,1,1,16,0.0625
SS1,SS,positive,landscape,5,1,16,0.3125
SS1,SS,positive,layout,5,1,16,0.3125
SS1,SS,positive,massing,3,1,16,0.1875
SS1,SS,positive,open space,4,1,16,0.25
SS1,SS,positive,operation,1,1,16,0.0625
SS1,SS,positive,structure,1,1,16,0.0625
SS1,SS,positive,sustainability,3,1,16,0.1875
SS1,SS,positive,topography,1,1,16,0.0625
SS1,SS,positive,urban integration,3,1,16,0.1875
SS2,SS,negative,circulation,1,1,5,0.2
SS2,SS,negative,cost,1,1,5,0.2
SS2,SS,negative,daylight,1,1,5,0.2
SS2,SS,negative,functionality,2,1,5,0.4
SS2,SS,negative,landscape,1,1,5,0.2
SS2,SS,negative,layout,1,1,5,0.2
SS2,SS,negative,massing,2,1,5,0.4
SS2,SS,negative,open space,1,1,5,0.2
SS2,SS,negative,urban integration,1,1,5,0.2
SS2,SS,positive,circulation,1,1,6,0.16666666666666666
SS2,SS,positive,facade,1,1,6,0.16666666666666666
SS2,SS,positive,landscape,1,1,6,0.16666666666666666
SS2,SS,positive,massing,3,1,6,0.5
SS2,SS,positive,open space,3,1,6,0.5
SS2,SS,positive,operation,1,1,6,0.16666666666666666
SS2,SS,positive,phasing,1,1,6,0.16666666666666666
SS2,SS,positive,proportion,1,1,6,0.16666666666666666
SS2,SS,positive,safety,1,1,6,0.16666666666666666
SS2,SS,positive,urban integration,3,1,6,0.5
SS3,SS,negative,functionality,2,1,5,0.4
SS3,SS,negative,landscape,1,1,5,0.2
SS3,SS,negative,layout,2,1,5,0.4
SS3,SS,negative,open space,1,1,5,0.2
SS3,SS,negative,privacy,2,1,5,0.4
SS3,SS,negative,urban integration,3,1,5,0.6
SS3,SS,positive,circulation,2,1,9,0.2222222222222222
SS3,SS,positive,daylight,1,1,9,0.1111111111111111
SS3,SS,positive,expression,1,1,9,0.1111111111111111
SS3,SS,positive,functionality,2,1,9,0.2222222222222222
SS3,SS,positive,landscape,1,1,9,0.1111111111111111
SS3,SS,positive,layout,2,1,9,0.2222222222222222
SS3,SS,positive,open space,2,1,9,0.2222222222222222
SS3,SS,positive,orientation,1,1,9,0.1111111111111111
SS3,SS,positive,proportion,1,1,9,0.1111111111111111
SS3,SS,positive,safety,1,1,9,0.1111111111111111
SS3,SS,positive,scale,2,1,9,0.2222222222222222
SS3,SS,positive,structure,1,1,9,0.1111111111111111
SS3,SS,positive,sustainability,1,1,9,0.1111111111111111
SS3,SS,positive,urban integration,3,1,9,0.3333333333333333
SS3,SS,positive,visibility,2,1,9,0.2222222222222222
SS4,SS,positive,identity,1,1,1,1.0
SS5,SS,negative,circulation,1,1,6,0.16666666666666666
SS5,SS,negative,functionality,3,1,6,0.5
SS5,SS,negative,landscape,1,1,6,0.16666666666666666
SS5,SS,negative,layout,2,1,6,0.3333333333333333
SS5,SS,negative,open space,2,1,6,0.3333333333333333
SS5,SS,negative,operation,1,1,6,0.16666666666666666
SS5,SS,negative,scale,2,1,6,0.3333333333333333
SS5,SS,negative,urban integration,2,1,6,0.3333333333333333
SS5,SS,positive,acoustics,1,1,8,0.125
SS5,SS,positive,expression,1,1,8,0.125
SS5,SS,positive,flexibility,3,1,8,0.375
SS5,SS,positive,functionality,2,1,8,0.25
SS5,SS,positive,landscape,2,1,8,0.25
SS5,SS,positive,massing,3,1,8,0.375
SS5,SS,positive,open space,1,1,8,0.125
SS5,SS,positive,operation,1,1,8,0.125
SS5,SS,positive,orientation,1,1,8,0.125
SS5,SS,positive,structure,1,1,8,0.125
SS5,SS,positive,sustainability,2,1,8,0.25
SS5,SS,positive,urban integration,2,1,8,0.25
SSS1,SSS,negative,accessibility,1,1,9,0.1111111111111111
SSS1,SSS,negative,circulation,3,1,9,0.3333333333333333
SSS1,SSS,negative,daylight,1,1,9,0.1111111111111111
SSS1,SSS,negative,functionality,2,1,9,0.2222222222222222
SSS1,SSS,negative,layout,2,1,9,0.2222222222222222
SSS1,SSS,negative,operation,3,1,9,0.3333333333333333
SSS1,SSS,negative,safety,1,1,9,0.1111111111111111
SSS1,SSS,negative,scale,1,1,9,0.1111111111111111
SSS1,SSS,negative,structure,1,1,9,0.1111111111111111
SSS1,SSS,negative,sustainability,2,1,9,0.2222222222222222
SSS1,SSS,negative,topography,1,1,9,0.1111111111111111
SSS1,SSS,negative,urban integration,1,1,9,0.1111111111111111
SSS1,SSS,positive,circulation,1,1,11,0.09090909090909091
SSS1,SSS,positive,cost,2,1,11,0.18181818181818182
SSS1,SSS,positive,daylight,2,1,11,0.18181818181818182
SSS1,SSS,positive,expression,1,1,11,0.09090909090909091
SSS1,SSS,positive,facade,2,1,11,0.18181818181818182
SSS1,SSS,positive,functionality,1,1,11,0.09090909090909091
SSS1,SSS,positive,landscape,1,1,11,0.09090909090909091
SSS1,SSS,positive,layout,1,1,11,0.09090909090909091
SSS1,SSS,positive,massing,2,1,11,0.18181818181818182
SSS1,SSS,positive,operation,1,1,11,0.09090909090909091
SSS1,SSS,positive,scale,1,1,11,0.09090909090909091
SSS1,SSS,positive,structure,2,1,11,0.18181818181818182
SSS1,SSS,positive,sustainability,1,1,11,0.09090909090909091
SSS1,SSS,positive,urban integration,3,1,11,0.2727272727272727
SSS1,SSS,positive,ventilation,1,1,11,0.09090909090909091
SSS2,SSS,negative,circulation,1,1,8,0.125
SSS2,SSS,negative,cost,1,1,8,0.125
SSS2,SSS,negative,daylight,2,1,8,0.25
SSS2,SSS,negative,expression,1,1,8,0.125
SSS2,SSS,negative,facade,1,1,8,0.125
SSS2,SSS,negative,functionality,2,1,8,0.25
SSS2,SSS,negative,identity,1,1,8,0.125
SSS2,SSS,negative,landscape,2,1,8,0.25
SSS2,SSS,negative,open space,1,1,8,0.125
SSS2,SSS,negative,scale,1,1,8,0.125
SSS2,SSS,negative,structure,1,1,8,0.125
SSS2,SSS,negative,sustainability,2,1,8,0.25
SSS2,SSS,negative,topography,1,1,8,0.125
SSS2,SSS,negative,urban integration,1,1,8,0.125
SSS2,SSS,negative,ventilation,1,1,8,0.125
SSS2,SSS,negative,visibility,1,1,8,0.125
SSS2,SSS,positive,cost,1,1,4,0.25
SSS2,SSS,positive,functionality,1,1,4,0.25
SSS2,SSS,positive,layout,1,1,4,0.25
SSS2,SSS,positive,massing,2,1,4,0.5
SSS2,SSS,positive,open space,1,1,4,0.25
SSS2,SSS,positive,operation,1,1,4,0.25
SSS2,SSS,positive,urban integration,1,1,4,0.25
SSS2,SSS,positive,ventilation,1,1,4,0.25
SSS3,SSS,negative,circulation,2,1,8,0.25
SSS3,SSS,negative,cost,2,1,8,0.25
SSS3,SSS,negative,daylight,1,1,8,0.125
SSS3,SSS,negative,expression,1,1,8,0.125
SSS3,SSS,negative,facade,2,1,8,0.25
SSS3,SSS,negative,functionality,1,1,8,0.125
SSS3,SSS,negative,layout,1,1,8,0.125
SSS3,SSS,negative,massing,1,1,8,0.125
SSS3,SSS,negative,operation,1,1,8,0.125
SSS3,SSS,negative,sustainability,1,1,8,0.125
SSS3,SSS,negative,topography,1,1,8,0.125
SSS3,SSS,negative,urban integration,2,1,8,0.25
SSS3,SSS,negative,ventilation,1,1,8,0.125
SSS3,SSS,negative,visibility,1,1,8,0.125
SSS3,SSS,positive,cost,1,1,5,0.2
SSS3,SSS,positive,facade,1,1,5,0.2
SSS3,SSS,positive,functionality,2,1,5,0.4
SSS3,SSS,positive,landscape,1,1,5,0.2
SSS3,SSS,positive,layout,1,1,5,0.2
SSS3,SSS,positive,massing,1,1,5,0.2
SSS3,SSS,positive,sustainability,1,1,5,0.2
SSS3,SSS,positive,topography,1,1,5,0.2
SSS3,SSS,positive,urban integration,1,1,5,0.2
SSS4,SSS,negative,circulation,3,1,10,0.3
SSS4,SSS,negative,cost,2,1,10,0.2
SSS4,SSS,negative,daylight,1,1,10,0.1
SSS4,SSS,negative,facade,1,1,10,0.1
SSS4,SSS,negative,fire safety,1,1,10,0.1
SSS4,SSS,negative,functionality,2,1,10,0.2
SSS4,SSS,negative,identity,1,1,10,0.1
SSS4,SSS,negative,landscape,2,1,10,0.2
SSS4,SSS,negative,operation,1,1,10,0.1
SSS4,SSS,negative,proportion,1,1,10,0.1
SSS4,SSS,negative,structure,2,1,10,0.2
SSS4,SSS,negative,sustainability,3,1,10,0.3
SSS4,SSS,negative,topography,1,1,10,0.1
SSS4,SSS,negative,urban integration,1,1,10,0.1
SSS4,SSS,negative,ventilation,1,1,10,0.1
SSS4,SSS,positive,expression,1,1,5,0.2
SSS4,SSS,positive,facade,1,1,5,0.2
SSS4,SSS,positive,functionality,2,1,5,0.4
SSS4,SSS,positive,landscape,1,1,5,0.2
SSS4,SSS,positive,layout,1,1,5,0.2
SSS4,SSS,positive,structure,1,1,5,0.2
SSS4,SSS,positive,sustainability,1,1,5,0.2
SSS4,SSS,positive,topography,1,1,5,0.2
SSS4,SSS,positive,visibility,1,1,5,0.2
SSS5,SSS,negative,circulation,3,1,9,0.3333333333333333
SSS5,SSS,negative,daylight,1,1,9,0.1111111111111111
SSS5,SSS,negative,flexibility,1,1,9,0.1111111111111111
SSS5,SSS,negative,functionality,2,1,9,0.2222222222222222
SSS5,SSS,negative,landscape,2,1,9,0.2222222222222222
SSS5,SSS,negative,layout,1,1,9,0.1111111111111111
SSS5,SSS,negative,massing,1,1,9,0.1111111111111111
SSS5,SSS,negative,open space,2,1,9,0.2222222222222222
SSS5,SSS,negative,operation,1,1,9,0.1111111111111111
SSS5,SSS,negative,safety,2,1,9,0.2222222222222222
SSS5,SSS,negative,structure,1,1,9,0.1111111111111111
SSS5,SSS,negative,sustainability,2,1,9,0.2222222222222222
SSS5,SSS,negative,topography,1,1,9,0.1111111111111111
SSS5,SSS,negative,urban integration,1,1,9,0.1111111111111111
SSS5,SSS,positive,cost,1,1,6,0.16666666666666666
SSS5,SSS,positive,expression,2,1,6,0.3333333333333333
SSS5,SSS,positive,facade,1,1,6,0.16666666666666666
SSS5,SSS,positive,layout,1,1,6,0.16666666666666666
SSS5,SSS,positive,massing,1,1,6,0.16666666666666666
SSS5,SSS,positive,proportion,2,1,6,0.3333333333333333
SSS5,SSS,positive,structure,3,1,6,0.5
SSS5,SSS,positive,sustainability,2,1,6,0.3333333333333333
SSSS1,SSSS,negative,circulation,3,1,8,0.375
SSSS1,SSSS,negative,cost,2,1,8,0.25
SSSS1,SSSS,negative,facade,1,1,8,0.125
SSSS1,SSSS,negative,functionality,2,1,8,0.25
SSSS1,SSSS,negative,landscape,3,1,8,0.375
SSSS1,SSSS,negative,massing,1,1,8,0.125
SSSS1,SSSS,negative,operation,1,1,8,0.125
SSSS1,SSSS,negative,structure,1,1,8,0.125
SSSS1,SSSS,negative,sustainability,1,1,8,0.125
SSSS1,SSSS,negative,topography,1,1,8,0.125
SSSS1,SSSS,negative,urban integration,2,1,8,0.25
SSSS1,SSSS,positive,acoustics,1,1,9,0.1111111111111111
SSSS1,SSSS,positive,circulation,2,1,9,0.2222222222222222
SSSS1,SSSS,positive,cost,1,1,9,0.1111111111111111
SSSS1,SSSS,positive,expression,2,1,9,0.2222222222222222
SSSS1,SSSS,positive,identity,1,1,9,0.1111111111111111
SSSS1,SSSS,positive,landscape,3,1,9,0.3333333333333333
SSSS1,SSSS,positive,layout,1,1,9,0.1111111111111111
SSSS1,SSSS,positive,massing,3,1,9,0.3333333333333333
SSSS1,SSSS,positive,proportion,1,1,9,0.1111111111111111
SSSS1,SSSS,positive,structure,1,1,9,0.1111111111111111
SSSS1,SSSS,positive,sustainability,2,1,9,0.2222222222222222
SSSS1,SSSS,positive,topography,1,1,9,0.1111111111111111
SSSS1,SSSS,positive,urban integration,2,1,9,0.2222222222222222
SSSS2,SSSS,negative,accessibility,2,1,10,0.2
SSSS2,SSSS,negative,acoustics,1,1,10,0.1
SSSS2,SSSS,negative,circulation,2,1,10,0.2
SSSS2,SSSS,negative,cost,1,1,10,0.1
SSSS2,SSSS,negative,facade,1,1,10,0.1
SSSS2,SSSS,negative,flexibility,1,1,10,0.1
SSSS2,SSSS,negative,landscape,1,1,10,0.1
SSSS2,SSSS,negative,massing,2,1,10,0.2
SSSS2,SSSS,negative,open space,1,1,10,0.1
SSSS2,SSSS,negative,operation,3,1,10,0.3
SSSS2,SSSS,negative,safety,2,1,10,0.2
SSSS2,SSSS,negative,structure,1,1,10,0.1
SSSS2,SSSS,negative,sustainability,2,1,10,0.2
SSSS2,SSSS,negative,urban integration,2,1,10,0.2
SSSS2,SSSS,positive,circulation,1,1,8,0.125
SSSS2,SSSS,positive,cost,1,1,8,0.125
SSSS2,SSSS,positive,daylight,1,1,8,0.125
SSSS2,SSSS,positive,functionality,2,1,8,0.25
SSSS2,SSSS,positive,identity,1,1,8,0.125
SSSS2,SSSS,positive,landscape,2,1,8,0.25
SSSS2,SSSS,positive,layout,2,1,8,0.25
SSSS2,SSSS,positive,open space,1,1,8,0.125
SSSS2,SSSS,positive,operation,2,1,8,0.25
SSSS2,SSSS,positive,structure,1,1,8,0.125
SSSS2,SSSS,positive,sustainability,4,1,8,0.5
SSSS2,SSSS,positive,topography,1,1,8,0.125
SSSS2,SSSS,positive,urban integration,1,1,8,0.125
SSSS2,SSSS,positive,visibility,1,1,8,0.125
SSSS3,SSSS,negative,circulation,2,1,12,0.16666666666666666
SSSS3,SSSS,negative,cost,1,1,12,0.08333333333333333
SSSS3,SSSS,negative,daylight,2,1,12,0.16666666666666666
SSSS3,SSSS,negative,expression,1,1,12,0.08333333333333333
SSSS3,SSSS,negative,facade,1,1,12,0.08333333333333333
SSSS3,SSSS,negative,flexibility,1,1,12,0.08333333333333333
SSSS3,SSSS,negative,identity,1,1,12,0.08333333333333333
SSSS3,SSSS,negative,landscape,3,1,12,0.25
SSSS3,SSSS,negative,layout,1,1,12,0.08333333333333333
SSSS3,SSSS,negative,massing,2,1,12,0.16666666666666666
SSSS3,SSSS,negative,open space,2,1,12,0.16666666666666666
SSSS3,SSSS,negative,operation,1,1,12,0.08333333333333333
SSSS3,SSSS,negative,proportion,1,1,12,0.08333333333333333
SSSS3,SSSS,negative,scale,1,1,12,0.08333333333333333
SSSS3,SSSS,negative,structure,3,1,12,0.25
SSSS3,SSSS,negative,sustainability,2,1,12,0.16666666666666666
SSSS3,SSSS,negative,topography,1,1,12,0.08333333333333333
SSSS3,SSSS,negative,urban integration,3,1,12,0.25
SSSS3,SSSS,positive,circulation,2,1,9,0.2222222222222222
SSSS3,SSSS,positive,cost,1,1,9,0.1111111111111111
SSSS3,SSSS,positive,expression,2,1,9,0.2222222222222222
SSSS3,SSSS,positive,facade,1,1,9,0.1111111111111111
SSSS3,SSSS,positive,functionality,1,1,9,0.1111111111111111
SSSS3,SSSS,positive,identity,3,1,9,0.3333333333333333
SSSS3,SSSS,positive,layout,2,1,9,0.2222222222222222
SSSS3,SSSS,positive,massing,2,1,9,0.2222222222222222
SSSS3,SSSS,positive,operation,1,1,9,0.1111111111111111
SSSS3,SSSS,positive,structure,1,1,9,0.1111111111111111
SSSS3,SSSS,positive,sustainability,2,1,9,0.2222222222222222
SSSS3,SSSS,positive,topography,1,1,9,0.1111111111111111
SSSS3,SSSS,positive,urban integration,1,1,9,0.1111111111111111
SSSS3,SSSS,positive,visibility,1,1,9,0.1111111111111111
SSSS4,SSSS,negative,accessibility,1,1,10,0.1
SSSS4,SSSS,negative,circulation,2,1,10,0.2
SSSS4,SSSS,negative,cost,1,1,10,0.1
SSSS4,SSSS,negative,daylight,1,1,10,0.1
SSSS4,SSSS,negative,expression,2,1,10,0.2
SSSS4,SSSS,negative,functionality,1,1,10,0.1
SSSS4,SSSS,negative,identity,3,1,10,0.3
SSSS4,SSSS,negative,landscape,4,1,10,0.4
SSSS4,SSSS,negative,layout,2,1,10,0.2
SSSS4,SSSS,negative,massing,3,1,10,0.3
SSSS4,SSSS,negative,operation,1,1,10,0.1
SSSS4,SSSS,negative,structure,1,1,10,0.1
SSSS4,SSSS,negative,sustainability,1,1,10,0.1
SSSS4,SSSS,negative,topography,1,1,10,0.1
SSSS4,SSSS,negative,urban integration,1,1,10,0.1
SSSS4,SSSS,negative,visibility,1,1,10,0.1
SSSS4,SSSS,positive,acoustics,1,1,8,0.125
SSSS4,SSSS,positive,circulation,1,1,8,0.125
SSSS4,SSSS,positive,cost,1,1,8,0.125
SSSS4,SSSS,positive,functionality,2,1,8,0.25
SSSS4,SSSS,positive,identity,1,1,8,0.125
SSSS4,SSSS,positive,landscape,3,1,8,0.375
SSSS4,SSSS,positive,layout,1,1,8,0.125
SSSS4,SSSS,positive,open space,2,1,8,0.25
SSSS4,SSSS,positive,operation,1,1,8,0.125
SSSS4,SSSS,positive,safety,1,1,8,0.125
SSSS4,SSSS,positive,structure,1,1,8,0.125
SSSS4,SSSS,positive,urban integration,1,1,8,0.125
SSSS4,SSSS,positive,visibility,1,1,8,0.125
SSSS5,SSSS,negative,acoustics,1,1,12,0.08333333333333333
SSSS5,SSSS,negative,circulation,4,1,12,0.3333333333333333
SSSS5,SSSS,negative,cost,2,1,12,0.16666666666666666
SSSS5,SSSS,negative,expression,4,1,12,0.3333333333333333
SSSS5,SSSS,negative,facade,1,1,12,0.08333333333333333
SSSS5,SSSS,negative,flexibility,2,1,12,0.16666666666666666
SSSS5,SSSS,negative,functionality,2,1,12,0.16666666666666666
SSSS5,SSSS,negative,layout,1,1,12,0.08333333333333333
SSSS5,SSSS,negative,massing,1,1,12,0.08333333333333333
SSSS5,SSSS,negative,open space,1,1,12,0.08333333333333333
SSSS5,SSSS,negative,operation,4,1,12,0.3333333333333333
SSSS5,SSSS,negative,structure,1,1,12,0.08333333333333333
SSSS5,SSSS,negative,sustainability,4,1,12,0.3333333333333333
SSSS5,SSSS,negative,topography,1,1,12,0.08333333333333333
SSSS5,SSSS,positive,expression,1,1,8,0.125
SSSS5,SSSS,positive,facade,1,1,8,0.125
SSSS5,SSSS,positive,functionality,1,1,8,0.125
SSSS5,SSSS,positive,landscape,3,1,8,0.375
SSSS5,SSSS,positive,layout,2,1,8,0.25
SSSS5,SSSS,positive,massing,4,1,8,0.5
SSSS5,SSSS,positive,open space,2,1,8,0.25
SSSS5,SSSS,positive,operation,1,1,8,0.125
SSSS5,SSSS,positive,proportion,1,1,8,0.125
SSSS5,SSSS,positive,structure,1,1,8,0.125
SSSS5,SSSS,positive,sustainability,2,1,8,0.25
SSSS5,SSSS,positive,urban integration,3,1,8,0.375
SSSS5,SSSS,positive,visibility,1,1,8,0.125
SSSS6,SSSS,negative,accessibility,1,1,11,0.09090909090909091
SSSS6,SSSS,negative,acoustics,1,1,11,0.09090909090909091
SSSS6,SSSS,negative,circulation,2,1,11,0.18181818181818182
SSSS6,SSSS,negative,cost,2,1,11,0.18181818181818182
SSSS6,SSSS,negative,expression,1,1,11,0.09090909090909091
SSSS6,SSSS,negative,flexibility,1,1,11,0.09090909090909091
SSSS6,SSSS,negative,functionality,1,1,11,0.09090909090909091
SSSS6,SSSS,negative,identity,1,1,11,0.09090909090909091
SSSS6,SSSS,negative,landscape,4,1,11,0.36363636363636365
SSSS6,SSSS,negative,layout,2,1,11,0.18181818181818182
SSSS6,SSSS,negative,massing,2,1,11,0.18181818181818182
SSSS6,SSSS,negative,open space,1,1,11,0.09090909090909091
SSSS6,SSSS,negative,operation,3,1,11,0.2727272727272727
SSSS6,SSSS,negative,safety,1,1,11,0.09090909090909091
SSSS6,SSSS,negative,sustainability,3,1,11,0.2727272727272727
SSSS6,SSSS,negative,topography,1,1,11,0.09090909090909091
SSSS6,SSSS,negative,urban integration,1,1,11,0.09090909090909091
SSSS6,SSSS,positive,circulation,3,1,8,0.375
SSSS6,SSSS,positive,expression,2,1,8,0.25
SSSS6,SSSS,positive,functionality,3,1,8,0.375
SSSS6,SSSS,positive,identity,1,1,8,0.125
SSSS6,SSSS,positive,landscape,1,1,8,0.125
SSSS6,SSSS,positive,layout,2,1,8,0.25
SSSS6,SSSS,positive,massing,2,1,8,0.25
SSSS6,SSSS,positive,open space,2,1,8,0.25
SSSS6,SSSS,positive,urban integration,2,1,8,0.25
T1,T,negative,daylight,1,1,3,0.3333333333333333
T1,T,negative,expression,1,1,3,0.3333333333333333
T1,T,negative,facade,1,1,3,0.3333333333333333
T1,T,negative,functionality,2,1,3,0.6666666666666666
T1,T,negative,proportion,1,1,3,0.3333333333333333
T1,T,positive,accessibility,1,1,9,0.1111111111111111
T1,T,positive,circulation,2,1,9,0.2222222222222222
T1,T,positive,expression,2,1,9,0.2222222222222222
T1,T,positive,flexibility,1,1,9,0.1111111111111111
T1,T,positive,functionality,2,1,9,0.2222222222222222
T1,T,positive,identity,1,1,9,0.1111111111111111
T1,T,positive,landscape,3,1,9,0.3333333333333333
T1,T,positive,layout,3,1,9,0.3333333333333333
T1,T,positive,massing,2,1,9,0.2222222222222222
T1,T,positive,open space,1,1,9,0.1111111111111111
T1,T,positive,scale,1,1,9,0.1111111111111111
T1,T,positive,structure,1,1,9,0.1111111111111111
T1,T,positive,sustainability,1,1,9,0.1111111111111111
T1,T,positive,urban integration,3,1,9,0.3333333333333333
T2,T,negative,acoustics,1,1,4,0.25
T2,T,negative,cost,1,1,4,0.25
T2,T,negative,daylight,1,1,4,0.25
T2,T,negative,flexibility,1,1,4,0.25
T2,T,negative,functionality,1,1,4,0.25
T2,T,negative,massing,1,1,4,0.25
T2,T,negative,structure,1,1,4,0.25
T2,T,negative,sustainability,1,1,4,0.25
T2,T,positive,circulation,1,1,9,0.1111111111111111
T2,T,positive,daylight,1,1,9,0.1111111111111111
T2,T,positive,expression,1,1,9,0.1111111111111111
T2,T,positive,facade,1,1,9,0.1111111111111111
T2,T,positive,flexibility,3,1,9,0.3333333333333333
T2,T,positive,functionality,3,1,9,0.3333333333333333
T2,T,positive,landscape,2,1,9,0.2222222222222222
T2,T,positive,layout,3,1,9,0.3333333333333333
T2,T,positive,massing,2,1,9,0.2222222222222222
T2,T,positive,open space,1,1,9,0.1111111111111111
T2,T,positive,operation,1,1,9,0.1111111111111111
T2,T,positive,scale,1,1,9,0.1111111111111111
T2,T,positive,sustainability,1,1,9,0.1111111111111111
T2,T,positive,urban integration,2,1,9,0.2222222222222222
T3,T,negative,accessibility,1,1,10,0.1
T3,T,negative,circulation,3,1,10,0.3
T3,T,negative,daylight,2,1,10,0.2
T3,T,negative,expression,3,1,10,0.3
T3,T,negative,functionality,2,1,10,0.2
T3,T,negative,identity,2,1,10,0.2
T3,T,negative,layout,2,1,10,0.2
T3,T,negative,massing,1,1,10,0.1
T3,T,negative,scale,1,1,10,0.1
T3,T,negative,urban integration,3,1,10,0.3
T3,T,negative,visibility,1,1,10,0.1
T3,T,positive,accessibility,1,1,9,0.1111111111111111
T3,T,positive,circulation,2,1,9,0.2222222222222222
T3,T,positive,daylight,1,1,9,0.1111111111111111
T3,T,positive,expression,1,1,9,0.1111111111111111
T3,T,positive,flexibility,1,1,9,0.1111111111111111
T3,T,positive,functionality,3,1,9,0.3333333333333333
T3,T,positive,identity,1,1,9,0.1111111111111111
T3,T,positive,landscape,2,1,9,0.2222222222222222
T3,T,positive,layout,3,1,9,0.3333333333333333
T3,T,positive,massing,1,1,9,0.1111111111111111
T3,T,positive,open space,2,1,9,0.2222222222222222
T3,T,positive,structure,1,1,9,0.1111111111111111
T3,T,positive,sustainability,1,1,9,0.1111111111111111
T3,T,positive,urban integration,2,1,9,0.2222222222222222
T4,T,negative,accessibility,1,1,8,0.125
T4,T,negative,acoustics,1,1,8,0.125
T4,T,negative,circulation,3,1,8,0.375
T4,T,negative,daylight,1,1,8,0.125
T4,T,negative,expression,1,1,8,0.125
T4,T,negative,fire safety,1,1,8,0.125
T4,T,negative,functionality,3,1,8,0.375
T4,T,negative,identity,2,1,8,0.25
T4,T,negative,layout,3,1,8,0.375
T4,T,negative,urban integration,1,1,8,0.125
T4,T,positive,daylight,1,1,8,0.125
T4,T,positive,expression,1,1,8,0.125
T4,T,positive,facade,1,1,8,0.125
T4,T,positive,flexibility,1,1,8,0.125
T4,T,positive,functionality,2,1,8,0.25
T4,T,positive,identity,1,1,8,0.125
T4,T,positive,landscape,1,1,8,0.125
T4,T,positive,layout,3,1,8,0.375
T4,T,positive,massing,2,1,8,0.25
T4,T,positive,open space,2,1,8,0.25
T4,T,positive,proportion,1,1,8,0.125
T4,T,positive,scale,1,1,8,0.125
T4,T,positive,urban integration,2,1,8,0.25
T5,T,negative,accessibility,1,1,10,0.1
T5,T,negative,circulation,2,1,10,0.2
T5,T,negative,daylight,2,1,10,0.2
T5,T,negative,functionality,3,1,10,0.3
T5,T,negative,identity,1,1,10,0.1
T5,T,negative,landscape,2,1,10,0.2
T5,T,negative,open space,3,1,10,0.3
T5,T,negative,operation,1,1,10,0.1
T5,T,negative,proportion,1,1,10,0.1
T5,T,negative,safety,1,1,10,0.1
T5,T,negative,scale,1,1,10,0.1
T5,T,negative,topography,1,1,10,0.1
T5,T,negative,urban integration,2,1,10,0.2
T5,T,negative,visibility,1,1,10,0.1
T5,T,positive,circulation,1,1,7,0.14285714285714285
T5,T,positive,daylight,1,1,7,0.14285714285714285
T5,T,positive,expression,1,1,7,0.14285714285714285
T5,T,positive,flexibility,1,1,7,0.14285714285714285
T5,T,positive,functionality,1,1,7,0.14285714285714285
T5,T,positive,landscape,1,1,7,0.14285714285714285
T5,T,positive,layout,3,1,7,0.42857142857142855
T5,T,positive,massing,2,1,7,0.2857142857142857
T5,T,positive,open space,1,1,7,0.14285714285714285
T5,T,positive,proportion,1,1,7,0.14285714285714285
T5,T,positive,structure,2,1,7,0.2857142857142857
T5,T,positive,topography,1,1,7,0.14285714285714285
T5,T,positive,urban integration,1,1,7,0.14285714285714285
T6,T,negative,circulation,3,1,7,0.42857142857142855
T6,T,negative,daylight,1,1,7,0.14285714285714285
T6,T,negative,facade,1,1,7,0.14285714285714285
T6,T,negative,fire safety,1,1,7,0.14285714285714285
T6,T,negative,functionality,2,1,7,0.2857142857142857
T6,T,negative,landscape,1,1,7,0.14285714285714285
T6,T,negative,layout,1,1,7,0.14285714285714285
T6,T,negative,open space,2,1,7,0.2857142857142857
T6,T,negative,operation,1,1,7,0.14285714285714285
T6,T,negative,scale,1,1,7,0.14285714285714285
T6,T,negative,structure,1,1,7,0.14285714285714285
T6,T,negative,sustainability,1,1,7,0.14285714285714285
T6,T,negative,urban integration,1,1,7,0.14285714285714285
T6,T,positive,circulation,1,1,4,0.25
T6,T,positive,expression,1,1,4,0.25
T6,T,positive,flexibility,1,1,4,0.25
T6,T,positive,landscape,1,1,4,0.25
T6,T,positive,layout,1,1,4,0.25
T6,T,positive,massing,2,1,4,0.5
T6,T,positive,open space,1,1,4,0.25
T6,T,positive,scale,1,1,4,0.25
T6,T,positive,sustainability,1,1,4,0.25
T6,T,positive,urban integration,2,1,4,0.5
T7,T,negative,circulation,3,1,7,0.42857142857142855
T7,T,negative,cost,1,1,7,0.14285714285714285
T7,T,negative,daylight,1,1,7,0.14285714285714285
T7,T,negative,fire safety,1,1,7,0.14285714285714285
T7,T,negative,functionality,1,1,7,0.14285714285714285
T7,T,negative,landscape,1,1,7,0.14285714285714285
T7,T,negative,layout,3,1,7,0.42857142857142855
T7,T,negative,open space,2,1,7,0.2857142857142857
T7,T,negative,operation,1,1,7,0.14285714285714285
T7,T,negative,proportion,2,1,7,0.2857142857142857
T7,T,negative,structure,1,1,7,0.14285714285714285
T7,T,negative,topography,2,1,7,0.2857142857142857
T7,T,positive,circulation,1,1,5,0.2
T7,T,positive,daylight,1,1,5,0.2
T7,T,positive,expression,1,1,5,0.2
T7,T,positive,facade,1,1,5,0.2
T7,T,positive,flexibility,1,1,5,0.2
T7,T,positive,identity,1,1,5,0.2
T7,T,positive,layout,2,1,5,0.4
T7,T,positive,massing,2,1,5,0.4
T7,T,positive,open space,1,1,5,0.2
T7,T,positive,proportion,1,1,5,0.2
T7,T,positive,urban integration,1,1,5,0.2
T7,T,positive,visibility,1,1,5,0.2
TT1,TT,negative,accessibility,1,1,8,0.125
TT1,TT,negative,daylight,1,1,8,0.125
TT1,TT,negative,expression,3,1,8,0.375
TT1,TT,negative,facade,2,1,8,0.25
TT1,TT,negative,functionality,2,1,8,0.25
TT1,TT,negative,layout,1,1,8,0.125
TT1,TT,negative,massing,2,1,8,0.25
TT1,TT,negative,open space,1,1,8,0.125
TT1,TT,negative,operation,1,1,8,0.125
TT1,TT,negative,proportion,1,1,8,0.125
TT1,TT,negative,structure,2,1,8,0.25
TT1,TT,negative,sustainability,1,1,8,0.125
TT1,TT,negative,topography,1,1,8,0.125
TT1,TT,negative,urban integration,1,1,8,0.125
TT1,TT,positive,circulation,2,1,6,0.3333333333333333
TT1,TT,positive,expression,1,1,6,0.16666666666666666
TT1,TT,positive,flexibility,1,1,6,0.16666666666666666
TT1,TT,positive,functionality,1,1,6,0.16666666666666666
TT1,TT,positive,identity,2,1,6,0.3333333333333333
TT1,TT,positive,landscape,1,1,6,0.16666666666666666
TT1,TT,positive,layout,3,1,6,0.5
TT1,TT,positive,massing,1,1,6,0.16666666666666666
TT1,TT,positive,open space,1,1,6,0.16666666666666666
TT1,TT,positive,proportion,1,1,6,0.16666666666666666
TT1,TT,positive,scale,1,1,6,0.16666666666666666
TT1,TT,positive,urban integration,2,1,6,0.3333333333333333
TT1,TT,positive,visibility,1,1,6,0.16666666666666666
TT10,TT,negative,circulation,4,1,9,0.4444444444444444
TT10,TT,negative,daylight,1,1,9,0.1111111111111111
TT10,TT,negative,expression,2,1,9,0.2222222222222222
TT10,TT,negative,flexibility,2,1,9,0.2222222222222222
TT10,TT,negative,functionality,2,1,9,0.2222222222222222
TT10,TT,negative,identity,2,1,9,0.2222222222222222
TT10,TT,negative,layout,2,1,9,0.2222222222222222
TT10,TT,negative,open space,2,1,9,0.2222222222222222
TT10,TT,negative,proportion,1,1,9,0.1111111111111111
TT10,TT,negative,structure,1,1,9,0.1111111111111111
TT10,TT,negative,urban integration,2,1,9,0.2222222222222222
TT10,TT,negative,visibility,1,1,9,0.1111111111111111
TT10,TT,positive,circulation,1,1,7,0.14285714285714285
TT10,TT,positive,daylight,1,1,7,0.14285714285714285
TT10,TT,positive,expression,2,1,7,0.2857142857142857
TT10,TT,positive,facade,1,1,7,0.14285714285714285
TT10,TT,positive,functionality,2,1,7,0.2857142857142857
TT10,TT,positive,identity,1,1,7,0.14285714285714285
TT10,TT,positive,layout,2,1,7,0.2857142857142857
TT10,TT,positive,massing,2,1,7,0.2857142857142857
TT10,TT,positive,scale,1,1,7,0.14285714285714285
TT10,TT,positive,structure,1,1,7,0.14285714285714285
TT10,TT,positive,urban integration,1,1,7,0.14285714285714285
TT2,TT,negative,circulation,3,1,8,0.375
TT2,TT,negative,daylight,2,1,8,0.25
TT2,TT,negative,expression,2,1,8,0.25
TT2,TT,negative,facade,1,1,8,0.125
TT2,TT,negative,functionality,2,1,8,0.25
TT2,TT,negative,landscape,1,1,8,0.125
TT2,TT,negative,layout,3,1,8,0.375
TT2,TT,negative,massing,1,1,8,0.125
TT2,TT,negative,open space,1,1,8,0.125
TT2,TT,negative,operation,1,1,8,0.125
TT2,TT,negative,privacy,1,1,8,0.125
TT2,TT,negative,proportion,2,1,8,0.25
TT2,TT,negative,safety,1,1,8,0.125
TT2,TT,negative,scale,1,1,8,0.125
TT2,TT,negative,structure,1,1,8,0.125
TT2,TT,negative,topography,1,1,8,0.125
TT2,TT,positive,cost,1,1,6,0.16666666666666666
TT2,TT,positive,expression,1,1,6,0.16666666666666666
TT2,TT,positive,facade,1,1,6,0.16666666666666666
TT2,TT,positive,flexibility,2,1,6,0.3333333333333333
TT2,TT,positive,functionality,3,1,6,0.5
TT2,TT,positive,identity,1,1,6,0.16666666666666666
TT2,TT,positive,layout,2,1,6,0.3333333333333333
TT2,TT,positive,massing,3,1,6,0.5
TT2,TT,positive,open space,2,1,6,0.3333333333333333
TT2,TT,positive,urban integration,1,1,6,0.16666666666666666
TT3,TT,negative,circulation,1,1,5,0.2
TT3,TT,negative,cost,1,1,5,0.2
TT3,TT,negative,expression,1,1,5,0.2
TT3,TT,negative,facade,1,1,5,0.2
TT3,TT,negative,functionality,1,1,5,0.2
TT3,TT,negative,identity,1,1,5,0.2
TT3,TT,negative,landscape,1,1,5,0.2
TT3,TT,negative,layout,1,1,5,0.2
TT3,TT,negative,open space,1,1,5,0.2
TT3,TT,negative,visibility,1,1,5,0.2
TT3,TT,positive,circulation,1,1,5,0.2
TT3,TT,positive,expression,1,1,5,0.2
TT3,TT,positive,facade,1,1,5,0.2
TT3,TT,positive,flexibility,1,1,5,0.2
TT3,TT,positive,functionality,1,1,5,0.2
TT3,TT,positive,identity,1,1,5,0.2
TT3,TT,positive,layout,2,1,5,0.4
TT3,TT,positive,massing,2,1,5,0.4
TT3,TT,positive,urban integration,1,1,5,0.2
TT4,TT,negative,functionality,1,1,1,1.0
TT4,TT,negative,identity,1,1,1,1.0
TT4,TT,negative,layout,1,1,1,1.0
TT4,TT,positive,circulation,1,1,6,0.16666666666666666
TT4,TT,positive,expression,1,1,6,0.16666666666666666
TT4,TT,positive,facade,1,1,6,0.16666666666666666
TT4,TT,positive,functionality,2,1,6,0.3333333333333333
TT4,TT,positive,identity,3,1,6,0.5
TT4,TT,positive,layout,1,1,6,0.16666666666666666
TT4,TT,positive,massing,1,1,6,0.16666666666666666
TT4,TT,positive,operation,1,1,6,0.16666666666666666
TT4,TT,positive,scale,1,1,6,0.16666666666666666
TT4,TT,positive,urban integration,3,1,6,0.5
TT5,TT,negative,circulation,1,1,5,0.2
TT5,TT,negative,daylight,1,1,5,0.2
TT5,TT,negative,expression,1,1,5,0.2
TT5,TT,negative,facade,1,1,5,0.2
TT5,TT,negative,identity,2,1,5,0.4
TT5,TT,negative,landscape,1,1,5,0.2
TT5,TT,negative,layout,2,1,5,0.4
TT5,TT,negative,open space,1,1,5,0.2
TT5,TT,negative,proportion,1,1,5,0.2
TT5,TT,positive,circulation,2,1,9,0.2222222222222222
TT5,TT,positive,daylight,1,1,9,0.1111111111111111
TT5,TT,positive,expression,1,1,9,0.1111111111111111
TT5,TT,positive,flexibility,2,1,9,0.2222222222222222
TT5,TT,positive,identity,1,1,9,0.1111111111111111
TT5,TT,positive,landscape,1,1,9,0.1111111111111111
TT5,TT,positive,layout,2,1,9,0.2222222222222222
TT5,TT,positive,massing,3,1,9,0.3333333333333333
TT5,TT,positive,open space,1,1,9,0.1111111111111111
TT5,TT,positive,proportion,1,1,9,0.1111111111111111
TT5,TT,positive,scale,1,1,9,0.1111111111111111
TT5,TT,positive,urban integration,3,1,9,0.3333333333333333
TT5,TT,positive,visibility,1,1,9,0.1111111111111111
TT6,TT,negative,circulation,2,1,6,0.3333333333333333
TT6,TT,negative,cost,2,1,6,0.3333333333333333
TT6,TT,negative,expression,1,1,6,0.16666666666666666
TT6,TT,negative,flexibility,1,1,6,0.16666666666666666
TT6,TT,negative,layout,3,1,6,0.5
TT6,TT,negative,massing,2,1,6,0.3333333333333333
TT6,TT,negative,operation,1,1,6,0.16666666666666666
TT6,TT,negative,structure,2,1,6,0.3333333333333333
TT6,TT,positive,daylight,1,1,7,0.14285714285714285
TT6,TT,positive,expression,1,1,7,0.14285714285714285
TT6,TT,positive,facade,1,1,7,0.14285714285714285
TT6,TT,positive,landscape,1,1,7,0.14285714285714285
TT6,TT,positive,layout,3,1,7,0.42857142857142855
TT6,TT,positive,massing,2,1,7,0.2857142857142857
TT6,TT,positive,open space,2,1,7,0.2857142857142857
TT6,TT,positive,proportion,1,1,7,0.14285714285714285
TT6,TT,positive,scale,1,1,7,0.14285714285714285
TT6,TT,positive,urban integration,2,1,7,0.2857142857142857
TT6,TT,positive,visibility,1,1,7,0.14285714285714285
TT7,TT,negative,circulation,1,1,8,0.125
TT7,TT,negative,daylight,3,1,8,0.375
TT7,TT,negative,expression,1,1,8,0.125
TT7,TT,negative,facade,2,1,8,0.25
TT7,TT,negative,functionality,1,1,8,0.125
TT7,TT,negative,landscape,1,1,8,0.125
TT7,TT,negative,layout,3,1,8,0.375
TT7,TT,negative,open space,3,1,8,0.375
TT7,TT,negative,privacy,1,1,8,0.125
TT7,TT,negative,scale,1,1,8,0.125
TT7,TT,negative,urban integration,2,1,8,0.25
TT7,TT,negative,visibility,1,1,8,0.125
TT7,TT,positive,circulation,2,1,7,0.2857142857142857
TT7,TT,positive,cost,1,1,7,0.14285714285714285
TT7,TT,positive,facade,1,1,7,0.14285714285714285
TT7,TT,positive,flexibility,1,1,7,0.14285714285714285
TT7,TT,positive,functionality,2,1,7,0.2857142857142857
TT7,TT,positive,layout,1,1,7,0.14285714285714285
TT7,TT,positive,massing,2,1,7,0.2857142857142857
TT7,TT,positive,phasing,1,1,7,0.14285714285714285
TT7,TT,positive,proportion,1,1,7,0.14285714285714285
TT7,TT,positive,structure,1,1,7,0.14285714285714285
TT7,TT,positive,urban integration,2,1,7,0.2857142857142857
TT8,TT,negative,circulation,1,1,5,0.2
TT8,TT,negative,expression,1,1,5,0.2
TT8,TT,negative,functionality,2,1,5,0.4
TT8,TT,negative,layout,3,1,5,0.6
TT8,TT,negative,massing,2,1,5,0.4
TT8,TT,negative,operation,1,1,5,0.2
TT8,TT,negative,scale,1,1,5,0.2
TT8,TT,positive,cost,1,1,5,0.2
TT8,TT,positive,expression,1,1,5,0.2
TT8,TT,positive,flexibility,1,1,5,0.2
TT8,TT,positive,functionality,1,1,5,0.2
TT8,TT,positive,identity,1,1,5,0.2
TT8,TT,positive,landscape,1,1,5,0.2
TT8,TT,positive,layout,1,1,5,0.2
TT8,TT,positive,massing,2,1,5,0.4
TT8,TT,positive,open space,1,1,5,0.2
TT8,TT,positive,scale,1,1,5,0.2
TT8,TT,positive,structure,1,1,5,0.2
TT8,TT,positive,urban integration,2,1,5,0.4
TT9,TT,negative,circulation,1,1,5,0.2
TT9,TT,negative,expression,1,1,5,0.2
TT9,TT,negative,facade,1,1,5,0.2
TT9,TT,negative,flexibility,1,1,5,0.2
TT9,TT,negative,functionality,1,1,5,0.2
TT9,TT,negative,identity,1,1,5,0.2
TT9,TT,negative,landscape,1,1,5,0.2
TT9,TT,negative,layout,1,1,5,0.2
TT9,TT,negative,open space,1,1,5,0.2
TT9,TT,negative,operation,2,1,5,0.4
TT9,TT,negative,structure,1,1,5,0.2
TT9,TT,positive,expression,1,1,5,0.2
TT9,TT,positive,facade,1,1,5,0.2
TT9,TT,positive,functionality,1,1,5,0.2
TT9,TT,positive,layout,2,1,5,0.4
TT9,TT,positive,massing,1,1,5,0.2
TT9,TT,positive,open space,1,1,5,0.2
TT9,TT,positive,scale,1,1,5,0.2
TT9,TT,positive,structure,1,1,5,0.2
TT9,TT,positive,sustainability,1,1,5,0.2
TT9,TT,positive,urban integration,2,1,5,0.4
TTT1,TTT,negative,accessibility,1,1,5,0.2
TTT1,TTT,negative,circulation,2,1,5,0.4
TTT1,TTT,negative,expression,1,1,5,0.2
TTT1,TTT,negative,functionality,1,1,5,0.2
TTT1,TTT,negative,identity,1,1,5,0.2
TTT1,TTT,negative,open space,1,1,5,0.2
TTT1,TTT,negative,operation,1,1,5,0.2
TTT1,TTT,negative,urban integration,1,1,5,0.2
TTT1,TTT,negative,visibility,1,1,5,0.2
TTT1,TTT,positive,cost,1,1,6,0.16666666666666666
TTT1,TTT,positive,expression,1,1,6,0.16666666666666666
TTT1,TTT,positive,facade,1,1,6,0.16666666666666666
TTT1,TTT,positive,functionality,1,1,6,0.16666666666666666
TTT1,TTT,positive,landscape,1,1,6,0.16666666666666666
TTT1,TTT,positive,layout,3,1,6,0.5
TTT1,TTT,positive,massing,1,1,6,0.16666666666666666
TTT1,TTT,positive,open space,1,1,6,0.16666666666666666
TTT1,TTT,positive,operation,1,1,6,0.16666666666666666
TTT1,TTT,positive,sustainability,1,1,6,0.16666666666666666
TTT1,TTT,positive,urban integration,1,1,6,0.16666666666666666
TTT2,TTT,negative,circulation,3,1,7,0.42857142857142855
TTT2,TTT,negative,daylight,2,1,7,0.2857142857142857
TTT2,TTT,negative,functionality,4,1,7,0.5714285714285714
TTT2,TTT,negative,layout,3,1,7,0.42857142857142855
TTT2,TTT,negative,operation,1,1,7,0.14285714285714285
TTT2,TTT,negative,safety,1,1,7,0.14285714285714285
TTT2,TTT,negative,visibility,1,1,7,0.14285714285714285
TTT2,TTT,positive,circulation,1,1,5,0.2
TTT2,TTT,positive,cost,1,1,5,0.2
TTT2,TTT,positive,expression,1,1,5,0.2
TTT2,TTT,positive,functionality,1,1,5,0.2
TTT2,TTT,positive,layout,1,1,5,0.2
TTT2,TTT,positive,massing,2,1,5,0.4
TTT2,TTT,positive,open space,1,1,5,0.2
TTT2,TTT,positive,structure,2,1,5,0.4
TTT2,TTT,positive,sustainability,2,1,5,0.4
TTT2,TTT,positive,topography,1,1,5,0.2
TTT2,TTT,positive,urban integration,1,1,5,0.2
TTT3,TTT,negative,accessibility,2,1,6,0.3333333333333333
TTT3,TTT,negative,circulation,2,1,6,0.3333333333333333
TTT3,TTT,negative,functionality,2,1,6,0.3333333333333333
TTT3,TTT,negative,layout,3,1,6,0.5
TTT3,TTT,negative,operation,3,1,6,0.5
TTT3,TTT,negative,sustainability,1,1,6,0.16666666666666666
TTT3,TTT,positive,circulation,1,1,6,0.16666666666666666
TTT3,TTT,positive,cost,1,1,6,0.16666666666666666
TTT3,TTT,positive,expression,1,1,6,0.16666666666666666
TTT3,TTT,positive,functionality,1,1,6,0.16666666666666666
TTT3,TTT,positive,landscape,1,1,6,0.16666666666666666
TTT3,TTT,positive,layout,3,1,6,0.5
TTT3,TTT,positive,massing,1,1,6,0.16666666666666666
TTT3,TTT,positive,open space,1,1,6,0.16666666666666666
TTT3,TTT,positive,structure,1,1,6,0.16666666666666666
TTT3,TTT,positive,sustainability,1,1,6,0.16666666666666666
TTT3,TTT,positive,topography,1,1,6,0.16666666666666666
TTT3,TTT,positive,urban integration,1,1,6,0.16666666666666666
TTT3,TTT,positive,visibility,1,1,6,0.16666666666666666
TTT4,TTT,negative,accessibility,1,1,9,0.1111111111111111
TTT4,TTT,negative,circulation,2,1,9,0.2222222222222222
TTT4,TTT,negative,cost,1,1,9,0.1111111111111111
TTT4,TTT,negative,daylight,1,1,9,0.1111111111111111
TTT4,TTT,negative,expression,2,1,9,0.2222222222222222
TTT4,TTT,negative,facade,1,1,9,0.1111111111111111
TTT4,TTT,negative,functionality,1,1,9,0.1111111111111111
TTT4,TTT,negative,identity,1,1,9,0.1111111111111111
TTT4,TTT,negative,landscape,2,1,9,0.2222222222222222
TTT4,TTT,negative,massing,1,1,9,0.1111111111111111
TTT4,TTT,negative,open space,1,1,9,0.1111111111111111
TTT4,TTT,negative,structure,3,1,9,0.3333333333333333
TTT4,TTT,negative,sustainability,3,1,9,0.3333333333333333
TTT4,TTT,positive,accessibility,1,1,5,0.2
TTT4,TTT,positive,circulation,1,1,5,0.2
TTT4,TTT,positive,cost,1,1,5,0.2
TTT4,TTT,positive,flexibility,1,1,5,0.2
TTT4,TTT,positive,functionality,1,1,5,0.2
TTT4,TTT,positive,layout,1,1,5,0.2
TTT4,TTT,positive,massing,2,1,5,0.4
TTT4,TTT,positive,operation,1,1,5,0.2
TTT4,TTT,positive,urban integration,1,1,5,0.2
TTT5,TTT,negative,circulation,5,1,10,0.5
TTT5,TTT,negative,cost,1,1,10,0.1
TTT5,TTT,negative,daylight,1,1,10,0.1
TTT5,TTT,negative,expression,1,1,10,0.1
TTT5,TTT,negative,flexibility,1,1,10,0.1
TTT5,TTT,negative,functionality,3,1,10,0.3
TTT5,TTT,negative,layout,2,1,10,0.2
TTT5,TTT,negative,massing,1,1,10,0.1
TTT5,TTT,negative,operation,3,1,10,0.3
TTT5,TTT,negative,proportion,1,1,10,0.1
TTT5,TTT,negative,topography,1,1,10,0.1
TTT5,TTT,positive,circulation,1,1,5,0.2
TTT5,TTT,positive,expression,2,1,5,0.4
TTT5,TTT,positive,facade,1,1,5,0.2
TTT5,TTT,positive,identity,1,1,5,0.2
TTT5,TTT,positive,layout,4,1,5,0.8
TTT5,TTT,positive,open space,1,1,5,0.2
TTTT1,TTTT,negative,acoustics,1,1,8,0.125
TTTT1,TTTT,negative,circulation,2,1,8,0.25
TTTT1,TTTT,negative,expression,1,1,8,0.125
TTTT1,TTTT,negative,fire safety,1,1,8,0.125
TTTT1,TTTT,negative,flexibility,1,1,8,0.125
TTTT1,TTTT,negative,functionality,1,1,8,0.125
TTTT1,TTTT,negative,identity,1,1,8,0.125
TTTT1,TTTT,negative,landscape,1,1,8,0.125
TTTT1,TTTT,negative,layout,1,1,8,0.125
TTTT1,TTTT,negative,open space,1,1,8,0.125
TTTT1,TTTT,negative,operation,1,1,8,0.125
TTTT1,TTTT,negative,safety,3,1,8,0.375
TTTT1,TTTT,negative,urban integration,1,1,8,0.125
TTTT1,TTTT,positive,circulation,1,1,8,0.125
TTTT1,TTTT,positive,cost,1,1,8,0.125
TTTT1,TTTT,positive,daylight,1,1,8,0.125
TTTT1,TTTT,positive,functionality,1,1,8,0.125
TTTT1,TTTT,positive,identity,1,1,8,0.125
TTTT1,TTTT,positive,landscape,1,1,8,0.125
TTTT1,TTTT,positive,layout,3,1,8,0.375
TTTT1,TTTT,positive,massing,2,1,8,0.25
TTTT1,TTTT,positive,open space,1,1,8,0.125
TTTT1,TTTT,positive,operation,1,1,8,0.125
TTTT1,TTTT,positive,structure,1,1,8,0.125
TTTT1,TTTT,positive,sustainability,1,1,8,0.125
TTTT1,TTTT,positive,urban integration,1,1,8,0.125
TTTT2,TTTT,negative,circulation,5,1,12,0.4166666666666667
TTTT2,TTTT,negative,expression,3,1,12,0.25
TTTT2,TTTT,negative,facade,2,1,12,0.16666666666666666
TTTT2,TTTT,negative,flexibility,2,1,12,0.16666666666666666
TTTT2,TTTT,negative,functionality,2,1,12,0.16666666666666666
TTTT2,TTTT,negative,identity,1,1,12,0.08333333333333333
TTTT2,TTTT,negative,landscape,2,1,12,0.16666666666666666
TTTT2,TTTT,negative,layout,2,1,12,0.16666666666666666
TTTT2,TTTT,negative,massing,1,1,12,0.08333333333333333
TTTT2,TTTT,negative,open space,1,1,12,0.08333333333333333
TTTT2,TTTT,negative,operation,2,1,12,0.16666666666666666
TTTT2,TTTT,negative,scale,1,1,12,0.08333333333333333
TTTT2,TTTT,negative,structure,1,1,12,0.08333333333333333
TTTT2,TTTT,negative,visibility,1,1,12,0.08333333333333333
TTTT2,TTTT,positive,circulation,2,1,9,0.2222222222222222
TTTT2,TTTT,positive,cost,1,1,9,0.1111111111111111
TTTT2,TTTT,positive,flexibility,1,1,9,0.1111111111111111
TTTT2,TTTT,positive,landscape,1,1,9,0.1111111111111111
TTTT2,TTTT,positive,layout,3,1,9,0.3333333333333333
TTTT2,TTTT,positive,massing,3,1,9,0.3333333333333333
TTTT2,TTTT,positive,open space,1,1,9,0.1111111111111111
TTTT2,TTTT,positive,scale,1,1,9,0.1111111111111111
TTTT2,TTTT,positive,structure,2,1,9,0.2222222222222222
TTTT2,TTTT,positive,urban integration,2,1,9,0.2222222222222222
TTTT2,TTTT,positive,visibility,1,1,9,0.1111111111111111
TTTT3,TTTT,negative,circulation,1,1,4,0.25
TTTT3,TTTT,negative,flexibility,1,1,4,0.25
TTTT3,TTTT,negative,functionality,1,1,4,0.25
TTTT3,TTTT,negative,landscape,1,1,4,0.25
TTTT3,TTTT,negative,open space,1,1,4,0.25
TTTT3,TTTT,negative,operation,1,1,4,0.25
TTTT3,TTTT,negative,sustainability,1,1,4,0.25
TTTT3,TTTT,negative,urban integration,1,1,4,0.25
TTTT3,TTTT,positive,circulation,1,1,11,0.09090909090909091
TTTT3,TTTT,positive,cost,1,1,11,0.09090909090909091
TTTT3,TTTT,positive,expression,1,1,11,0.09090909090909091
TTTT3,TTTT,positive,landscape,2,1,11,0.18181818181818182
TTTT3,TTTT,positive,layout,1,1,11,0.09090909090909091
TTTT3,TTTT,positive,massing,5,1,11,0.45454545454545453
TTTT3,TTTT,positive,open space,3,1,11,0.2727272727272727
TTTT3,TTTT,positive,scale,1,1,11,0.09090909090909091
TTTT3,TTTT,positive,structure,2,1,11,0.18181818181818182
TTTT3,TTTT,positive,sustainability,1,1,11,0.09090909090909091
TTTT3,TTTT,positive,topography,1,1,11,0.09090909090909091
TTTT3,TTTT,positive,urban integration,3,1,11,0.2727272727272727
TTTT4,TTTT,negative,circulation,2,1,5,0.4
TTTT4,TTTT,negative,functionality,2,1,5,0.4
TTTT4,TTTT,negative,landscape,1,1,5,0.2
TTTT4,TTTT,negative,layout,3,1,5,0.6
TTTT4,TTTT,negative,proportion,2,1,5,0.4
TTTT4,TTTT,positive,acoustics,1,1,4,0.25
TTTT4,TTTT,positive,flexibility,1,1,4,0.25
TTTT4,TTTT,positive,functionality,1,1,4,0.25
TTTT4,TTTT,positive,identity,2,1,4,0.5
TTTT4,TTTT,positive,landscape,2,1,4,0.5
TTTT4,TTTT,positive,layout,1,1,4,0.25
TTTT4,TTTT,positive,massing,1,1,4,0.25
TTTT4,TTTT,positive,open space,2,1,4,0.5
TTTT4,TTTT,positive,urban integration,1,1,4,0.25
TTTT5,TTTT,negative,circulation,1,1,2,0.5
TTTT5,TTTT,negative,massing,1,1,2,0.5
TTTT5,TTTT,negative,operation,1,1,2,0.5
TTTT5,TTTT,negative,urban integration,1,1,2,0.5
TTTT5,TTTT,positive,circulation,1,1,5,0.2
TTTT5,TTTT,positive,flexibility,1,1,5,0.2
TTTT5,TTTT,positive,functionality,1,1,5,0.2
TTTT5,TTTT,positive,landscape,1,1,5,0.2
TTTT5,TTTT,positive,layout,2,1,5,0.4
TTTT5,TTTT,positive,massing,2,1,5,0.4
TTTT5,TTTT,positive,open space,1,1,5,0.2
TTTT5,TTTT,positive,structure,1,1,5,0.2
TTTT5,TTTT,positive,urban integration,2,1,5,0.4
TTTT6,TTTT,negative,circulation,1,1,3,0.3333333333333333
TTTT6,TTTT,negative,facade,1,1,3,0.3333333333333333
TTTT6,TTTT,negative,layout,2,1,3,0.6666666666666666
TTTT6,TTTT,negative,operation,1,1,3,0.3333333333333333
TTTT6,TTTT,negative,proportion,1,1,3,0.3333333333333333
TTTT6,TTTT,negative,structure,1,1,3,0.3333333333333333
TTTT6,TTTT,positive,circulation,1,1,6,0.16666666666666666
TTTT6,TTTT,positive,functionality,1,1,6,0.16666666666666666
TTTT6,TTTT,positive,identity,1,1,6,0.16666666666666666
TTTT6,TTTT,positive,landscape,1,1,6,0.16666666666666666
TTTT6,TTTT,positive,massing,3,1,6,0.5
TTTT6,TTTT,positive,open space,1,1,6,0.16666666666666666
TTTT6,TTTT,positive,operation,1,1,6,0.16666666666666666
TTTT6,TTTT,positive,scale,2,1,6,0.3333333333333333
TTTT6,TTTT,positive,topography,1,1,6,0.16666666666666666
TTTT6,TTTT,positive,urban integration,2,1,6,0.3333333333333333
TTTT7,TTTT,negative,accessibility,1,1,4,0.25
TTTT7,TTTT,negative,circulation,1,1,4,0.25
TTTT7,TTTT,negative,daylight,1,1,4,0.25
TTTT7,TTTT,negative,landscape,1,1,4,0.25
TTTT7,TTTT,negative,privacy,1,1,4,0.25
TTTT7,TTTT,negative,urban integration,1,1,4,0.25
TTTT7,TTTT,negative,visibility,1,1,4,0.25
TTTT7,TTTT,positive,acoustics,1,1,6,0.16666666666666666
TTTT7,TTTT,positive,circulation,3,1,6,0.5
TTTT7,TTTT,positive,expression,2,1,6,0.3333333333333333
TTTT7,TTTT,positive,functionality,1,1,6,0.16666666666666666
TTTT7,TTTT,positive,identity,1,1,6,0.16666666666666666
TTTT7,TTTT,positive,layout,3,1,6,0.5
TTTT7,TTTT,positive,open space,1,1,6,0.16666666666666666
TTTT7,TTTT,positive,urban integration,1,1,6,0.16666666666666666
TTTT7,TTTT,positive,visibility,1,1,6,0.16666666666666666
U1,U,negative,circulation,1,1,6,0.16666666666666666
U1,U,negative,cost,2,1,6,0.3333333333333333
U1,U,negative,expression,1,1,6,0.16666666666666666
U1,U,negative,functionality,2,1,6,0.3333333333333333
U1,U,negative,landscape,1,1,6,0.16666666666666666
U1,U,negative,layout,1,1,6,0.16666666666666666
U1,U,negative,massing,2,1,6,0.3333333333333333
U1,U,negative,open space,1,1,6,0.16666666666666666
U1,U,negative,scale,1,1,6,0.16666666666666666
U1,U,negative,sustainability,1,1,6,0.16666666666666666
U1,U,negative,topography,1,1,6,0.16666666666666666
U1,U,negative,urban integration,1,1,6,0.16666666666666666
U1,U,positive,daylight,1,1,7,0.14285714285714285
U1,U,positive,flexibility,2,1,7,0.2857142857142857
U1,U,positive,functionality,4,1,7,0.5714285714285714
U1,U,positive,landscape,2,1,7,0.2857142857142857
U1,U,positive,layout,3,1,7,0.42857142857142855
U1,U,positive,massing,1,1,7,0.14285714285714285
U1,U,positive,open space,2,1,7,0.2857142857142857
U1,U,positive,operation,1,1,7,0.14285714285714285
U1,U,positive,proportion,1,1,7,0.14285714285714285
U1,U,positive,sustainability,1,1,7,0.14285714285714285
U1,U,positive,urban integration,3,1,7,0.42857142857142855
U2,U,negative,circulation,1,1,7,0.14285714285714285
U2,U,negative,cost,1,1,7,0.14285714285714285
U2,U,negative,flexibility,2,1,7,0.2857142857142857
U2,U,negative,functionality,3,1,7,0.42857142857142855
U2,U,negative,layout,2,1,7,0.2857142857142857
U2,U,negative,massing,2,1,7,0.2857142857142857
U2,U,negative,open space,2,1,7,0.2857142857142857
U2,U,negative,operation,2,1,7,0.2857142857142857
U2,U,negative,sustainability,2,1,7,0.2857142857142857
U2,U,negative,topography,2,1,7,0.2857142857142857
U2,U,negative,urban integration,1,1,7,0.14285714285714285
U2,U,positive,cost,1,1,7,0.14285714285714285
U2,U,positive,daylight,1,1,7,0.14285714285714285
U2,U,positive,expression,1,1,7,0.14285714285714285
U2,U,positive,flexibility,2,1,7,0.2857142857142857
U2,U,positive,functionality,1,1,7,0.14285714285714285
U2,U,positive,landscape,1,1,7,0.14285714285714285
U2,U,positive,layout,1,1,7,0.14285714285714285
U2,U,positive,massing,1,1,7,0.14285714285714285
U2,U,positive,open space,2,1,7,0.2857142857142857
U2,U,positive,scale,2,1,7,0.2857142857142857
U2,U,positive,sustainability,1,1,7,0.14285714285714285
U2,U,positive,urban integration,4,1,7,0.5714285714285714
U3,U,negative,accessibility,1,1,9,0.1111111111111111
U3,U,negative,circulation,1,1,9,0.1111111111111111
U3,U,negative,cost,2,1,9,0.2222222222222222
U3,U,negative,daylight,1,1,9,0.1111111111111111
U3,U,negative,expression,2,1,9,0.2222222222222222
U3,U,negative,flexibility,1,1,9,0.1111111111111111
U3,U,negative,functionality,2,1,9,0.2222222222222222
U3,U,negative,identity,2,1,9,0.2222222222222222
U3,U,negative,layout,1,1,9,0.1111111111111111
U3,U,negative,massing,1,1,9,0.1111111111111111
U3,U,negative,privacy,1,1,9,0.1111111111111111
U3,U,negative,proportion,1,1,9,0.1111111111111111
U3,U,negative,scale,1,1,9,0.1111111111111111
U3,U,negative,structure,2,1,9,0.2222222222222222
U3,U,negative,sustainability,1,1,9,0.1111111111111111
U3,U,negative,urban integration,2,1,9,0.2222222222222222
U3,U,positive,circulation,1,1,8,0.125
U3,U,positive,daylight,2,1,8,0.25
U3,U,positive,flexibility,1,1,8,0.125
U3,U,positive,functionality,2,1,8,0.25
U3,U,positive,landscape,1,1,8,0.125
U3,U,positive,layout,2,1,8,0.25
U3,U,positive,massing,2,1,8,0.25
U3,U,positive,open space,4,1,8,0.5
U3,U,positive,sustainability,1,1,8,0.125
U3,U,positive,topography,1,1,8,0.125
U3,U,positive,urban integration,3,1,8,0.375
U3,U,positive,ventilation,1,1,8,0.125
U4,U,negative,circulation,1,1,8,0.125
U4,U,negative,cost,1,1,8,0.125
U4,U,negative,daylight,1,1,8,0.125
U4,U,negative,expression,1,1,8,0.125
U4,U,negative,facade,2,1,8,0.25
U4,U,negative,fire safety,1,1,8,0.125
U4,U,negative,flexibility,2,1,8,0.25
U4,U,negative,functionality,2,1,8,0.25
U4,U,negative,identity,1,1,8,0.125
U4,U,negative,layout,4,1,8,0.5
U4,U,negative,open space,1,1,8,0.125
U4,U,negative,sustainability,1,1,8,0.125
U4,U,negative,topography,1,1,8,0.125
U4,U,positive,circulation,2,1,6,0.3333333333333333
U4,U,positive,cost,1,1,6,0.16666666666666666
U4,U,positive,facade,1,1,6,0.16666666666666666
U4,U,positive,functionality,1,1,6,0.16666666666666666
U4,U,positive,landscape,1,1,6,0.16666666666666666
U4,U,positive,layout,2,1,6,0.3333333333333333
U4,U,positive,massing,1,1,6,0.16666666666666666
U4,U,positive,open space,3,1,6,0.5
U4,U,positive,scale,1,1,6,0.16666666666666666
U4,U,positive,urban integration,4,1,6,0.6666666666666666
UU1,UU,negative,circulation,2,1,6,0.3333333333333333
UU1,UU,negative,cost,2,1,6,0.3333333333333333
UU1,UU,negative,facade,1,1,6,0.16666666666666666
UU1,UU,negative,functionality,2,1,6,0.3333333333333333
UU1,UU,negative,layout,1,1,6,0.16666666666666666
UU1,UU,negative,massing,1,1,6,0.16666666666666666
UU1,UU,negative,open space,1,1,6,0.16666666666666666
UU1,UU,negative,operation,2,1,6,0.3333333333333333
UU1,UU,negative,safety,1,1,6,0.16666666666666666
UU1,UU,negative,visibility,1,1,6,0.16666666666666666
UU1,UU,positive,circulation,1,1,10,0.1
UU1,UU,positive,cost,1,1,10,0.1
UU1,UU,positive,daylight,1,1,10,0.1
UU1,UU,positive,expression,2,1,10,0.2
UU1,UU,positive,flexibility,1,1,10,0.1
UU1,UU,positive,functionality,3,1,10,0.3
UU1,UU,positive,identity,1,1,10,0.1
UU1,UU,positive,landscape,1,1,10,0.1
UU1,UU,positive,layout,3,1,10,0.3
UU1,UU,positive,massing,2,1,10,0.2
UU1,UU,positive,open space,1,1,10,0.1
UU1,UU,positive,operation,1,1,10,0.1
UU1,UU,positive,safety,1,1,10,0.1
UU1,UU,positive,scale,3,1,10,0.3
UU1,UU,positive,structure,1,1,10,0.1
UU1,UU,positive,sustainability,1,1,10,0.1
UU1,UU,positive,urban integration,4,1,10,0.4
UU1,UU,positive,ventilation,1,1,10,0.1
UU2,UU,negative,daylight,3,1,7,0.42857142857142855
UU2,UU,negative,facade,1,1,7,0.14285714285714285
UU2,UU,negative,functionality,3,1,7,0.42857142857142855
UU2,UU,negative,layout,2,1,7,0.2857142857142857
UU2,UU,negative,massing,1,1,7,0.14285714285714285
UU2,UU,negative,open space,3,1,7,0.42857142857142855
UU2,UU,negative,operation,1,1,7,0.14285714285714285
UU2,UU,negative,proportion,2,1,7,0.2857142857142857
UU2,UU,negative,safety,1,1,7,0.14285714285714285
UU2,UU,positive,circulation,4,1,8,0.5
UU2,UU,positive,cost,1,1,8,0.125
UU2,UU,positive,daylight,1,1,8,0.125
UU2,UU,positive,expression,1,1,8,0.125
UU2,UU,positive,facade,1,1,8,0.125
UU2,UU,positive,functionality,3,1,8,0.375
UU2,UU,positive,layout,4,1,8,0.5
UU2,UU,positive,massing,2,1,8,0.25
UU2,UU,positive,open space,2,1,8,0.25
UU2,UU,positive,operation,1,1,8,0.125
UU2,UU,positive,scale,1,1,8,0.125
UU2,UU,positive,urban integration,2,1,8,0.25
UU3,UU,negative,circulation,2,1,6,0.3333333333333333
UU3,UU,negative,cost,1,1,6,0.16666666666666666
UU3,UU,negative,daylight,3,1,6,0.5
UU3,UU,negative,facade,1,1,6,0.16666666666666666
UU3,UU,negative,fire safety,1,1,6,0.16666666666666666
UU3,UU,negative,functionality,1,1,6,0.16666666666666666
UU3,UU,negative,layout,1,1,6,0.16666666666666666
UU3,UU,negative,operation,1,1,6,0.16666666666666666
UU3,UU,negative,proportion,2,1,6,0.3333333333333333
UU3,UU,negative,safety,1,1,6,0.16666666666666666
UU3,UU,negative,sustainability,1,1,6,0.16666666666666666
UU3,UU,positive,circulation,1,1,7,0.14285714285714285
UU3,UU,positive,expression,1,1,7,0.14285714285714285
UU3,UU,positive,facade,2,1,7,0.2857142857142857
UU3,UU,positive,landscape,2,1,7,0.2857142857142857
UU3,UU,positive,layout,1,1,7,0.14285714285714285
UU3,UU,positive,massing,3,1,7,0.42857142857142855
UU3,UU,positive,open space,3,1,7,0.42857142857142855
UU3,UU,positive,structure,1,1,7,0.14285714285714285
UU3,UU,positive,sustainability,1,1,7,0.14285714285714285
UU3,UU,positive,urban integration,3,1,7,0.42857142857142855
UU4,UU,negative,circulation,2,1,7,0.2857142857142857
UU4,UU,negative,expression,2,1,7,0.2857142857142857
UU4,UU,negative,functionality,4,1,7,0.5714285714285714
UU4,UU,negative,layout,3,1,7,0.42857142857142855
UU4,UU,negative,massing,1,1,7,0.14285714285714285
UU4,UU,negative,open space,1,1,7,0.14285714285714285
UU4,UU,negative,urban integration,3,1,7,0.42857142857142855
UU4,UU,positive,circulation,1,1,7,0.14285714285714285
UU4,UU,positive,daylight,1,1,7,0.14285714285714285
UU4,UU,positive,functionality,2,1,7,0.2857142857142857
UU4,UU,positive,layout,3,1,7,0.42857142857142855
UU4,UU,positive,massing,2,1,7,0.2857142857142857
UU4,UU,positive,open space,4,1,7,0.5714285714285714
UU4,UU,positive,proportion,1,1,7,0.14285714285714285
UU4,UU,positive,topography,2,1,7,0.2857142857142857
UU4,UU,positive,urban integration,1,1,7,0.14285714285714285
UUU1,UUU,negative,acoustics,1,1,3,0.3333333333333333
UUU1,UUU,negative,circulation,1,1,3,0.3333333333333333
UUU1,UUU,negative,facade,1,1,3,0.3333333333333333
UUU1,UUU,negative,functionality,1,1,3,0.3333333333333333
UUU1,UUU,negative,layout,2,1,3,0.6666666666666666
UUU1,UUU,negative,operation,2,1,3,0.6666666666666666
UUU1,UUU,negative,privacy,1,1,3,0.3333333333333333
UUU1,UUU,positive,circulation,2,1,9,0.2222222222222222
UUU1,UUU,positive,cost,1,1,9,0.1111111111111111
UUU1,UUU,positive,expression,1,1,9,0.1111111111111111
UUU1,UUU,positive,functionality,1,1,9,0.1111111111111111
UUU1,UUU,positive,identity,2,1,9,0.2222222222222222
UUU1,UUU,positive,landscape,2,1,9,0.2222222222222222
UUU1,UUU,positive,layout,2,1,9,0.2222222222222222
UUU1,UUU,positive,massing,3,1,9,0.3333333333333333
UUU1,UUU,positive,open space,3,1,9,0.3333333333333333
UUU1,UUU,positive,operation,1,1,9,0.1111111111111111
UUU1,UUU,positive,structure,2,1,9,0.2222222222222222
UUU1,UUU,positive,sustainability,1,1,9,0.1111111111111111
UUU1,UUU,positive,topography,1,1,9,0.1111111111111111
UUU1,UUU,positive,urban integration,2,1,9,0.2222222222222222
UUU1,UUU,positive,visibility,2,1,9,0.2222222222222222
UUU2,UUU,negative,cost,1,1,4,0.25
UUU2,UUU,negative,functionality,1,1,4,0.25
UUU2,UUU,negative,landscape,2,1,4,0.5
UUU2,UUU,negative,layout,1,1,4,0.25
UUU2,UUU,negative,massing,1,1,4,0.25
UUU2,UUU,negative,open space,2,1,4,0.5
UUU2,UUU,negative,phasing,1,1,4,0.25
UUU2,UUU,negative,structure,1,1,4,0.25
UUU2,UUU,negative,urban integration,1,1,4,0.25
UUU2,UUU,positive,circulation,1,1,4,0.25
UUU2,UUU,positive,expression,1,1,4,0.25
UUU2,UUU,positive,functionality,2,1,4,0.5
UUU2,UUU,positive,layout,2,1,4,0.5
UUU2,UUU,positive,massing,2,1,4,0.5
UUU2,UUU,positive,open space,1,1,4,0.25
UUU2,UUU,positive,urban integration,2,1,4,0.5
UUU3,UUU,negative,circulation,1,1,5,0.2
UUU3,UUU,negative,cost,1,1,5,0.2
UUU3,UUU,negative,functionality,1,1,5,0.2
UUU3,UUU,negative,massing,2,1,5,0.4
UUU3,UUU,negative,open space,1,1,5,0.2
UUU3,UUU,negative,structure,1,1,5,0.2
UUU3,UUU,negative,topography,2,1,5,0.4
UUU3,UUU,negative,urban integration,3,1,5,0.6
UUU3,UUU,positive,daylight,1,1,4,0.25
UUU3,UUU,positive,expression,1,1,4,0.25
UUU3,UUU,positive,functionality,1,1,4,0.25
UUU3,UUU,positive,layout,2,1,4,0.5
UUU3,UUU,positive,open space,1,1,4,0.25
UUU3,UUU,positive,urban integration,1,1,4,0.25
UUU4,UUU,negative,circulation,1,1,5,0.2
UUU4,UUU,negative,cost,1,1,5,0.2
UUU4,UUU,negative,expression,1,1,5,0.2
UUU4,UUU,negative,functionality,2,1,5,0.4
UUU4,UUU,negative,layout,1,1,5,0.2
UUU4,UUU,negative,massing,2,1,5,0.4
UUU4,UUU,negative,open space,2,1,5,0.4
UUU4,UUU,positive,circulation,1,1,3,0.3333333333333333
UUU4,UUU,positive,cost,1,1,3,0.3333333333333333
UUU4,UUU,positive,flexibility,1,1,3,0.3333333333333333
UUU4,UUU,positive,landscape,1,1,3,0.3333333333333333
UUU4,UUU,positive,open space,2,1,3,0.6666666666666666
UUU4,UUU,positive,structure,1,1,3,0.3333333333333333
V1,V,negative,circulation,2,1,5,0.4
V1,V,negative,expression,2,1,5,0.4
V1,V,negative,fire safety,1,1,5,0.2
V1,V,negative,functionality,1,1,5,0.2
V1,V,negative,identity,1,1,5,0.2
V1,V,negative,safety,2,1,5,0.4
V1,V,negative,structure,1,1,5,0.2
V1,V,positive,circulation,1,1,6,0.16666666666666666
V1,V,positive,cost,1,1,6,0.16666666666666666
V1,V,positive,daylight,1,1,6,0.16666666666666666
V1,V,positive,expression,2,1,6,0.3333333333333333
V1,V,positive,functionality,1,1,6,0.16666666666666666
V1,V,positive,layout,1,1,6,0.16666666666666666
V1,V,positive,massing,3,1,6,0.5
V1,V,positive,open space,2,1,6,0.3333333333333333
V1,V,positive,privacy,1,1,6,0.16666666666666666
V1,V,positive,structure,1,1,6,0.16666666666666666
V1,V,positive,sustainability,1,1,6,0.16666666666666666
V1,V,positive,urban integration,1,1,6,0.16666666666666666
V2,V,negative,circulation,1,1,10,0.1
V2,V,negative,expression,2,1,10,0.2
V2,V,negative,fire safety,1,1,10,0.1
V2,V,negative,flexibility,1,1,10,0.1
V2,V,negative,functionality,3,1,10,0.3
V2,V,negative,identity,2,1,10,0.2
V2,V,negative,layout,1,1,10,0.1
V2,V,negative,massing,1,1,10,0.1
V2,V,negative,open space,3,1,10,0.3
V2,V,negative,privacy,2,1,10,0.2
V2,V,negative,scale,1,1,10,0.1
V2,V,negative,structure,1,1,10,0.1
V2,V,negative,sustainability,1,1,10,0.1
V2,V,negative,urban integration,4,1,10,0.4
V2,V,positive,circulation,1,1,7,0.14285714285714285
V2,V,positive,cost,1,1,7,0.14285714285714285
V2,V,positive,expression,3,1,7,0.42857142857142855
V2,V,positive,flexibility,1,1,7,0.14285714285714285
V2,V,positive,functionality,2,1,7,0.2857142857142857
V2,V,positive,layout,3,1,7,0.42857142857142855
V2,V,positive,massing,1,1,7,0.14285714285714285
V2,V,positive,structure,1,1,7,0.14285714285714285
V2,V,positive,sustainability,1,1,7,0.14285714285714285
V3,V,negative,circulation,5,1,11,0.45454545454545453
V3,V,negative,cost,1,1,11,0.09090909090909091
V3,V,negative,expression,2,1,11,0.18181818181818182
V3,V,negative,fire safety,2,1,11,0.18181818181818182
V3,V,negative,functionality,3,1,11,0.2727272727272727
V3,V,negative,landscape,1,1,11,0.09090909090909091
V3,V,negative,massing,1,1,11,0.09090909090909091
V3,V,negative,open space,5,1,11,0.45454545454545453
V3,V,negative,operation,1,1,11,0.09090909090909091
V3,V,negative,safety,1,1,11,0.09090909090909091
V3,V,negative,scale,1,1,11,0.09090909090909091
V3,V,negative,sustainability,1,1,11,0.09090909090909091
V3,V,negative,urban integration,1,1,11,0.09090909090909091
V3,V,positive,cost,1,1,7,0.14285714285714285
V3,V,positive,daylight,1,1,7,0.14285714285714285
V3,V,positive,expression,3,1,7,0.42857142857142855
V3,V,positive,facade,1,1,7,0.14285714285714285
V3,V,positive,functionality,1,1,7,0.14285714285714285
V3,V,positive,identity,1,1,7,0.14285714285714285
V3,V,positive,layout,1,1,7,0.14285714285714285
V3,V,positive,massing,1,1,7,0.14285714285714285
V3,V,positive,open space,1,1,7,0.14285714285714285
V3,V,positive,proportion,1,1,7,0.14285714285714285
V3,V,positive,structure,1,1,7,0.14285714285714285
V3,V,positive,sustainability,1,1,7,0.14285714285714285
V3,V,positive,urban integration,1,1,7,0.14285714285714285
V3,V,positive,visibility,1,1,7,0.14285714285714285
V4,V,negative,circulation,1,1,3,0.3333333333333333
V4,V,negative,expression,1,1,3,0.3333333333333333
V4,V,negative,facade,1,1,3,0.3333333333333333
V4,V,negative,functionality,1,1,3,0.3333333333333333
V4,V,negative,open space,1,1,3,0.3333333333333333
V4,V,negative,scale,1,1,3,0.3333333333333333
V4,V,negative,urban integration,2,1,3,0.6666666666666666
V4,V,positive,circulation,1,1,1,1.0
V5,V,negative,expression,2,1,4,0.5
V5,V,negative,identity,1,1,4,0.25
V5,V,negative,massing,2,1,4,0.5
V5,V,negative,open space,1,1,4,0.25
V5,V,negative,scale,1,1,4,0.25
V5,V,negative,urban integration,2,1,4,0.5
V5,V,positive,circulation,1,1,2,0.5
V5,V,positive,layout,1,1,2,0.5
V5,V,positive,open space,1,1,2,0.5
V5,V,positive,proportion,1,1,2,0.5
VV1,VV,negative,circulation,2,1,4,0.5
VV1,VV,negative,cost,1,1,4,0.25
VV1,VV,negative,facade,1,1,4,0.25
VV1,VV,negative,open space,1,1,4,0.25
VV1,VV,negative,operation,1,1,4,0.25
VV1,VV,negative,scale,2,1,4,0.5
VV1,VV,negative,visibility,1,1,4,0.25
VV1,VV,positive,circulation,1,1,9,0.1111111111111111
VV1,VV,positive,cost,1,1,9,0.1111111111111111
VV1,VV,positive,daylight,1,1,9,0.1111111111111111
VV1,VV,positive,expression,1,1,9,0.1111111111111111
VV1,VV,positive,flexibility,1,1,9,0.1111111111111111
VV1,VV,positive,functionality,3,1,9,0.3333333333333333
VV1,VV,positive,identity,1,1,9,0.1111111111111111
VV1,VV,positive,landscape,1,1,9,0.1111111111111111
VV1,VV,positive,layout,3,1,9,0.3333333333333333
VV1,VV,positive,massing,1,1,9,0.1111111111111111
VV1,VV,positive,open space,2,1,9,0.2222222222222222
VV1,VV,positive,operation,1,1,9,0.1111111111111111
VV1,VV,positive,safety,1,1,9,0.1111111111111111
VV1,VV,positive,scale,2,1,9,0.2222222222222222
VV1,VV,positive,structure,1,1,9,0.1111111111111111
VV1,VV,positive,sustainability,1,1,9,0.1111111111111111
VV1,VV,positive,urban integration,3,1,9,0.3333333333333333
VV2,VV,negative,daylight,1,1,6,0.16666666666666666
VV2,VV,negative,facade,1,1,6,0.16666666666666666
VV2,VV,negative,functionality,3,1,6,0.5
VV2,VV,negative,layout,2,1,6,0.3333333333333333
VV2,VV,negative,massing,1,1,6,0.16666666666666666
VV2,VV,negative,open space,3,1,6,0.5
VV2,VV,negative,proportion,1,1,6,0.16666666666666666
VV2,VV,negative,safety,1,1,6,0.16666666666666666
VV2,VV,negative,scale,1,1,6,0.16666666666666666
VV2,VV,positive,circulation,3,1,9,0.3333333333333333
VV2,VV,positive,cost,1,1,9,0.1111111111111111
VV2,VV,positive,expression,1,1,9,0.1111111111111111
VV2,VV,positive,functionality,2,1,9,0.2222222222222222
VV2,VV,positive,identity,1,1,9,0.1111111111111111
VV2,VV,positive,layout,2,1,9,0.2222222222222222
VV2,VV,positive,massing,3,1,9,0.3333333333333333
VV2,VV,positive,open space,2,1,9,0.2222222222222222
VV2,VV,positive,operation,1,1,9,0.1111111111111111
VV2,VV,positive,urban integration,3,1,9,0.3333333333333333
VV2,VV,positive,visibility,2,1,9,0.2222222222222222
VV3,VV,negative,circulation,2,1,6,0.3333333333333333
VV3,VV,negative,cost,1,1,6,0.16666666666666666
VV3,VV,negative,daylight,2,1,6,0.3333333333333333
VV3,VV,negative,fire safety,1,1,6,0.16666666666666666
VV3,VV,negative,functionality,1,1,6,0.16666666666666666
VV3,VV,negative,layout,1,1,6,0.16666666666666666
VV3,VV,negative,operation,2,1,6,0.3333333333333333
VV3,VV,negative,proportion,2,1,6,0.3333333333333333
VV3,VV,negative,safety,1,1,6,0.16666666666666666
VV3,VV,negative,scale,1,1,6,0.16666666666666666
VV3,VV,negative,sustainability,1,1,6,0.16666666666666666
VV3,VV,positive,circulation,2,1,10,0.2
VV3,VV,positive,daylight,1,1,10,0.1
VV3,VV,positive,expression,1,1,10,0.1
VV3,VV,positive,facade,1,1,10,0.1
VV3,VV,positive,flexibility,1,1,10,0.1
VV3,VV,positive,functionality,1,1,10,0.1
VV3,VV,positive,landscape,2,1,10,0.2
VV3,VV,positive,layout,1,1,10,0.1
VV3,VV,positive,massing,2,1,10,0.2
VV3,VV,positive,open space,3,1,10,0.3
VV3,VV,positive,orientation,1,1,10,0.1
VV3,VV,positive,structure,1,1,10,0.1
VV3,VV,positive,sustainability,1,1,10,0.1
VV3,VV,positive,urban integration,4,1,10,0.4
VV3,VV,positive,visibility,1,1,10,0.1
VV4,VV,negative,circulation,2,1,6,0.3333333333333333
VV4,VV,negative,expression,1,1,6,0.16666666666666666
VV4,VV,negative,functionality,3,1,6,0.5
VV4,VV,negative,layout,3,1,6,0.5
VV4,VV,negative,massing,2,1,6,0.3333333333333333
VV4,VV,negative,open space,1,1,6,0.16666666666666666
VV4,VV,negative,urban integration,1,1,6,0.16666666666666666
VV4,VV,positive,circulation,1,1,7,0.14285714285714285
VV4,VV,positive,daylight,1,1,7,0.14285714285714285
VV4,VV,positive,landscape,2,1,7,0.2857142857142857
VV4,VV,positive,layout,2,1,7,0.2857142857142857
VV4,VV,positive,open space,4,1,7,0.5714285714285714
VV4,VV,positive,proportion,1,1,7,0.14285714285714285
VV4,VV,positive,topography,1,1,7,0.14285714285714285
VV4,VV,positive,urban integration,2,1,7,0.2857142857142857
VVV1,VVV,positive,daylight,1,1,8,0.125
VVV1,VVV,positive,expression,4,1,8,0.5
VVV1,VVV,positive,functionality,1,1,8,0.125
VVV1,VVV,positive,identity,1,1,8,0.125
VVV1,VVV,positive,landscape,1,1,8,0.125
VVV1,VVV,positive,layout,3,1,8,0.375
VVV1,VVV,positive,massing,1,1,8,0.125
VVV1,VVV,positive,open space,1,1,8,0.125
VVV1,VVV,positive,operation,1,1,8,0.125
VVV1,VVV,positive,scale,1,1,8,0.125
VVV1,VVV,positive,structure,2,1,8,0.25
VVV1,VVV,positive,urban integration,2,1,8,0.25
VVV2,VVV,negative,circulation,1,1,3,0.3333333333333333
VVV2,VVV,negative,expression,1,1,3,0.3333333333333333
VVV2,VVV,negative,operation,1,1,3,0.3333333333333333
VVV2,VVV,negative,safety,1,1,3,0.3333333333333333
VVV2,VVV,negative,structure,1,1,3,0.3333333333333333
VVV2,VVV,negative,sustainability,1,1,3,0.3333333333333333
VVV2,VVV,positive,circulation,1,1,9,0.1111111111111111
VVV2,VVV,positive,cost,1,1,9,0.1111111111111111
VVV2,VVV,positive,expression,5,1,9,0.5555555555555556
VVV2,VVV,positive,flexibility,1,1,9,0.1111111111111111
VVV2,VVV,positive,functionality,3,1,9,0.3333333333333333
VVV2,VVV,positive,identity,1,1,9,0.1111111111111111
VVV2,VVV,positive,landscape,1,1,9,0.1111111111111111
VVV2,VVV,positive,layout,1,1,9,0.1111111111111111
VVV2,VVV,positive,massing,2,1,9,0.2222222222222222
VVV2,VVV,positive,open space,2,1,9,0.2222222222222222
VVV2,VVV,positive,operation,1,1,9,0.1111111111111111
VVV2,VVV,positive,scale,1,1,9,0.1111111111111111
VVV2,VVV,positive,structure,1,1,9,0.1111111111111111
VVV2,VVV,positive,urban integration,1,1,9,0.1111111111111111
VVV3,VVV,negative,expression,2,1,4,0.5
VVV3,VVV,negative,facade,1,1,4,0.25
VVV3,VVV,negative,functionality,1,1,4,0.25
VVV3,VVV,negative,landscape,1,1,4,0.25
VVV3,VVV,negative,layout,1,1,4,0.25
VVV3,VVV,negative,massing,1,1,4,0.25
VVV3,VVV,negative,urban integration,1,1,4,0.25
VVV3,VVV,positive,acoustics,1,1,8,0.125
VVV3,VVV,positive,circulation,1,1,8,0.125
VVV3,VVV,positive,daylight,1,1,8,0.125
VVV3,VVV,positive,functionality,2,1,8,0.25
VVV3,VVV,positive,landscape,3,1,8,0.375
VVV3,VVV,positive,layout,1,1,8,0.125
VVV3,VVV,positive,massing,1,1,8,0.125
VVV3,VVV,positive,open space,1,1,8,0.125
VVV3,VVV,positive,operation,1,1,8,0.125
VVV3,VVV,positive,proportion,1,1,8,0.125
VVV3,VVV,positive,structure,1,1,8,0.125
VVV3,VVV,positive,sustainability,1,1,8,0.125
VVV3,VVV,positive,urban integration,3,1,8,0.375
VVV4,VVV,negative,accessibility,1,1,6,0.16666666666666666
VVV4,VVV,negative,acoustics,1,1,6,0.16666666666666666
VVV4,VVV,negative,circulation,1,1,6,0.16666666666666666
VVV4,VVV,negative,expression,1,1,6,0.16666666666666666
VVV4,VVV,negative,functionality,2,1,6,0.3333333333333333
VVV4,VVV,negative,identity,1,1,6,0.16666666666666666
VVV4,VVV,negative,layout,3,1,6,0.5
VVV4,VVV,negative,massing,1,1,6,0.16666666666666666
VVV4,VVV,negative,open space,1,1,6,0.16666666666666666
VVV4,VVV,negative,operation,1,1,6,0.16666666666666666
VVV4,VVV,positive,circulation,1,1,6,0.16666666666666666
VVV4,VVV,positive,cost,1,1,6,0.16666666666666666
VVV4,VVV,positive,facade,1,1,6,0.16666666666666666
VVV4,VVV,positive,functionality,1,1,6,0.16666666666666666
VVV4,VVV,positive,landscape,1,1,6,0.16666666666666666
VVV4,VVV,positive,layout,1,1,6,0.16666666666666666
VVV4,VVV,positive,massing,2,1,6,0.3333333333333333
VVV4,VVV,positive,operation,1,1,6,0.16666666666666666
VVV4,VVV,positive,structure,2,1,6,0.3333333333333333
VVV4,VVV,positive,sustainability,1,1,6,0.16666666666666666
VVV5,VVV,negative,circulation,2,1,3,0.6666666666666666
VVV5,VVV,negative,expression,1,1,3,0.3333333333333333
VVV5,VVV,negative,functionality,1,1,3,0.3333333333333333
VVV5,VVV,negative,operation,2,1,3,0.6666666666666666
VVV5,VVV,negative,urban integration,1,1,3,0.3333333333333333
VVV5,VVV,positive,acoustics,1,1,5,0.2
VVV5,VVV,positive,expression,1,1,5,0.2
VVV5,VVV,positive,functionality,2,1,5,0.4
VVV5,VVV,positive,identity,1,1,5,0.2
VVV5,VVV,positive,landscape,1,1,5,0.2
VVV5,VVV,positive,layout,1,1,5,0.2
VVV5,VVV,positive,massing,1,1,5,0.2
VVV5,VVV,positive,structure,1,1,5,0.2
VVV5,VVV,positive,topography,1,1,5,0.2
VVV6,VVV,negative,expression,2,1,7,0.2857142857142857
VVV6,VVV,negative,flexibility,1,1,7,0.14285714285714285
VVV6,VVV,negative,functionality,3,1,7,0.42857142857142855
VVV6,VVV,negative,layout,2,1,7,0.2857142857142857
VVV6,VVV,negative,massing,1,1,7,0.14285714285714285
VVV6,VVV,negative,operation,3,1,7,0.42857142857142855
VVV6,VVV,negative,phasing,1,1,7,0.14285714285714285
VVV6,VVV,negative,regulatory compliance,1,1,7,0.14285714285714285
VVV6,VVV,negative,urban integration,1,1,7,0.14285714285714285
VVV6,VVV,positive,acoustics,1,1,6,0.16666666666666666
VVV6,VVV,positive,expression,2,1,6,0.3333333333333333
VVV6,VVV,positive,identity,1,1,6,0.16666666666666666
VVV6,VVV,positive,landscape,1,1,6,0.16666666666666666
VVV6,VVV,positive,massing,3,1,6,0.5
VVV6,VVV,positive,open space,1,1,6,0.16666666666666666
VVV6,VVV,positive,structure,2,1,6,0.3333333333333333
VVV6,VVV,positive,topography,1,1,6,0.16666666666666666
VVV6,VVV,positive,urban integration,1,1,6,0.16666666666666666
W1,W,negative,functionality,1,1,4,0.25
W1,W,negative,open space,1,1,4,0.25
W1,W,negative,operation,2,1,4,0.5
W1,W,negative,scale,1,1,4,0.25
W1,W,negative,structure,1,1,4,0.25
W1,W,negative,sustainability,1,1,4,0.25
W1,W,positive,circulation,1,1,9,0.1111111111111111
W1,W,positive,cost,2,1,9,0.2222222222222222
W1,W,positive,daylight,2,1,9,0.2222222222222222
W1,W,positive,flexibility,2,1,9,0.2222222222222222
W1,W,positive,landscape,1,1,9,0.1111111111111111
W1,W,positive,layout,2,1,9,0.2222222222222222
W1,W,positive,massing,1,1,9,0.1111111111111111
W1,W,positive,open space,2,1,9,0.2222222222222222
W1,W,positive,proportion,1,1,9,0.1111111111111111
W1,W,positive,scale,1,1,9,0.1111111111111111
W1,W,positive,sustainability,1,1,9,0.1111111111111111
W1,W,positive,urban integration,2,1,9,0.2222222222222222
W2,W,negative,circulation,4,1,8,0.5
W2,W,negative,expression,1,1,8,0.125
W2,W,negative,fire safety,1,1,8,0.125
W2,W,negative,functionality,2,1,8,0.25
W2,W,negative,operation,2,1,8,0.25
W2,W,negative,scale,1,1,8,0.125
W2,W,negative,structure,1,1,8,0.125
W2,W,negative,urban integration,1,1,8,0.125
W2,W,negative,ventilation,1,1,8,0.125
W2,W,positive,daylight,1,1,12,0.08333333333333333
W2,W,positive,expression,1,1,12,0.08333333333333333
W2,W,positive,flexibility,1,1,12,0.08333333333333333
W2,W,positive,functionality,4,1,12,0.3333333333333333
W2,W,positive,identity,2,1,12,0.16666666666666666
W2,W,positive,landscape,1,1,12,0.08333333333333333
W2,W,positive,layout,3,1,12,0.25
W2,W,positive,massing,1,1,12,0.08333333333333333
W2,W,positive,open space,2,1,12,0.16666666666666666
W2,W,positive,operation,1,1,12,0.08333333333333333
W2,W,positive,scale,1,1,12,0.08333333333333333
W2,W,positive,structure,2,1,12,0.16666666666666666
W2,W,positive,sustainability,2,1,12,0.16666666666666666
W2,W,positive,urban integration,1,1,12,0.08333333333333333
W2,W,positive,ventilation,2,1,12,0.16666666666666666
W3,W,negative,circulation,1,1,6,0.16666666666666666
W3,W,negative,comfort,1,1,6,0.16666666666666666
W3,W,negative,daylight,2,1,6,0.3333333333333333
W3,W,negative,functionality,3,1,6,0.5
W3,W,negative,landscape,1,1,6,0.16666666666666666
W3,W,negative,open space,1,1,6,0.16666666666666666
W3,W,negative,proportion,1,1,6,0.16666666666666666
W3,W,negative,structure,1,1,6,0.16666666666666666
W3,W,negative,sustainability,1,1,6,0.16666666666666666
W3,W,positive,circulation,2,1,8,0.25
W3,W,positive,daylight,1,1,8,0.125
W3,W,positive,flexibility,1,1,8,0.125
W3,W,positive,functionality,2,1,8,0.25
W3,W,positive,identity,1,1,8,0.125
W3,W,positive,landscape,2,1,8,0.25
W3,W,positive,layout,2,1,8,0.25
W3,W,positive,open space,3,1,8,0.375
W3,W,positive,operation,1,1,8,0.125
W3,W,positive,scale,1,1,8,0.125
W3,W,positive,urban integration,1,1,8,0.125
W4,W,negative,circulation,2,1,7,0.2857142857142857
W4,W,negative,comfort,1,1,7,0.14285714285714285
W4,W,negative,expression,2,1,7,0.2857142857142857
W4,W,negative,facade,1,1,7,0.14285714285714285
W4,W,negative,fire safety,1,1,7,0.14285714285714285
W4,W,negative,flexibility,1,1,7,0.14285714285714285
W4,W,negative,identity,1,1,7,0.14285714285714285
W4,W,negative,layout,1,1,7,0.14285714285714285
W4,W,negative,open space,2,1,7,0.2857142857142857
W4,W,negative,structure,1,1,7,0.14285714285714285
W4,W,negative,urban integration,1,1,7,0.14285714285714285
W4,W,positive,daylight,1,1,7,0.14285714285714285
W4,W,positive,facade,1,1,7,0.14285714285714285
W4,W,positive,functionality,1,1,7,0.14285714285714285
W4,W,positive,layout,1,1,7,0.14285714285714285
W4,W,positive,massing,2,1,7,0.2857142857142857
W4,W,positive,open space,1,1,7,0.14285714285714285
W4,W,positive,operation,1,1,7,0.14285714285714285
W4,W,positive,proportion,1,1,7,0.14285714285714285
W4,W,positive,scale,1,1,7,0.14285714285714285
W4,W,positive,sustainability,2,1,7,0.2857142857142857
W4,W,positive,urban integration,2,1,7,0.2857142857142857
W5,W,negative,comfort,1,1,8,0.125
W5,W,negative,facade,2,1,8,0.25
W5,W,negative,flexibility,1,1,8,0.125
W5,W,negative,functionality,2,1,8,0.25
W5,W,negative,identity,1,1,8,0.125
W5,W,negative,layout,1,1,8,0.125
W5,W,negative,massing,1,1,8,0.125
W5,W,negative,open space,2,1,8,0.25
W5,W,negative,scale,1,1,8,0.125
W5,W,negative,structure,1,1,8,0.125
W5,W,negative,sustainability,2,1,8,0.25
W5,W,negative,urban integration,1,1,8,0.125
W5,W,positive,circulation,2,1,9,0.2222222222222222
W5,W,positive,daylight,1,1,9,0.1111111111111111
W5,W,positive,expression,1,1,9,0.1111111111111111
W5,W,positive,facade,1,1,9,0.1111111111111111
W5,W,positive,functionality,1,1,9,0.1111111111111111
W5,W,positive,identity,1,1,9,0.1111111111111111
W5,W,positive,layout,2,1,9,0.2222222222222222
W5,W,positive,massing,1,1,9,0.1111111111111111
W5,W,positive,open space,1,1,9,0.1111111111111111
W5,W,positive,proportion,1,1,9,0.1111111111111111
W5,W,positive,scale,1,1,9,0.1111111111111111
W5,W,positive,sustainability,1,1,9,0.1111111111111111
W5,W,positive,urban integration,3,1,9,0.3333333333333333
W5,W,positive,visibility,1,1,9,0.1111111111111111
W6,W,negative,circulation,1,1,8,0.125
W6,W,negative,comfort,1,1,8,0.125
W6,W,negative,daylight,2,1,8,0.25
W6,W,negative,facade,1,1,8,0.125
W6,W,negative,functionality,2,1,8,0.25
W6,W,negative,identity,2,1,8,0.25
W6,W,negative,landscape,1,1,8,0.125
W6,W,negative,layout,1,1,8,0.125
W6,W,negative,open space,2,1,8,0.25
W6,W,negative,sustainability,1,1,8,0.125
W6,W,negative,urban integration,1,1,8,0.125
W6,W,negative,ventilation,1,1,8,0.125
W6,W,positive,circulation,1,1,8,0.125
W6,W,positive,expression,1,1,8,0.125
W6,W,positive,facade,1,1,8,0.125
W6,W,positive,fire safety,1,1,8,0.125
W6,W,positive,flexibility,1,1,8,0.125
W6,W,positive,functionality,1,1,8,0.125
W6,W,positive,layout,2,1,8,0.25
W6,W,positive,massing,2,1,8,0.25
W6,W,positive,open space,1,1,8,0.125
W6,W,positive,proportion,2,1,8,0.25
W6,W,positive,scale,1,1,8,0.125
W6,W,positive,sustainability,1,1,8,0.125
W6,W,positive,urban integration,1,1,8,0.125
W7,W,negative,circulation,1,1,8,0.125
W7,W,negative,comfort,1,1,8,0.125
W7,W,negative,daylight,2,1,8,0.25
W7,W,negative,expression,1,1,8,0.125
W7,W,negative,facade,1,1,8,0.125
W7,W,negative,functionality,1,1,8,0.125
W7,W,negative,landscape,1,1,8,0.125
W7,W,negative,layout,1,1,8,0.125
W7,W,negative,open space,2,1,8,0.25
W7,W,negative,operation,2,1,8,0.25
W7,W,negative,structure,1,1,8,0.125
W7,W,negative,sustainability,1,1,8,0.125
W7,W,negative,visibility,1,1,8,0.125
W7,W,positive,circulation,1,1,6,0.16666666666666666
W7,W,positive,flexibility,2,1,6,0.3333333333333333
W7,W,positive,functionality,2,1,6,0.3333333333333333
W7,W,positive,layout,1,1,6,0.16666666666666666
W7,W,positive,massing,2,1,6,0.3333333333333333
W7,W,positive,proportion,1,1,6,0.16666666666666666
W7,W,positive,urban integration,2,1,6,0.3333333333333333
W7,W,positive,visibility,1,1,6,0.16666666666666666
WW1,WW,negative,accessibility,2,1,7,0.2857142857142857
WW1,WW,negative,circulation,1,1,7,0.14285714285714285
WW1,WW,negative,expression,1,1,7,0.14285714285714285
WW1,WW,negative,facade,1,1,7,0.14285714285714285
WW1,WW,negative,fire safety,1,1,7,0.14285714285714285
WW1,WW,negative,functionality,1,1,7,0.14285714285714285
WW1,WW,negative,layout,1,1,7,0.14285714285714285
WW1,WW,negative,massing,1,1,7,0.14285714285714285
WW1,WW,negative,operation,1,1,7,0.14285714285714285
WW1,WW,negative,orientation,1,1,7,0.14285714285714285
WW1,WW,negative,scale,1,1,7,0.14285714285714285
WW1,WW,negative,sustainability,1,1,7,0.14285714285714285
WW1,WW,negative,urban integration,1,1,7,0.14285714285714285
WW1,WW,negative,visibility,1,1,7,0.14285714285714285
WW1,WW,positive,circulation,1,1,7,0.14285714285714285
WW1,WW,positive,cost,1,1,7,0.14285714285714285
WW1,WW,positive,flexibility,1,1,7,0.14285714285714285
WW1,WW,positive,identity,1,1,7,0.14285714285714285
WW1,WW,positive,landscape,1,1,7,0.14285714285714285
WW1,WW,positive,layout,1,1,7,0.14285714285714285
WW1,WW,positive,open space,1,1,7,0.14285714285714285
WW1,WW,positive,operation,2,1,7,0.2857142857142857
WW1,WW,positive,proportion,1,1,7,0.14285714285714285
WW1,WW,positive,scale,1,1,7,0.14285714285714285
WW1,WW,positive,structure,1,1,7,0.14285714285714285
WW1,WW,positive,sustainability,1,1,7,0.14285714285714285
WW1,WW,positive,urban integration,2,1,7,0.2857142857142857
WW2,WW,negative,accessibility,1,1,6,0.16666666666666666
WW2,WW,negative,circulation,1,1,6,0.16666666666666666
WW2,WW,negative,expression,2,1,6,0.3333333333333333
WW2,WW,negative,facade,1,1,6,0.16666666666666666
WW2,WW,negative,massing,2,1,6,0.3333333333333333
WW2,WW,negative,open space,1,1,6,0.16666666666666666
WW2,WW,negative,urban integration,3,1,6,0.5
WW2,WW,positive,accessibility,1,1,7,0.14285714285714285
WW2,WW,positive,circulation,2,1,7,0.2857142857142857
WW2,WW,positive,cost,1,1,7,0.14285714285714285
WW2,WW,positive,daylight,1,1,7,0.14285714285714285
WW2,WW,positive,functionality,2,1,7,0.2857142857142857
WW2,WW,positive,identity,1,1,7,0.14285714285714285
WW2,WW,positive,layout,1,1,7,0.14285714285714285
WW2,WW,positive,massing,1,1,7,0.14285714285714285
WW2,WW,positive,open space,2,1,7,0.2857142857142857
WW2,WW,positive,sustainability,1,1,7,0.14285714285714285
WW2,WW,positive,urban integration,1,1,7,0.14285714285714285
WW2,WW,positive,visibility,1,1,7,0.14285714285714285
WW3,WW,negative,accessibility,1,1,13,0.07692307692307693
WW3,WW,negative,circulation,3,1,13,0.23076923076923078
WW3,WW,negative,daylight,2,1,13,0.15384615384615385
WW3,WW,negative,flexibility,1,1,13,0.07692307692307693
WW3,WW,negative,functionality,2,1,13,0.15384615384615385
WW3,WW,negative,landscape,2,1,13,0.15384615384615385
WW3,WW,negative,layout,1,1,13,0.07692307692307693
WW3,WW,negative,massing,1,1,13,0.07692307692307693
WW3,WW,negative,open space,2,1,13,0.15384615384615385
WW3,WW,negative,operation,2,1,13,0.15384615384615385
WW3,WW,negative,regulatory compliance,1,1,13,0.07692307692307693
WW3,WW,negative,structure,1,1,13,0.07692307692307693
WW3,WW,negative,sustainability,1,1,13,0.07692307692307693
WW3,WW,negative,topography,2,1,13,0.15384615384615385
WW3,WW,negative,visibility,1,1,13,0.07692307692307693
WW3,WW,positive,accessibility,1,1,7,0.14285714285714285
WW3,WW,positive,circulation,1,1,7,0.14285714285714285
WW3,WW,positive,cost,1,1,7,0.14285714285714285
WW3,WW,positive,flexibility,1,1,7,0.14285714285714285
WW3,WW,positive,functionality,3,1,7,0.42857142857142855
WW3,WW,positive,layout,2,1,7,0.2857142857142857
WW3,WW,positive,massing,1,1,7,0.14285714285714285
WW3,WW,positive,structure,2,1,7,0.2857142857142857
WW3,WW,positive,sustainability,1,1,7,0.14285714285714285
WW4,WW,negative,accessibility,2,1,13,0.15384615384615385
WW4,WW,negative,acoustics,1,1,13,0.07692307692307693
WW4,WW,negative,circulation,3,1,13,0.23076923076923078
WW4,WW,negative,daylight,1,1,13,0.07692307692307693
WW4,WW,negative,expression,1,1,13,0.07692307692307693
WW4,WW,negative,facade,1,1,13,0.07692307692307693
WW4,WW,negative,functionality,1,1,13,0.07692307692307693
WW4,WW,negative,landscape,2,1,13,0.15384615384615385
WW4,WW,negative,layout,1,1,13,0.07692307692307693
WW4,WW,negative,massing,2,1,13,0.15384615384615385
WW4,WW,negative,open space,5,1,13,0.38461538461538464
WW4,WW,negative,operation,1,1,13,0.07692307692307693
WW4,WW,negative,regulatory compliance,1,1,13,0.07692307692307693
WW4,WW,negative,sustainability,2,1,13,0.15384615384615385
WW4,WW,negative,urban integration,1,1,13,0.07692307692307693
WW4,WW,negative,visibility,1,1,13,0.07692307692307693
WW4,WW,positive,circulation,2,1,8,0.25
WW4,WW,positive,cost,2,1,8,0.25
WW4,WW,positive,daylight,1,1,8,0.125
WW4,WW,positive,flexibility,1,1,8,0.125
WW4,WW,positive,functionality,1,1,8,0.125
WW4,WW,positive,identity,1,1,8,0.125
WW4,WW,positive,layout,2,1,8,0.25
WW4,WW,positive,massing,1,1,8,0.125
WW4,WW,positive,structure,1,1,8,0.125
WW4,WW,positive,topography,1,1,8,0.125
WW4,WW,positive,urban integration,1,1,8,0.125
WW5,WW,negative,circulation,4,1,14,0.2857142857142857
WW5,WW,negative,cost,1,1,14,0.07142857142857142
WW5,WW,negative,daylight,1,1,14,0.07142857142857142
WW5,WW,negative,expression,1,1,14,0.07142857142857142
WW5,WW,negative,facade,4,1,14,0.2857142857142857
WW5,WW,negative,flexibility,1,1,14,0.07142857142857142
WW5,WW,negative,functionality,3,1,14,0.21428571428571427
WW5,WW,negative,landscape,2,1,14,0.14285714285714285
WW5,WW,negative,layout,2,1,14,0.14285714285714285
WW5,WW,negative,massing,1,1,14,0.07142857142857142
WW5,WW,negative,open space,2,1,14,0.14285714285714285
WW5,WW,negative,scale,1,1,14,0.07142857142857142
WW5,WW,negative,sustainability,1,1,14,0.07142857142857142
WW5,WW,negative,urban integration,3,1,14,0.21428571428571427
WW5,WW,negative,visibility,1,1,14,0.07142857142857142
WW5,WW,positive,accessibility,1,1,7,0.14285714285714285
WW5,WW,positive,circulation,3,1,7,0.42857142857142855
WW5,WW,positive,cost,1,1,7,0.14285714285714285
WW5,WW,positive,functionality,1,1,7,0.14285714285714285
WW5,WW,positive,layout,1,1,7,0.14285714285714285
WW5,WW,positive,massing,1,1,7,0.14285714285714285
WW5,WW,positive,open space,1,1,7,0.14285714285714285
WW5,WW,positive,scale,1,1,7,0.14285714285714285
WW5,WW,positive,structure,1,1,7,0.14285714285714285
WW5,WW,positive,urban integration,2,1,7,0.2857142857142857
WW5,WW,positive,visibility,1,1,7,0.14285714285714285
WWW1,WWW,negative,accessibility,1,1,22,0.045454545454545456
WWW1,WWW,negative,acoustics,4,1,22,0.18181818181818182
WWW1,WWW,negative,circulation,4,1,22,0.18181818181818182
WWW1,WWW,negative,daylight,3,1,22,0.13636363636363635
WWW1,WWW,negative,expression,1,1,22,0.045454545454545456
WWW1,WWW,negative,facade,2,1,22,0.09090909090909091
WWW1,WWW,negative,functionality,4,1,22,0.18181818181818182
WWW1,WWW,negative,landscape,7,1,22,0.3181818181818182
WWW1,WWW,negative,layout,5,1,22,0.22727272727272727
WWW1,WWW,negative,open space,3,1,22,0.13636363636363635
WWW1,WWW,negative,operation,2,1,22,0.09090909090909091
WWW1,WWW,negative,sustainability,4,1,22,0.18181818181818182
WWW1,WWW,negative,topography,1,1,22,0.045454545454545456
WWW1,WWW,negative,urban integration,3,1,22,0.13636363636363635
WWW1,WWW,negative,ventilation,1,1,22,0.045454545454545456
WWW1,WWW,positive,acoustics,1,1,13,0.07692307692307693
WWW1,WWW,positive,circulation,3,1,13,0.23076923076923078
WWW1,WWW,positive,daylight,1,1,13,0.07692307692307693
WWW1,WWW,positive,expression,1,1,13,0.07692307692307693
WWW1,WWW,positive,flexibility,1,1,13,0.07692307692307693
WWW1,WWW,positive,functionality,3,1,13,0.23076923076923078
WWW1,WWW,positive,identity,1,1,13,0.07692307692307693
WWW1,WWW,positive,layout,4,1,13,0.3076923076923077
WWW1,WWW,positive,massing,2,1,13,0.15384615384615385
WWW1,WWW,positive,open space,2,1,13,0.15384615384615385
WWW1,WWW,positive,operation,1,1,13,0.07692307692307693
WWW1,WWW,positive,scale,1,1,13,0.07692307692307693
WWW1,WWW,positive,structure,1,1,13,0.07692307692307693
WWW1,WWW,positive,sustainability,2,1,13,0.15384615384615385
WWW1,WWW,positive,urban integration,1,1,13,0.07692307692307693
WWW1,WWW,positive,visibility,1,1,13,0.07692307692307693
WWW2,WWW,negative,accessibility,1,1,19,0.05263157894736842
WWW2,WWW,negative,acoustics,1,1,19,0.05263157894736842
WWW2,WWW,negative,circulation,8,1,19,0.42105263157894735
WWW2,WWW,negative,cost,1,1,19,0.05263157894736842
WWW2,WWW,negative,daylight,4,1,19,0.21052631578947367
WWW2,WWW,negative,expression,1,1,19,0.05263157894736842
WWW2,WWW,negative,facade,4,1,19,0.21052631578947367
WWW2,WWW,negative,functionality,3,1,19,0.15789473684210525
WWW2,WWW,negative,landscape,4,1,19,0.21052631578947367
WWW2,WWW,negative,layout,6,1,19,0.3157894736842105
WWW2,WWW,negative,massing,3,1,19,0.15789473684210525
WWW2,WWW,negative,open space,1,1,19,0.05263157894736842
WWW2,WWW,negative,operation,1,1,19,0.05263157894736842
WWW2,WWW,negative,proportion,3,1,19,0.15789473684210525
WWW2,WWW,negative,safety,1,1,19,0.05263157894736842
WWW2,WWW,negative,scale,1,1,19,0.05263157894736842
WWW2,WWW,negative,structure,1,1,19,0.05263157894736842
WWW2,WWW,negative,sustainability,5,1,19,0.2631578947368421
WWW2,WWW,negative,topography,1,1,19,0.05263157894736842
WWW2,WWW,negative,urban integration,3,1,19,0.15789473684210525
WWW2,WWW,negative,ventilation,1,1,19,0.05263157894736842
WWW2,WWW,positive,accessibility,1,1,10,0.1
WWW2,WWW,positive,circulation,2,1,10,0.2
WWW2,WWW,positive,daylight,1,1,10,0.1
WWW2,WWW,positive,flexibility,1,1,10,0.1
WWW2,WWW,positive,functionality,3,1,10,0.3
WWW2,WWW,positive,identity,3,1,10,0.3
WWW2,WWW,positive,landscape,4,1,10,0.4
WWW2,WWW,positive,layout,3,1,10,0.3
WWW2,WWW,positive,massing,1,1,10,0.1
WWW2,WWW,positive,open space,4,1,10,0.4
WWW2,WWW,positive,operation,2,1,10,0.2
WWW2,WWW,positive,proportion,1,1,10,0.1
WWW2,WWW,positive,topography,1,1,10,0.1
WWW2,WWW,positive,urban integration,3,1,10,0.3
WWW3,WWW,negative,accessibility,2,1,11,0.18181818181818182
WWW3,WWW,negative,acoustics,1,1,11,0.09090909090909091
WWW3,WWW,negative,circulation,5,1,11,0.45454545454545453
WWW3,WWW,negative,daylight,2,1,11,0.18181818181818182
WWW3,WWW,negative,functionality,3,1,11,0.2727272727272727
WWW3,WWW,negative,landscape,1,1,11,0.09090909090909091
WWW3,WWW,negative,layout,4,1,11,0.36363636363636365
WWW3,WWW,negative,open space,2,1,11,0.18181818181818182
WWW3,WWW,negative,operation,1,1,11,0.09090909090909091
WWW3,WWW,negative,proportion,2,1,11,0.18181818181818182
WWW3,WWW,negative,scale,1,1,11,0.09090909090909091
WWW3,WWW,negative,sustainability,2,1,11,0.18181818181818182
WWW3,WWW,negative,urban integration,1,1,11,0.09090909090909091
WWW3,WWW,negative,ventilation,1,1,11,0.09090909090909091
WWW3,WWW,negative,visibility,1,1,11,0.09090909090909091
WWW3,WWW,positive,circulation,5,1,10,0.5
WWW3,WWW,positive,daylight,2,1,10,0.2
WWW3,WWW,positive,functionality,1,1,10,0.1
WWW3,WWW,positive,identity,1,1,10,0.1
WWW3,WWW,positive,landscape,3,1,10,0.3
WWW3,WWW,positive,layout,3,1,10,0.3
WWW3,WWW,positive,massing,2,1,10,0.2
WWW3,WWW,positive,open space,3,1,10,0.3
WWW3,WWW,positive,operation,1,1,10,0.1
WWW3,WWW,positive,scale,1,1,10,0.1
WWW3,WWW,positive,sustainability,2,1,10,0.2
WWW3,WWW,positive,topography,2,1,10,0.2
WWW3,WWW,positive,urban integration,1,1,10,0.1
WWW3,WWW,positive,visibility,2,1,10,0.2
WWW4,WWW,negative,acoustics,2,1,17,0.11764705882352941
WWW4,WWW,negative,circulation,6,1,17,0.35294117647058826
WWW4,WWW,negative,cost,1,1,17,0.058823529411764705
WWW4,WWW,negative,daylight,2,1,17,0.11764705882352941
WWW4,WWW,negative,expression,3,1,17,0.17647058823529413
WWW4,WWW,negative,facade,2,1,17,0.11764705882352941
WWW4,WWW,negative,functionality,4,1,17,0.23529411764705882
WWW4,WWW,negative,identity,3,1,17,0.17647058823529413
WWW4,WWW,negative,landscape,3,1,17,0.17647058823529413
WWW4,WWW,negative,layout,9,1,17,0.5294117647058824
WWW4,WWW,negative,open space,2,1,17,0.11764705882352941
WWW4,WWW,negative,proportion,1,1,17,0.058823529411764705
WWW4,WWW,negative,safety,3,1,17,0.17647058823529413
WWW4,WWW,negative,scale,1,1,17,0.058823529411764705
WWW4,WWW,negative,sustainability,2,1,17,0.11764705882352941
WWW4,WWW,negative,topography,1,1,17,0.058823529411764705
WWW4,WWW,negative,urban integration,1,1,17,0.058823529411764705
WWW4,WWW,negative,ventilation,1,1,17,0.058823529411764705
WWW4,WWW,negative,visibility,1,1,17,0.058823529411764705
WWW4,WWW,positive,acoustics,1,1,9,0.1111111111111111
WWW4,WWW,positive,circulation,2,1,9,0.2222222222222222
WWW4,WWW,positive,cost,1,1,9,0.1111111111111111
WWW4,WWW,positive,daylight,1,1,9,0.1111111111111111
WWW4,WWW,positive,identity,3,1,9,0.3333333333333333
WWW4,WWW,positive,landscape,3,1,9,0.3333333333333333
WWW4,WWW,positive,layout,2,1,9,0.2222222222222222
WWW4,WWW,positive,massing,1,1,9,0.1111111111111111
WWW4,WWW,positive,open space,4,1,9,0.4444444444444444
WWW4,WWW,positive,structure,1,1,9,0.1111111111111111
WWW4,WWW,positive,sustainability,3,1,9,0.3333333333333333
WWW4,WWW,positive,topography,1,1,9,0.1111111111111111
WWW4,WWW,positive,urban integration,1,1,9,0.1111111111111111
WWW4,WWW,positive,visibility,1,1,9,0.1111111111111111
WWW5,WWW,negative,accessibility,3,1,16,0.1875
WWW5,WWW,negative,acoustics,1,1,16,0.0625
WWW5,WWW,negative,circulation,5,1,16,0.3125
WWW5,WWW,negative,cost,1,1,16,0.0625
WWW5,WWW,negative,daylight,1,1,16,0.0625
WWW5,WWW,negative,expression,2,1,16,0.125
WWW5,WWW,negative,facade,3,1,16,0.1875
WWW5,WWW,negative,functionality,2,1,16,0.125
WWW5,WWW,negative,identity,1,1,16,0.0625
WWW5,WWW,negative,landscape,4,1,16,0.25
WWW5,WWW,negative,layout,4,1,16,0.25
WWW5,WWW,negative,massing,1,1,16,0.0625
WWW5,WWW,negative,open space,3,1,16,0.1875
WWW5,WWW,negative,operation,3,1,16,0.1875
WWW5,WWW,negative,proportion,2,1,16,0.125
WWW5,WWW,negative,sustainability,3,1,16,0.1875
WWW5,WWW,negative,urban integration,3,1,16,0.1875
WWW5,WWW,negative,visibility,3,1,16,0.1875
WWW5,WWW,positive,acoustics,1,1,10,0.1
WWW5,WWW,positive,circulation,3,1,10,0.3
WWW5,WWW,positive,daylight,2,1,10,0.2
WWW5,WWW,positive,flexibility,1,1,10,0.1
WWW5,WWW,positive,functionality,2,1,10,0.2
WWW5,WWW,positive,identity,1,1,10,0.1
WWW5,WWW,positive,landscape,3,1,10,0.3
WWW5,WWW,positive,layout,3,1,10,0.3
WWW5,WWW,positive,massing,1,1,10,0.1
WWW5,WWW,positive,open space,2,1,10,0.2
WWW5,WWW,positive,operation,2,1,10,0.2
WWW5,WWW,positive,proportion,1,1,10,0.1
WWW5,WWW,positive,sustainability,1,1,10,0.1
WWW5,WWW,positive,urban integration,2,1,10,0.2
WWW5,WWW,positive,ventilation,1,1,10,0.1
WWW5,WWW,positive,visibility,2,1,10,0.2
WWW6,WWW,negative,accessibility,2,1,15,0.13333333333333333
WWW6,WWW,negative,circulation,4,1,15,0.26666666666666666
WWW6,WWW,negative,daylight,5,1,15,0.3333333333333333
WWW6,WWW,negative,expression,2,1,15,0.13333333333333333
WWW6,WWW,negative,facade,2,1,15,0.13333333333333333
WWW6,WWW,negative,flexibility,2,1,15,0.13333333333333333
WWW6,WWW,negative,functionality,4,1,15,0.26666666666666666
WWW6,WWW,negative,identity,1,1,15,0.06666666666666667
WWW6,WWW,negative,landscape,1,1,15,0.06666666666666667
WWW6,WWW,negative,layout,6,1,15,0.4
WWW6,WWW,negative,open space,1,1,15,0.06666666666666667
WWW6,WWW,negative,operation,1,1,15,0.06666666666666667
WWW6,WWW,negative,proportion,1,1,15,0.06666666666666667
WWW6,WWW,negative,safety,1,1,15,0.06666666666666667
WWW6,WWW,negative,scale,1,1,15,0.06666666666666667
WWW6,WWW,negative,sustainability,2,1,15,0.13333333333333333
WWW6,WWW,negative,urban integration,1,1,15,0.06666666666666667
WWW6,WWW,negative,ventilation,2,1,15,0.13333333333333333
WWW6,WWW,negative,visibility,2,1,15,0.13333333333333333
WWW6,WWW,positive,acoustics,2,1,10,0.2
WWW6,WWW,positive,circulation,1,1,10,0.1
WWW6,WWW,positive,cost,1,1,10,0.1
WWW6,WWW,positive,daylight,1,1,10,0.1
WWW6,WWW,positive,facade,1,1,10,0.1
WWW6,WWW,positive,flexibility,1,1,10,0.1
WWW6,WWW,positive,functionality,1,1,10,0.1
WWW6,WWW,positive,identity,1,1,10,0.1
WWW6,WWW,positive,landscape,2,1,10,0.2
WWW6,WWW,positive,layout,4,1,10,0.4
WWW6,WWW,positive,massing,1,1,10,0.1
WWW6,WWW,positive,open space,2,1,10,0.2
WWW6,WWW,positive,scale,1,1,10,0.1
WWW6,WWW,positive,structure,2,1,10,0.2
WWW6,WWW,positive,sustainability,2,1,10,0.2
WWW6,WWW,positive,urban integration,3,1,10,0.3
WWW6,WWW,positive,ventilation,1,1,10,0.1
WWW6,WWW,positive,visibility,2,1,10,0.2
X1,X,negative,accessibility,1,1,4,0.25
X1,X,negative,circulation,1,1,4,0.25
X1,X,negative,daylight,1,1,4,0.25
X1,X,negative,expression,1,1,4,0.25
X1,X,negative,facade,1,1,4,0.25
X1,X,negative,landscape,1,1,4,0.25
X1,X,negative,massing,1,1,4,0.25
X1,X,negative,open space,1,1,4,0.25
X1,X,positive,circulation,2,1,6,0.3333333333333333
X1,X,positive,daylight,1,1,6,0.16666666666666666
X1,X,positive,expression,2,1,6,0.3333333333333333
X1,X,positive,facade,1,1,6,0.16666666666666666
X1,X,positive,functionality,1,1,6,0.16666666666666666
X1,X,positive,identity,1,1,6,0.16666666666666666
X1,X,positive,landscape,1,1,6,0.16666666666666666
X1,X,positive,layout,2,1,6,0.3333333333333333
X1,X,positive,massing,2,1,6,0.3333333333333333
X1,X,positive,open space,1,1,6,0.16666666666666666
X1,X,positive,structure,1,1,6,0.16666666666666666
X1,X,positive,topography,1,1,6,0.16666666666666666
X1,X,positive,urban integration,2,1,6,0.3333333333333333
X2,X,negative,daylight,2,1,2,1.0
X2,X,negative,proportion,1,1,2,0.5
X2,X,negative,scale,1,1,2,0.5
X2,X,positive,accessibility,1,1,7,0.14285714285714285
X2,X,positive,circulation,2,1,7,0.2857142857142857
X2,X,positive,cost,1,1,7,0.14285714285714285
X2,X,positive,functionality,2,1,7,0.2857142857142857
X2,X,positive,landscape,1,1,7,0.14285714285714285
X2,X,positive,layout,2,1,7,0.2857142857142857
X2,X,positive,massing,2,1,7,0.2857142857142857
X2,X,positive,open space,1,1,7,0.14285714285714285
X2,X,positive,proportion,1,1,7,0.14285714285714285
X2,X,positive,safety,1,1,7,0.14285714285714285
X2,X,positive,topography,1,1,7,0.14285714285714285
X2,X,positive,urban integration,3,1,7,0.42857142857142855
X2,X,positive,visibility,1,1,7,0.14285714285714285
X3,X,positive,circulation,1,1,6,0.16666666666666666
X3,X,positive,expression,2,1,6,0.3333333333333333
X3,X,positive,facade,1,1,6,0.16666666666666666
X3,X,positive,identity,2,1,6,0.3333333333333333
X3,X,positive,landscape,2,1,6,0.3333333333333333
X3,X,positive,massing,2,1,6,0.3333333333333333
X3,X,positive,open space,2,1,6,0.3333333333333333
X3,X,positive,topography,2,1,6,0.3333333333333333
X3,X,positive,urban integration,3,1,6,0.5
X4,X,negative,expression,1,1,3,0.3333333333333333
X4,X,negative,functionality,1,1,3,0.3333333333333333
X4,X,negative,layout,3,1,3,1.0
X4,X,negative,massing,1,1,3,0.3333333333333333
X4,X,negative,visibility,1,1,3,0.3333333333333333
X4,X,positive,circulation,2,1,7,0.2857142857142857
X4,X,positive,functionality,1,1,7,0.14285714285714285
X4,X,positive,landscape,3,1,7,0.42857142857142855
X4,X,positive,layout,1,1,7,0.14285714285714285
X4,X,positive,massing,5,1,7,0.7142857142857143
X4,X,positive,open space,1,1,7,0.14285714285714285
X4,X,positive,scale,1,1,7,0.14285714285714285
X4,X,positive,topography,2,1,7,0.2857142857142857
X4,X,positive,urban integration,3,1,7,0.42857142857142855
X4,X,positive,visibility,1,1,7,0.14285714285714285
XX1,XX,negative,accessibility,2,1,8,0.25
XX1,XX,negative,circulation,4,1,8,0.5
XX1,XX,negative,cost,1,1,8,0.125
XX1,XX,negative,fire safety,1,1,8,0.125
XX1,XX,negative,functionality,2,1,8,0.25
XX1,XX,negative,layout,3,1,8,0.375
XX1,XX,negative,operation,1,1,8,0.125
XX1,XX,negative,safety,1,1,8,0.125
XX1,XX,negative,sustainability,2,1,8,0.25
XX1,XX,negative,visibility,1,1,8,0.125
XX1,XX,positive,acoustics,2,1,11,0.18181818181818182
XX1,XX,positive,circulation,2,1,11,0.18181818181818182
XX1,XX,positive,cost,1,1,11,0.09090909090909091
XX1,XX,positive,daylight,1,1,11,0.09090909090909091
XX1,XX,positive,expression,2,1,11,0.18181818181818182
XX1,XX,positive,functionality,1,1,11,0.09090909090909091
XX1,XX,positive,landscape,5,1,11,0.45454545454545453
XX1,XX,positive,layout,1,1,11,0.09090909090909091
XX1,XX,positive,massing,5,1,11,0.45454545454545453
XX1,XX,positive,open space,3,1,11,0.2727272727272727
XX1,XX,positive,scale,1,1,11,0.09090909090909091
XX1,XX,positive,structure,1,1,11,0.09090909090909091
XX1,XX,positive,topography,4,1,11,0.36363636363636365
XX1,XX,positive,urban integration,2,1,11,0.18181818181818182
XX1,XX,positive,ventilation,1,1,11,0.09090909090909091
XX1,XX,positive,visibility,1,1,11,0.09090909090909091
XX2,XX,negative,accessibility,1,1,6,0.16666666666666666
XX2,XX,negative,circulation,2,1,6,0.3333333333333333
XX2,XX,negative,daylight,1,1,6,0.16666666666666666
XX2,XX,negative,expression,2,1,6,0.3333333333333333
XX2,XX,negative,facade,1,1,6,0.16666666666666666
XX2,XX,negative,identity,1,1,6,0.16666666666666666
XX2,XX,negative,landscape,2,1,6,0.3333333333333333
XX2,XX,negative,open space,1,1,6,0.16666666666666666
XX2,XX,negative,proportion,1,1,6,0.16666666666666666
XX2,XX,negative,safety,1,1,6,0.16666666666666666
XX2,XX,negative,structure,1,1,6,0.16666666666666666
XX2,XX,negative,visibility,1,1,6,0.16666666666666666
XX2,XX,positive,acoustics,1,1,4,0.25
XX2,XX,positive,circulation,1,1,4,0.25
XX2,XX,positive,functionality,1,1,4,0.25
XX2,XX,positive,landscape,1,1,4,0.25
XX2,XX,positive,layout,1,1,4,0.25
XX2,XX,positive,scale,1,1,4,0.25
XX2,XX,positive,urban integration,1,1,4,0.25
XX2,XX,positive,visibility,1,1,4,0.25
XX3,XX,negative,accessibility,1,1,7,0.14285714285714285
XX3,XX,negative,acoustics,1,1,7,0.14285714285714285
XX3,XX,negative,daylight,1,1,7,0.14285714285714285
XX3,XX,negative,expression,1,1,7,0.14285714285714285
XX3,XX,negative,facade,1,1,7,0.14285714285714285
XX3,XX,negative,functionality,2,1,7,0.2857142857142857
XX3,XX,negative,identity,1,1,7,0.14285714285714285
XX3,XX,negative,layout,4,1,7,0.5714285714285714
XX3,XX,negative,operation,1,1,7,0.14285714285714285
XX3,XX,negative,safety,1,1,7,0.14285714285714285
XX3,XX,negative,structure,1,1,7,0.14285714285714285
XX3,XX,positive,accessibility,1,1,7,0.14285714285714285
XX3,XX,positive,acoustics,1,1,7,0.14285714285714285
XX3,XX,positive,circulation,2,1,7,0.2857142857142857
XX3,XX,positive,flexibility,1,1,7,0.14285714285714285
XX3,XX,positive,functionality,2,1,7,0.2857142857142857
XX3,XX,positive,layout,3,1,7,0.42857142857142855
XX3,XX,positive,massing,1,1,7,0.14285714285714285
XX3,XX,positive,open space,1,1,7,0.14285714285714285
XX3,XX,positive,privacy,2,1,7,0.2857142857142857
XX3,XX,positive,proportion,1,1,7,0.14285714285714285
XX3,XX,positive,topography,1,1,7,0.14285714285714285
XX3,XX,positive,urban integration,1,1,7,0.14285714285714285
XX3,XX,positive,visibility,1,1,7,0.14285714285714285
XX4,XX,negative,accessibility,1,1,7,0.14285714285714285
XX4,XX,negative,circulation,1,1,7,0.14285714285714285
XX4,XX,negative,cost,2,1,7,0.2857142857142857
XX4,XX,negative,facade,2,1,7,0.2857142857142857
XX4,XX,negative,fire safety,1,1,7,0.14285714285714285
XX4,XX,negative,functionality,1,1,7,0.14285714285714285
XX4,XX,negative,layout,3,1,7,0.42857142857142855
XX4,XX,negative,massing,2,1,7,0.2857142857142857
XX4,XX,negative,open space,1,1,7,0.14285714285714285
XX4,XX,negative,safety,1,1,7,0.14285714285714285
XX4,XX,negative,sustainability,1,1,7,0.14285714285714285
XX4,XX,negative,visibility,1,1,7,0.14285714285714285
XX4,XX,positive,accessibility,1,1,8,0.125
XX4,XX,positive,circulation,1,1,8,0.125
XX4,XX,positive,daylight,1,1,8,0.125
XX4,XX,positive,expression,1,1,8,0.125
XX4,XX,positive,functionality,2,1,8,0.25
XX4,XX,positive,identity,1,1,8,0.125
XX4,XX,positive,landscape,2,1,8,0.25
XX4,XX,positive,layout,3,1,8,0.375
XX4,XX,positive,massing,4,1,8,0.5
XX4,XX,positive,open space,1,1,8,0.125
XX4,XX,positive,scale,1,1,8,0.125
XX4,XX,positive,urban integration,2,1,8,0.25
XX4,XX,positive,visibility,1,1,8,0.125
XX5,XX,negative,accessibility,1,1,8,0.125
XX5,XX,negative,circulation,2,1,8,0.25
XX5,XX,negative,cost,1,1,8,0.125
XX5,XX,negative,expression,1,1,8,0.125
XX5,XX,negative,facade,2,1,8,0.25
XX5,XX,negative,fire safety,1,1,8,0.125
XX5,XX,negative,landscape,1,1,8,0.125
XX5,XX,negative,layout,1,1,8,0.125
XX5,XX,negative,massing,2,1,8,0.25
XX5,XX,negative,open space,1,1,8,0.125
XX5,XX,negative,safety,1,1,8,0.125
XX5,XX,negative,sustainability,1,1,8,0.125
XX5,XX,negative,topography,2,1,8,0.25
XX5,XX,negative,urban integration,1,1,8,0.125
XX5,XX,negative,visibility,1,1,8,0.125
XX5,XX,positive,acoustics,1,1,5,0.2
XX5,XX,positive,cost,1,1,5,0.2
XX5,XX,positive,daylight,1,1,5,0.2
XX5,XX,positive,facade,1,1,5,0.2
XX5,XX,positive,functionality,1,1,5,0.2
XX5,XX,positive,layout,2,1,5,0.4
XX5,XX,positive,massing,1,1,5,0.2
XX5,XX,positive,operation,1,1,5,0.2
XX5,XX,positive,scale,1,1,5,0.2
XX5,XX,positive,structure,1,1,5,0.2
XX5,XX,positive,visibility,1,1,5,0.2
XXX1,XXX,negative,expression,1,1,6,0.16666666666666666
XXX1,XXX,negative,landscape,2,1,6,0.3333333333333333
XXX1,XXX,negative,massing,1,1,6,0.16666666666666666
XXX1,XXX,negative,open space,2,1,6,0.3333333333333333
XXX1,XXX,negative,structure,2,1,6,0.3333333333333333
XXX1,XXX,negative,sustainability,2,1,6,0.3333333333333333
XXX1,XXX,negative,urban integration,1,1,6,0.16666666666666666
XXX1,XXX,negative,ventilation,1,1,6,0.16666666666666666
XXX1,XXX,positive,accessibility,1,1,6,0.16666666666666666
XXX1,XXX,positive,circulation,1,1,6,0.16666666666666666
XXX1,XXX,positive,expression,2,1,6,0.3333333333333333
XXX1,XXX,positive,facade,1,1,6,0.16666666666666666
XXX1,XXX,positive,flexibility,1,1,6,0.16666666666666666
XXX1,XXX,positive,identity,2,1,6,0.3333333333333333
XXX1,XXX,positive,layout,2,1,6,0.3333333333333333
XXX1,XXX,positive,massing,3,1,6,0.5
XXX1,XXX,positive,sustainability,1,1,6,0.16666666666666666
XXX1,XXX,positive,urban integration,1,1,6,0.16666666666666666
XXX2,XXX,negative,cost,1,1,3,0.3333333333333333
XXX2,XXX,negative,expression,1,1,3,0.3333333333333333
XXX2,XXX,negative,flexibility,1,1,3,0.3333333333333333
XXX2,XXX,negative,landscape,1,1,3,0.3333333333333333
XXX2,XXX,negative,layout,1,1,3,0.3333333333333333
XXX2,XXX,negative,sustainability,2,1,3,0.6666666666666666
XXX2,XXX,positive,acoustics,1,1,8,0.125
XXX2,XXX,positive,circulation,2,1,8,0.25
XXX2,XXX,positive,cost,2,1,8,0.25
XXX2,XXX,positive,daylight,1,1,8,0.125
XXX2,XXX,positive,expression,1,1,8,0.125
XXX2,XXX,positive,flexibility,1,1,8,0.125
XXX2,XXX,positive,identity,1,1,8,0.125
XXX2,XXX,positive,landscape,2,1,8,0.25
XXX2,XXX,positive,layout,1,1,8,0.125
XXX2,XXX,positive,massing,1,1,8,0.125
XXX2,XXX,positive,open space,2,1,8,0.25
XXX2,XXX,positive,safety,1,1,8,0.125
XXX2,XXX,positive,scale,1,1,8,0.125
XXX2,XXX,positive,structure,2,1,8,0.25
XXX2,XXX,positive,sustainability,3,1,8,0.375
XXX2,XXX,positive,urban integration,1,1,8,0.125
XXX3,XXX,negative,accessibility,1,1,11,0.09090909090909091
XXX3,XXX,negative,circulation,2,1,11,0.18181818181818182
XXX3,XXX,negative,daylight,1,1,11,0.09090909090909091
XXX3,XXX,negative,expression,2,1,11,0.18181818181818182
XXX3,XXX,negative,functionality,2,1,11,0.18181818181818182
XXX3,XXX,negative,identity,1,1,11,0.09090909090909091
XXX3,XXX,negative,landscape,1,1,11,0.09090909090909091
XXX3,XXX,negative,layout,2,1,11,0.18181818181818182
XXX3,XXX,negative,open space,4,1,11,0.36363636363636365
XXX3,XXX,negative,safety,1,1,11,0.09090909090909091
XXX3,XXX,negative,scale,1,1,11,0.09090909090909091
XXX3,XXX,negative,structure,1,1,11,0.09090909090909091
XXX3,XXX,negative,sustainability,2,1,11,0.18181818181818182
XXX3,XXX,negative,urban integration,3,1,11,0.2727272727272727
XXX3,XXX,negative,visibility,1,1,11,0.09090909090909091
XXX3,XXX,positive,functionality,2,1,6,0.3333333333333333
XXX3,XXX,positive,identity,1,1,6,0.16666666666666666
XXX3,XXX,positive,landscape,2,1,6,0.3333333333333333
XXX3,XXX,positive,layout,2,1,6,0.3333333333333333
XXX3,XXX,positive,massing,1,1,6,0.16666666666666666
XXX3,XXX,positive,open space,2,1,6,0.3333333333333333
XXX3,XXX,positive,proportion,1,1,6,0.16666666666666666
XXX3,XXX,positive,scale,1,1,6,0.16666666666666666
XXX3,XXX,positive,sustainability,1,1,6,0.16666666666666666
XXX3,XXX,positive,urban integration,2,1,6,0.3333333333333333
XXX4,XXX,negative,circulation,3,1,9,0.3333333333333333
XXX4,XXX,negative,cost,1,1,9,0.1111111111111111
XXX4,XXX,negative,daylight,2,1,9,0.2222222222222222
XXX4,XXX,negative,expression,3,1,9,0.3333333333333333
XXX4,XXX,negative,facade,1,1,9,0.1111111111111111
XXX4,XXX,negative,functionality,2,1,9,0.2222222222222222
XXX4,XXX,negative,layout,2,1,9,0.2222222222222222
XXX4,XXX,negative,massing,1,1,9,0.1111111111111111
XXX4,XXX,negative,proportion,2,1,9,0.2222222222222222
XXX4,XXX,negative,structure,1,1,9,0.1111111111111111
XXX4,XXX,negative,sustainability,2,1,9,0.2222222222222222
XXX4,XXX,negative,urban integration,1,1,9,0.1111111111111111
XXX4,XXX,positive,circulation,1,1,8,0.125
XXX4,XXX,positive,flexibility,1,1,8,0.125
XXX4,XXX,positive,functionality,1,1,8,0.125
XXX4,XXX,positive,landscape,3,1,8,0.375
XXX4,XXX,positive,layout,3,1,8,0.375
XXX4,XXX,positive,massing,2,1,8,0.25
XXX4,XXX,positive,open space,4,1,8,0.5
XXX4,XXX,positive,privacy,1,1,8,0.125
XXX4,XXX,positive,proportion,1,1,8,0.125
XXX4,XXX,positive,structure,1,1,8,0.125
XXX4,XXX,positive,sustainability,2,1,8,0.25
XXX4,XXX,positive,urban integration,3,1,8,0.375
XXX5,XXX,negative,circulation,1,1,8,0.125
XXX5,XXX,negative,cost,1,1,8,0.125
XXX5,XXX,negative,daylight,1,1,8,0.125
XXX5,XXX,negative,expression,2,1,8,0.25
XXX5,XXX,negative,facade,1,1,8,0.125
XXX5,XXX,negative,functionality,2,1,8,0.25
XXX5,XXX,negative,identity,2,1,8,0.25
XXX5,XXX,negative,landscape,1,1,8,0.125
XXX5,XXX,negative,layout,3,1,8,0.375
XXX5,XXX,negative,massing,1,1,8,0.125
XXX5,XXX,negative,open space,1,1,8,0.125
XXX5,XXX,negative,proportion,1,1,8,0.125
XXX5,XXX,negative,scale,1,1,8,0.125
XXX5,XXX,negative,structure,1,1,8,0.125
XXX5,XXX,negative,urban integration,2,1,8,0.25
XXX5,XXX,negative,visibility,2,1,8,0.25
XXX5,XXX,positive,circulation,1,1,7,0.14285714285714285
XXX5,XXX,positive,expression,1,1,7,0.14285714285714285
XXX5,XXX,positive,functionality,1,1,7,0.14285714285714285
XXX5,XXX,positive,landscape,1,1,7,0.14285714285714285
XXX5,XXX,positive,layout,1,1,7,0.14285714285714285
XXX5,XXX,positive,massing,1,1,7,0.14285714285714285
XXX5,XXX,positive,open space,3,1,7,0.42857142857142855
XXX5,XXX,positive,scale,1,1,7,0.14285714285714285
XXX5,XXX,positive,sustainability,3,1,7,0.42857142857142855
XXX5,XXX,positive,urban integration,3,1,7,0.42857142857142855
XXX6,XXX,negative,circulation,1,1,9,0.1111111111111111
XXX6,XXX,negative,cost,1,1,9,0.1111111111111111
XXX6,XXX,negative,daylight,1,1,9,0.1111111111111111
XXX6,XXX,negative,expression,1,1,9,0.1111111111111111
XXX6,XXX,negative,flexibility,2,1,9,0.2222222222222222
XXX6,XXX,negative,functionality,1,1,9,0.1111111111111111
XXX6,XXX,negative,identity,1,1,9,0.1111111111111111
XXX6,XXX,negative,landscape,1,1,9,0.1111111111111111
XXX6,XXX,negative,layout,3,1,9,0.3333333333333333
XXX6,XXX,negative,massing,1,1,9,0.1111111111111111
XXX6,XXX,negative,open space,2,1,9,0.2222222222222222
XXX6,XXX,negative,proportion,2,1,9,0.2222222222222222
XXX6,XXX,negative,structure,2,1,9,0.2222222222222222
XXX6,XXX,negative,sustainability,3,1,9,0.3333333333333333
XXX6,XXX,negative,urban integration,1,1,9,0.1111111111111111
XXX6,XXX,positive,circulation,1,1,7,0.14285714285714285
XXX6,XXX,positive,expression,1,1,7,0.14285714285714285
XXX6,XXX,positive,flexibility,1,1,7,0.14285714285714285
XXX6,XXX,positive,functionality,1,1,7,0.14285714285714285
XXX6,XXX,positive,landscape,4,1,7,0.5714285714285714
XXX6,XXX,positive,open space,1,1,7,0.14285714285714285
XXX6,XXX,positive,structure,1,1,7,0.14285714285714285
XXX6,XXX,positive,sustainability,4,1,7,0.5714285714285714
XXX6,XXX,positive,urban integration,2,1,7,0.2857142857142857
XXX7,XXX,negative,circulation,1,1,6,0.16666666666666666
XXX7,XXX,negative,daylight,1,1,6,0.16666666666666666
XXX7,XXX,negative,durability,1,1,6,0.16666666666666666
XXX7,XXX,negative,expression,2,1,6,0.3333333333333333
XXX7,XXX,negative,facade,2,1,6,0.3333333333333333
XXX7,XXX,negative,functionality,2,1,6,0.3333333333333333
XXX7,XXX,negative,identity,1,1,6,0.16666666666666666
XXX7,XXX,negative,landscape,1,1,6,0.16666666666666666
XXX7,XXX,negative,layout,1,1,6,0.16666666666666666
XXX7,XXX,negative,massing,2,1,6,0.3333333333333333
XXX7,XXX,negative,structure,1,1,6,0.16666666666666666
XXX7,XXX,negative,sustainability,2,1,6,0.3333333333333333
XXX7,XXX,negative,urban integration,1,1,6,0.16666666666666666
XXX7,XXX,positive,landscape,2,1,2,1.0
XXX7,XXX,positive,sustainability,1,1,2,0.5
XXX7,XXX,positive,urban integration,2,1,2,1.0
XXX8,XXX,negative,circulation,1,1,8,0.125
XXX8,XXX,negative,expression,3,1,8,0.375
XXX8,XXX,negative,facade,1,1,8,0.125
XXX8,XXX,negative,identity,1,1,8,0.125
XXX8,XXX,negative,landscape,1,1,8,0.125
XXX8,XXX,negative,layout,2,1,8,0.25
XXX8,XXX,negative,massing,3,1,8,0.375
XXX8,XXX,negative,open space,2,1,8,0.25
XXX8,XXX,negative,proportion,1,1,8,0.125
XXX8,XXX,negative,safety,1,1,8,0.125
XXX8,XXX,negative,scale,1,1,8,0.125
XXX8,XXX,negative,structure,1,1,8,0.125
XXX8,XXX,negative,sustainability,1,1,8,0.125
XXX8,XXX,negative,urban integration,1,1,8,0.125
XXX8,XXX,negative,ventilation,1,1,8,0.125
XXX8,XXX,positive,circulation,1,1,4,0.25
XXX8,XXX,positive,landscape,1,1,4,0.25
XXX8,XXX,positive,operation,2,1,4,0.5
XXX8,XXX,positive,structure,1,1,4,0.25
XXX8,XXX,positive,sustainability,2,1,4,0.5
XXX8,XXX,positive,urban integration,1,1,4,0.25
Y1,Y,negative,expression,1,1,4,0.25
Y1,Y,negative,facade,1,1,4,0.25
Y1,Y,negative,identity,1,1,4,0.25
Y1,Y,negative,massing,2,1,4,0.5
Y1,Y,negative,proportion,1,1,4,0.25
Y1,Y,negative,structure,1,1,4,0.25
Y1,Y,negative,sustainability,2,1,4,0.5
Y1,Y,positive,circulation,1,1,7,0.14285714285714285
Y1,Y,positive,daylight,1,1,7,0.14285714285714285
Y1,Y,positive,fire safety,1,1,7,0.14285714285714285
Y1,Y,positive,flexibility,2,1,7,0.2857142857142857
Y1,Y,positive,functionality,1,1,7,0.14285714285714285
Y1,Y,positive,landscape,1,1,7,0.14285714285714285
Y1,Y,positive,layout,2,1,7,0.2857142857142857
Y1,Y,positive,open space,2,1,7,0.2857142857142857
Y1,Y,positive,structure,1,1,7,0.14285714285714285
Y1,Y,positive,sustainability,1,1,7,0.14285714285714285
Y1,Y,positive,urban integration,1,1,7,0.14285714285714285
Y2,Y,negative,accessibility,1,1,7,0.14285714285714285
Y2,Y,negative,circulation,1,1,7,0.14285714285714285
Y2,Y,negative,facade,2,1,7,0.2857142857142857
Y2,Y,negative,flexibility,2,1,7,0.2857142857142857
Y2,Y,negative,functionality,1,1,7,0.14285714285714285
Y2,Y,negative,open space,1,1,7,0.14285714285714285
Y2,Y,negative,operation,2,1,7,0.2857142857142857
Y2,Y,negative,safety,1,1,7,0.14285714285714285
Y2,Y,negative,sustainability,1,1,7,0.14285714285714285
Y2,Y,negative,urban integration,2,1,7,0.2857142857142857
Y2,Y,positive,circulation,2,1,6,0.3333333333333333
Y2,Y,positive,expression,2,1,6,0.3333333333333333
Y2,Y,positive,identity,1,1,6,0.16666666666666666
Y2,Y,positive,layout,3,1,6,0.5
Y2,Y,positive,massing,2,1,6,0.3333333333333333
Y2,Y,positive,sustainability,1,1,6,0.16666666666666666
Y2,Y,positive,urban integration,2,1,6,0.3333333333333333
Y3,Y,negative,daylight,2,1,4,0.5
Y3,Y,negative,facade,1,1,4,0.25
Y3,Y,negative,layout,2,1,4,0.5
Y3,Y,negative,massing,2,1,4,0.5
Y3,Y,negative,proportion,1,1,4,0.25
Y3,Y,negative,scale,1,1,4,0.25
Y3,Y,negative,sustainability,1,1,4,0.25
Y3,Y,positive,circulation,1,1,7,0.14285714285714285
Y3,Y,positive,expression,1,1,7,0.14285714285714285
Y3,Y,positive,flexibility,2,1,7,0.2857142857142857
Y3,Y,positive,identity,1,1,7,0.14285714285714285
Y3,Y,positive,landscape,1,1,7,0.14285714285714285
Y3,Y,positive,layout,2,1,7,0.2857142857142857
Y3,Y,positive,massing,2,1,7,0.2857142857142857
Y3,Y,positive,open space,1,1,7,0.14285714285714285
Y3,Y,positive,proportion,1,1,7,0.14285714285714285
Y3,Y,positive,structure,1,1,7,0.14285714285714285
Y3,Y,positive,urban integration,1,1,7,0.14285714285714285
Y4,Y,negative,accessibility,2,1,10,0.2
Y4,Y,negative,circulation,1,1,10,0.1
Y4,Y,negative,cost,1,1,10,0.1
Y4,Y,negative,expression,1,1,10,0.1
Y4,Y,negative,facade,2,1,10,0.2
Y4,Y,negative,flexibility,1,1,10,0.1
Y4,Y,negative,functionality,2,1,10,0.2
Y4,Y,negative,layout,1,1,10,0.1
Y4,Y,negative,massing,2,1,10,0.2
Y4,Y,negative,open space,1,1,10,0.1
Y4,Y,negative,operation,2,1,10,0.2
Y4,Y,negative,safety,1,1,10,0.1
Y4,Y,negative,scale,1,1,10,0.1
Y4,Y,negative,structure,1,1,10,0.1
Y4,Y,negative,urban integration,1,1,10,0.1
Y4,Y,positive,flexibility,1,1,5,0.2
Y4,Y,positive,layout,1,1,5,0.2
Y4,Y,positive,massing,1,1,5,0.2
Y4,Y,positive,proportion,1,1,5,0.2
Y4,Y,positive,structure,2,1,5,0.4
Y4,Y,positive,sustainability,2,1,5,0.4
Y4,Y,positive,urban integration,1,1,5,0.2
Y5,Y,negative,daylight,2,1,6,0.3333333333333333
Y5,Y,negative,facade,1,1,6,0.16666666666666666
Y5,Y,negative,landscape,1,1,6,0.16666666666666666
Y5,Y,negative,layout,1,1,6,0.16666666666666666
Y5,Y,negative,massing,2,1,6,0.3333333333333333
Y5,Y,negative,open space,1,1,6,0.16666666666666666
Y5,Y,negative,sustainability,3,1,6,0.5
Y5,Y,positive,circulation,1,1,5,0.2
Y5,Y,positive,expression,1,1,5,0.2
Y5,Y,positive,flexibility,2,1,5,0.4
Y5,Y,positive,identity,1,1,5,0.2
Y5,Y,positive,layout,1,1,5,0.2
Y5,Y,positive,massing,1,1,5,0.2
Y5,Y,positive,proportion,1,1,5,0.2
Y5,Y,positive,structure,1,1,5,0.2
Y5,Y,positive,urban integration,1,1,5,0.2
Y6,Y,negative,circulation,1,1,6,0.16666666666666666
Y6,Y,negative,facade,1,1,6,0.16666666666666666
Y6,Y,negative,flexibility,1,1,6,0.16666666666666666
Y6,Y,negative,functionality,2,1,6,0.3333333333333333
Y6,Y,negative,massing,3,1,6,0.5
Y6,Y,negative,sustainability,3,1,6,0.5
Y6,Y,negative,urban integration,1,1,6,0.16666666666666666
Y6,Y,positive,expression,1,1,2,0.5
Y6,Y,positive,layout,2,1,2,1.0
Y6,Y,positive,open space,1,1,2,0.5
YY1,YY,negative,circulation,1,1,6,0.16666666666666666
YY1,YY,negative,daylight,1,1,6,0.16666666666666666
YY1,YY,negative,facade,1,1,6,0.16666666666666666
YY1,YY,negative,functionality,1,1,6,0.16666666666666666
YY1,YY,negative,layout,4,1,6,0.6666666666666666
YY1,YY,negative,open space,1,1,6,0.16666666666666666
YY1,YY,negative,sustainability,1,1,6,0.16666666666666666
YY1,YY,negative,urban integration,1,1,6,0.16666666666666666
YY1,YY,negative,visibility,1,1,6,0.16666666666666666
YY1,YY,positive,circulation,1,1,9,0.1111111111111111
YY1,YY,positive,cost,2,1,9,0.2222222222222222
YY1,YY,positive,expression,2,1,9,0.2222222222222222
YY1,YY,positive,facade,1,1,9,0.1111111111111111
YY1,YY,positive,functionality,2,1,9,0.2222222222222222
YY1,YY,positive,identity,1,1,9,0.1111111111111111
YY1,YY,positive,landscape,1,1,9,0.1111111111111111
YY1,YY,positive,layout,2,1,9,0.2222222222222222
YY1,YY,positive,massing,2,1,9,0.2222222222222222
YY1,YY,positive,open space,1,1,9,0.1111111111111111
YY1,YY,positive,operation,2,1,9,0.2222222222222222
YY1,YY,positive,proportion,1,1,9,0.1111111111111111
YY1,YY,positive,structure,1,1,9,0.1111111111111111
YY1,YY,positive,sustainability,1,1,9,0.1111111111111111
YY1,YY,positive,urban integration,1,1,9,0.1111111111111111
YY2,YY,negative,accessibility,1,1,9,0.1111111111111111
YY2,YY,negative,acoustics,1,1,9,0.1111111111111111
YY2,YY,negative,circulation,2,1,9,0.2222222222222222
YY2,YY,negative,daylight,2,1,9,0.2222222222222222
YY2,YY,negative,flexibility,1,1,9,0.1111111111111111
YY2,YY,negative,functionality,3,1,9,0.3333333333333333
YY2,YY,negative,layout,2,1,9,0.2222222222222222
YY2,YY,negative,operation,2,1,9,0.2222222222222222
YY2,YY,negative,safety,2,1,9,0.2222222222222222
YY2,YY,negative,structure,1,1,9,0.1111111111111111
YY2,YY,negative,ventilation,1,1,9,0.1111111111111111
YY2,YY,positive,expression,2,1,7,0.2857142857142857
YY2,YY,positive,facade,1,1,7,0.14285714285714285
YY2,YY,positive,functionality,1,1,7,0.14285714285714285
YY2,YY,positive,identity,1,1,7,0.14285714285714285
YY2,YY,positive,landscape,1,1,7,0.14285714285714285
YY2,YY,positive,layout,2,1,7,0.2857142857142857
YY2,YY,positive,open space,2,1,7,0.2857142857142857
YY2,YY,positive,structure,1,1,7,0.14285714285714285
YY2,YY,positive,sustainability,1,1,7,0.14285714285714285
YY2,YY,positive,urban integration,2,1,7,0.2857142857142857
YY3,YY,negative,cost,1,1,12,0.08333333333333333
YY3,YY,negative,daylight,1,1,12,0.08333333333333333
YY3,YY,negative,expression,3,1,12,0.25
YY3,YY,negative,facade,2,1,12,0.16666666666666666
YY3,YY,negative,fire safety,2,1,12,0.16666666666666666
YY3,YY,negative,functionality,3,1,12,0.25
YY3,YY,negative,identity,2,1,12,0.16666666666666666
YY3,YY,negative,landscape,1,1,12,0.08333333333333333
YY3,YY,negative,layout,5,1,12,0.4166666666666667
YY3,YY,negative,massing,1,1,12,0.08333333333333333
YY3,YY,negative,open space,1,1,12,0.08333333333333333
YY3,YY,negative,operation,4,1,12,0.3333333333333333
YY3,YY,negative,proportion,1,1,12,0.08333333333333333
YY3,YY,negative,safety,1,1,12,0.08333333333333333
YY3,YY,negative,structure,2,1,12,0.16666666666666666
YY3,YY,negative,urban integration,1,1,12,0.08333333333333333
YY3,YY,positive,accessibility,1,1,8,0.125
YY3,YY,positive,circulation,3,1,8,0.375
YY3,YY,positive,cost,1,1,8,0.125
YY3,YY,positive,daylight,1,1,8,0.125
YY3,YY,positive,expression,1,1,8,0.125
YY3,YY,positive,flexibility,1,1,8,0.125
YY3,YY,positive,functionality,1,1,8,0.125
YY3,YY,positive,landscape,1,1,8,0.125
YY3,YY,positive,layout,1,1,8,0.125
YY3,YY,positive,massing,1,1,8,0.125
YY3,YY,positive,open space,2,1,8,0.25
YY3,YY,positive,operation,1,1,8,0.125
YY3,YY,positive,safety,1,1,8,0.125
YY3,YY,positive,sustainability,1,1,8,0.125
YY3,YY,positive,urban integration,2,1,8,0.25
YY4,YY,negative,accessibility,1,1,4,0.25
YY4,YY,negative,circulation,2,1,4,0.5
YY4,YY,negative,cost,1,1,4,0.25
YY4,YY,negative,functionality,1,1,4,0.25
YY4,YY,negative,open space,1,1,4,0.25
YY4,YY,negative,operation,1,1,4,0.25
YY4,YY,negative,sustainability,1,1,4,0.25
YY4,YY,negative,visibility,1,1,4,0.25
YY4,YY,positive,accessibility,1,1,5,0.2
YY4,YY,positive,circulation,1,1,5,0.2
YY4,YY,positive,daylight,1,1,5,0.2
YY4,YY,positive,expression,2,1,5,0.4
YY4,YY,positive,facade,1,1,5,0.2
YY4,YY,positive,functionality,2,1,5,0.4
YY4,YY,positive,landscape,1,1,5,0.2
YY4,YY,positive,layout,1,1,5,0.2
YY4,YY,positive,massing,1,1,5,0.2
YY4,YY,positive,open space,1,1,5,0.2
YY4,YY,positive,operation,1,1,5,0.2
YY4,YY,positive,sustainability,1,1,5,0.2
YY4,YY,positive,urban integration,1,1,5,0.2
YYY1,YYY,positive,circulation,2,1,16,0.125
YYY1,YYY,positive,cost,2,1,16,0.125
YYY1,YYY,positive,expression,2,1,16,0.125
YYY1,YYY,positive,fire safety,1,1,16,0.0625
YYY1,YYY,positive,flexibility,2,1,16,0.125
YYY1,YYY,positive,functionality,2,1,16,0.125
YYY1,YYY,positive,identity,2,1,16,0.125
YYY1,YYY,positive,landscape,2,1,16,0.125
YYY1,YYY,positive,layout,5,1,16,0.3125
YYY1,YYY,positive,massing,3,1,16,0.1875
YYY1,YYY,positive,open space,2,1,16,0.125
YYY1,YYY,positive,privacy,1,1,16,0.0625
YYY1,YYY,positive,safety,1,1,16,0.0625
YYY1,YYY,positive,scale,1,1,16,0.0625
YYY1,YYY,positive,structure,5,1,16,0.3125
YYY1,YYY,positive,sustainability,1,1,16,0.0625
YYY1,YYY,positive,topography,2,1,16,0.125
YYY1,YYY,positive,urban integration,3,1,16,0.1875
YYY2,YYY,negative,circulation,1,1,9,0.1111111111111111
YYY2,YYY,negative,cost,1,1,9,0.1111111111111111
YYY2,YYY,negative,daylight,1,1,9,0.1111111111111111
YYY2,YYY,negative,expression,2,1,9,0.2222222222222222
YYY2,YYY,negative,facade,1,1,9,0.1111111111111111
YYY2,YYY,negative,flexibility,2,1,9,0.2222222222222222
YYY2,YYY,negative,identity,2,1,9,0.2222222222222222
YYY2,YYY,negative,layout,3,1,9,0.3333333333333333
YYY2,YYY,negative,massing,1,1,9,0.1111111111111111
YYY2,YYY,negative,open space,2,1,9,0.2222222222222222
YYY2,YYY,negative,proportion,2,1,9,0.2222222222222222
YYY2,YYY,negative,structure,2,1,9,0.2222222222222222
YYY2,YYY,negative,sustainability,1,1,9,0.1111111111111111
YYY2,YYY,negative,topography,1,1,9,0.1111111111111111
YYY2,YYY,negative,urban integration,1,1,9,0.1111111111111111
YYY2,YYY,positive,circulation,1,1,7,0.14285714285714285
YYY2,YYY,positive,expression,1,1,7,0.14285714285714285
YYY2,YYY,positive,fire safety,1,1,7,0.14285714285714285
YYY2,YYY,positive,functionality,2,1,7,0.2857142857142857
YYY2,YYY,positive,layout,3,1,7,0.42857142857142855
YYY2,YYY,positive,massing,1,1,7,0.14285714285714285
YYY2,YYY,positive,open space,2,1,7,0.2857142857142857
YYY2,YYY,positive,proportion,1,1,7,0.14285714285714285
YYY2,YYY,positive,safety,1,1,7,0.14285714285714285
YYY2,YYY,positive,scale,1,1,7,0.14285714285714285
YYY2,YYY,positive,structure,1,1,7,0.14285714285714285
YYY3,YYY,negative,circulation,2,1,7,0.2857142857142857
YYY3,YYY,negative,expression,1,1,7,0.14285714285714285
YYY3,YYY,negative,fire safety,1,1,7,0.14285714285714285
YYY3,YYY,negative,flexibility,1,1,7,0.14285714285714285
YYY3,YYY,negative,functionality,1,1,7,0.14285714285714285
YYY3,YYY,negative,landscape,1,1,7,0.14285714285714285
YYY3,YYY,negative,layout,2,1,7,0.2857142857142857
YYY3,YYY,negative,massing,1,1,7,0.14285714285714285
YYY3,YYY,negative,open space,1,1,7,0.14285714285714285
YYY3,YYY,negative,operation,1,1,7,0.14285714285714285
YYY3,YYY,negative,proportion,1,1,7,0.14285714285714285
YYY3,YYY,negative,safety,2,1,7,0.2857142857142857
YYY3,YYY,negative,structure,3,1,7,0.42857142857142855
YYY3,YYY,negative,topography,1,1,7,0.14285714285714285
YYY3,YYY,positive,circulation,2,1,9,0.2222222222222222
YYY3,YYY,positive,expression,2,1,9,0.2222222222222222
YYY3,YYY,positive,facade,1,1,9,0.1111111111111111
YYY3,YYY,positive,fire safety,1,1,9,0.1111111111111111
YYY3,YYY,positive,functionality,1,1,9,0.1111111111111111
YYY3,YYY,positive,landscape,2,1,9,0.2222222222222222
YYY3,YYY,positive,layout,2,1,9,0.2222222222222222
YYY3,YYY,positive,massing,2,1,9,0.2222222222222222
YYY3,YYY,positive,open space,2,1,9,0.2222222222222222
YYY3,YYY,positive,structure,2,1,9,0.2222222222222222
YYY3,YYY,positive,topography,2,1,9,0.2222222222222222
YYY3,YYY,positive,urban integration,1,1,9,0.1111111111111111
YYY3,YYY,positive,visibility,1,1,9,0.1111111111111111
YYY4,YYY,negative,cost,2,1,7,0.2857142857142857
YYY4,YYY,negative,fire safety,1,1,7,0.14285714285714285
YYY4,YYY,negative,flexibility,1,1,7,0.14285714285714285
YYY4,YYY,negative,functionality,1,1,7,0.14285714285714285
YYY4,YYY,negative,layout,1,1,7,0.14285714285714285
YYY4,YYY,negative,open space,1,1,7,0.14285714285714285
YYY4,YYY,negative,safety,2,1,7,0.2857142857142857
YYY4,YYY,negative,structure,3,1,7,0.42857142857142855
YYY4,YYY,negative,urban integration,1,1,7,0.14285714285714285
YYY4,YYY,negative,visibility,1,1,7,0.14285714285714285
YYY4,YYY,positive,circulation,1,1,4,0.25
YYY4,YYY,positive,expression,1,1,4,0.25
YYY4,YYY,positive,functionality,1,1,4,0.25
YYY4,YYY,positive,layout,2,1,4,0.5
YYY4,YYY,positive,massing,1,1,4,0.25
YYY4,YYY,positive,open space,1,1,4,0.25
YYY4,YYY,positive,safety,1,1,4,0.25
YYY4,YYY,positive,sustainability,1,1,4,0.25
YYY5,YYY,negative,cost,2,1,6,0.3333333333333333
YYY5,YYY,negative,expression,1,1,6,0.16666666666666666
YYY5,YYY,negative,functionality,1,1,6,0.16666666666666666
YYY5,YYY,negative,identity,1,1,6,0.16666666666666666
YYY5,YYY,negative,layout,2,1,6,0.3333333333333333
YYY5,YYY,negative,open space,2,1,6,0.3333333333333333
YYY5,YYY,negative,structure,2,1,6,0.3333333333333333
YYY5,YYY,negative,urban integration,1,1,6,0.16666666666666666
YYY5,YYY,positive,circulation,2,1,10,0.2
YYY5,YYY,positive,daylight,1,1,10,0.1
YYY5,YYY,positive,expression,1,1,10,0.1
YYY5,YYY,positive,fire safety,1,1,10,0.1
YYY5,YYY,positive,flexibility,1,1,10,0.1
YYY5,YYY,positive,functionality,4,1,10,0.4
YYY5,YYY,positive,layout,4,1,10,0.4
YYY5,YYY,positive,safety,1,1,10,0.1
YYY5,YYY,positive,structure,2,1,10,0.2
YYY6,YYY,negative,flexibility,2,1,3,0.6666666666666666
YYY6,YYY,negative,layout,2,1,3,0.6666666666666666
YYY6,YYY,negative,operation,1,1,3,0.3333333333333333
YYY6,YYY,positive,circulation,3,1,14,0.21428571428571427
YYY6,YYY,positive,cost,2,1,14,0.14285714285714285
YYY6,YYY,positive,facade,1,1,14,0.07142857142857142
YYY6,YYY,positive,fire safety,1,1,14,0.07142857142857142
YYY6,YYY,positive,flexibility,2,1,14,0.14285714285714285
YYY6,YYY,positive,functionality,3,1,14,0.21428571428571427
YYY6,YYY,positive,landscape,1,1,14,0.07142857142857142
YYY6,YYY,positive,layout,3,1,14,0.21428571428571427
YYY6,YYY,positive,open space,4,1,14,0.2857142857142857
YYY6,YYY,positive,safety,1,1,14,0.07142857142857142
YYY6,YYY,positive,scale,1,1,14,0.07142857142857142
YYY6,YYY,positive,structure,2,1,14,0.14285714285714285
YYY6,YYY,positive,sustainability,1,1,14,0.07142857142857142
YYY6,YYY,positive,urban integration,2,1,14,0.14285714285714285
YYY6,YYY,positive,visibility,1,1,14,0.07142857142857142
Z1,Z,negative,circulation,2,1,5,0.4
Z1,Z,negative,functionality,2,1,5,0.4
Z1,Z,negative,layout,1,1,5,0.2
Z1,Z,negative,open space,2,1,5,0.4
Z1,Z,negative,privacy,1,1,5,0.2
Z1,Z,negative,urban integration,1,1,5,0.2
Z1,Z,positive,circulation,1,1,9,0.1111111111111111
Z1,Z,positive,cost,1,1,9,0.1111111111111111
Z1,Z,positive,daylight,1,1,9,0.1111111111111111
Z1,Z,positive,expression,2,1,9,0.2222222222222222
Z1,Z,positive,facade,1,1,9,0.1111111111111111
Z1,Z,positive,flexibility,2,1,9,0.2222222222222222
Z1,Z,positive,functionality,1,1,9,0.1111111111111111
Z1,Z,positive,identity,1,1,9,0.1111111111111111
Z1,Z,positive,landscape,2,1,9,0.2222222222222222
Z1,Z,positive,layout,2,1,9,0.2222222222222222
Z1,Z,positive,open space,1,1,9,0.1111111111111111
Z1,Z,positive,urban integration,2,1,9,0.2222222222222222
Z1,Z,positive,visibility,1,1,9,0.1111111111111111
Z2,Z,negative,accessibility,1,1,5,0.2
Z2,Z,negative,circulation,2,1,5,0.4
Z2,Z,negative,daylight,1,1,5,0.2
Z2,Z,negative,expression,1,1,5,0.2
Z2,Z,negative,flexibility,1,1,5,0.2
Z2,Z,negative,massing,1,1,5,0.2
Z2,Z,negative,operation,1,1,5,0.2
Z2,Z,negative,visibility,1,1,5,0.2
Z2,Z,positive,circulation,2,1,7,0.2857142857142857
Z2,Z,positive,expression,3,1,7,0.42857142857142855
Z2,Z,positive,functionality,2,1,7,0.2857142857142857
Z2,Z,positive,identity,1,1,7,0.14285714285714285
Z2,Z,positive,landscape,1,1,7,0.14285714285714285
Z2,Z,positive,layout,1,1,7,0.14285714285714285
Z2,Z,positive,massing,1,1,7,0.14285714285714285
Z2,Z,positive,open space,1,1,7,0.14285714285714285
Z2,Z,positive,safety,1,1,7,0.14285714285714285
Z2,Z,positive,urban integration,2,1,7,0.2857142857142857
Z3,Z,negative,accessibility,1,1,7,0.14285714285714285
Z3,Z,negative,circulation,1,1,7,0.14285714285714285
Z3,Z,negative,cost,2,1,7,0.2857142857142857
Z3,Z,negative,facade,1,1,7,0.14285714285714285
Z3,Z,negative,functionality,3,1,7,0.42857142857142855
Z3,Z,negative,landscape,1,1,7,0.14285714285714285
Z3,Z,negative,layout,2,1,7,0.2857142857142857
Z3,Z,negative,massing,1,1,7,0.14285714285714285
Z3,Z,negative,open space,1,1,7,0.14285714285714285
Z3,Z,negative,operation,1,1,7,0.14285714285714285
Z3,Z,negative,urban integration,1,1,7,0.14285714285714285
Z3,Z,positive,expression,1,1,4,0.25
Z3,Z,positive,flexibility,1,1,4,0.25
Z3,Z,positive,functionality,2,1,4,0.5
Z3,Z,positive,identity,1,1,4,0.25
Z3,Z,positive,layout,1,1,4,0.25
Z3,Z,positive,massing,1,1,4,0.25
Z3,Z,positive,open space,1,1,4,0.25
Z3,Z,positive,structure,1,1,4,0.25
Z3,Z,positive,visibility,1,1,4,0.25
Z4,Z,negative,accessibility,1,1,5,0.2
Z4,Z,negative,circulation,3,1,5,0.6
Z4,Z,negative,cost,1,1,5,0.2
Z4,Z,negative,flexibility,1,1,5,0.2
Z4,Z,negative,functionality,1,1,5,0.2
Z4,Z,negative,layout,2,1,5,0.4
Z4,Z,negative,massing,1,1,5,0.2
Z4,Z,negative,open space,1,1,5,0.2
Z4,Z,negative,scale,1,1,5,0.2
Z4,Z,positive,cost,1,1,6,0.16666666666666666
Z4,Z,positive,daylight,1,1,6,0.16666666666666666
Z4,Z,positive,expression,1,1,6,0.16666666666666666
Z4,Z,positive,landscape,1,1,6,0.16666666666666666
Z4,Z,positive,layout,2,1,6,0.3333333333333333
Z4,Z,positive,massing,1,1,6,0.16666666666666666
Z4,Z,positive,open space,3,1,6,0.5
Z4,Z,positive,structure,1,1,6,0.16666666666666666
Z4,Z,positive,urban integration,1,1,6,0.16666666666666666
ZZ1,ZZ,negative,circulation,1,1,4,0.25
ZZ1,ZZ,negative,expression,1,1,4,0.25
ZZ1,ZZ,negative,functionality,1,1,4,0.25
ZZ1,ZZ,negative,massing,2,1,4,0.5
ZZ1,ZZ,negative,open space,2,1,4,0.5
ZZ1,ZZ,negative,sustainability,1,1,4,0.25
ZZ1,ZZ,positive,circulation,2,1,9,0.2222222222222222
ZZ1,ZZ,positive,cost,1,1,9,0.1111111111111111
ZZ1,ZZ,positive,expression,1,1,9,0.1111111111111111
ZZ1,ZZ,positive,flexibility,2,1,9,0.2222222222222222
ZZ1,ZZ,positive,functionality,2,1,9,0.2222222222222222
ZZ1,ZZ,positive,landscape,1,1,9,0.1111111111111111
ZZ1,ZZ,positive,layout,2,1,9,0.2222222222222222
ZZ1,ZZ,positive,massing,1,1,9,0.1111111111111111
ZZ1,ZZ,positive,open space,1,1,9,0.1111111111111111
ZZ1,ZZ,positive,privacy,1,1,9,0.1111111111111111
ZZ1,ZZ,positive,urban integration,2,1,9,0.2222222222222222
ZZ1,ZZ,positive,visibility,1,1,9,0.1111111111111111
ZZ2,ZZ,negative,accessibility,1,1,7,0.14285714285714285
ZZ2,ZZ,negative,circulation,3,1,7,0.42857142857142855
ZZ2,ZZ,negative,cost,1,1,7,0.14285714285714285
ZZ2,ZZ,negative,functionality,1,1,7,0.14285714285714285
ZZ2,ZZ,negative,landscape,1,1,7,0.14285714285714285
ZZ2,ZZ,negative,layout,1,1,7,0.14285714285714285
ZZ2,ZZ,negative,massing,2,1,7,0.2857142857142857
ZZ2,ZZ,negative,structure,1,1,7,0.14285714285714285
ZZ2,ZZ,negative,sustainability,2,1,7,0.2857142857142857
ZZ2,ZZ,negative,urban integration,1,1,7,0.14285714285714285
ZZ2,ZZ,positive,cost,2,1,8,0.25
ZZ2,ZZ,positive,daylight,1,1,8,0.125
ZZ2,ZZ,positive,expression,1,1,8,0.125
ZZ2,ZZ,positive,flexibility,1,1,8,0.125
ZZ2,ZZ,positive,landscape,1,1,8,0.125
ZZ2,ZZ,positive,layout,1,1,8,0.125
ZZ2,ZZ,positive,massing,1,1,8,0.125
ZZ2,ZZ,positive,open space,2,1,8,0.25
ZZ2,ZZ,positive,scale,1,1,8,0.125
ZZ2,ZZ,positive,structure,1,1,8,0.125
ZZ2,ZZ,positive,urban integration,2,1,8,0.25
ZZ3,ZZ,negative,circulation,2,1,8,0.25
ZZ3,ZZ,negative,expression,1,1,8,0.125
ZZ3,ZZ,negative,fire safety,1,1,8,0.125
ZZ3,ZZ,negative,functionality,4,1,8,0.5
ZZ3,ZZ,negative,landscape,1,1,8,0.125
ZZ3,ZZ,negative,layout,2,1,8,0.25
ZZ3,ZZ,negative,open space,1,1,8,0.125
ZZ3,ZZ,negative,operation,1,1,8,0.125
ZZ3,ZZ,negative,proportion,1,1,8,0.125
ZZ3,ZZ,negative,safety,1,1,8,0.125
ZZ3,ZZ,negative,scale,1,1,8,0.125
ZZ3,ZZ,negative,urban integration,1,1,8,0.125
ZZ3,ZZ,positive,circulation,2,1,7,0.2857142857142857
ZZ3,ZZ,positive,cost,1,1,7,0.14285714285714285
ZZ3,ZZ,positive,landscape,1,1,7,0.14285714285714285
ZZ3,ZZ,positive,layout,1,1,7,0.14285714285714285
ZZ3,ZZ,positive,massing,4,1,7,0.5714285714285714
ZZ3,ZZ,positive,open space,1,1,7,0.14285714285714285
ZZ3,ZZ,positive,sustainability,1,1,7,0.14285714285714285
ZZ3,ZZ,positive,urban integration,3,1,7,0.42857142857142855
ZZ3,ZZ,positive,visibility,1,1,7,0.14285714285714285
ZZ4,ZZ,negative,accessibility,1,1,6,0.16666666666666666
ZZ4,ZZ,negative,circulation,1,1,6,0.16666666666666666
ZZ4,ZZ,negative,cost,1,1,6,0.16666666666666666
ZZ4,ZZ,negative,flexibility,1,1,6,0.16666666666666666
ZZ4,ZZ,negative,functionality,2,1,6,0.3333333333333333
ZZ4,ZZ,negative,landscape,1,1,6,0.16666666666666666
ZZ4,ZZ,negative,layout,2,1,6,0.3333333333333333
ZZ4,ZZ,negative,massing,1,1,6,0.16666666666666666
ZZ4,ZZ,negative,open space,1,1,6,0.16666666666666666
ZZ4,ZZ,negative,operation,1,1,6,0.16666666666666666
ZZ4,ZZ,negative,sustainability,2,1,6,0.3333333333333333
ZZ4,ZZ,positive,expression,3,1,5,0.6
ZZ4,ZZ,positive,facade,1,1,5,0.2
ZZ4,ZZ,positive,flexibility,1,1,5,0.2
ZZ4,ZZ,positive,layout,1,1,5,0.2
ZZ4,ZZ,positive,massing,2,1,5,0.4
ZZ4,ZZ,positive,proportion,2,1,5,0.4
ZZ4,ZZ,positive,urban integration,1,1,5,0.2
ZZ5,ZZ,negative,circulation,2,1,9,0.2222222222222222
ZZ5,ZZ,negative,expression,1,1,9,0.1111111111111111
ZZ5,ZZ,negative,fire safety,1,1,9,0.1111111111111111
ZZ5,ZZ,negative,flexibility,1,1,9,0.1111111111111111
ZZ5,ZZ,negative,functionality,3,1,9,0.3333333333333333
ZZ5,ZZ,negative,identity,2,1,9,0.2222222222222222
ZZ5,ZZ,negative,landscape,1,1,9,0.1111111111111111
ZZ5,ZZ,negative,layout,2,1,9,0.2222222222222222
ZZ5,ZZ,negative,massing,1,1,9,0.1111111111111111
ZZ5,ZZ,negative,open space,1,1,9,0.1111111111111111
ZZ5,ZZ,negative,operation,2,1,9,0.2222222222222222
ZZ5,ZZ,negative,proportion,2,1,9,0.2222222222222222
ZZ5,ZZ,negative,safety,1,1,9,0.1111111111111111
ZZ5,ZZ,negative,urban integration,1,1,9,0.1111111111111111
ZZ5,ZZ,positive,cost,1,1,7,0.14285714285714285
ZZ5,ZZ,positive,expression,1,1,7,0.14285714285714285
ZZ5,ZZ,positive,facade,1,1,7,0.14285714285714285
ZZ5,ZZ,positive,flexibility,1,1,7,0.14285714285714285
ZZ5,ZZ,positive,functionality,1,1,7,0.14285714285714285
ZZ5,ZZ,positive,landscape,1,1,7,0.14285714285714285
ZZ5,ZZ,positive,layout,1,1,7,0.14285714285714285
ZZ5,ZZ,positive,massing,3,1,7,0.42857142857142855
ZZ5,ZZ,positive,open space,2,1,7,0.2857142857142857
ZZ5,ZZ,positive,scale,1,1,7,0.14285714285714285
ZZ5,ZZ,positive,structure,1,1,7,0.14285714285714285
ZZ5,ZZ,positive,sustainability,1,1,7,0.14285714285714285
ZZ5,ZZ,positive,urban integration,1,1,7,0.14285714285714285
ZZ5,ZZ,positive,visibility,1,1,7,0.14285714285714285
ZZ6,ZZ,negative,circulation,1,1,9,0.1111111111111111
ZZ6,ZZ,negative,cost,2,1,9,0.2222222222222222
ZZ6,ZZ,negative,expression,3,1,9,0.3333333333333333
ZZ6,ZZ,negative,facade,2,1,9,0.2222222222222222
ZZ6,ZZ,negative,functionality,4,1,9,0.4444444444444444
ZZ6,ZZ,negative,identity,1,1,9,0.1111111111111111
ZZ6,ZZ,negative,layout,4,1,9,0.4444444444444444
ZZ6,ZZ,negative,massing,1,1,9,0.1111111111111111
ZZ6,ZZ,negative,operation,1,1,9,0.1111111111111111
ZZ6,ZZ,negative,scale,1,1,9,0.1111111111111111
ZZ6,ZZ,negative,sustainability,1,1,9,0.1111111111111111
ZZ6,ZZ,negative,urban integration,2,1,9,0.2222222222222222
ZZ6,ZZ,negative,visibility,1,1,9,0.1111111111111111
ZZ6,ZZ,positive,expression,1,1,6,0.16666666666666666
ZZ6,ZZ,positive,functionality,1,1,6,0.16666666666666666
ZZ6,ZZ,positive,landscape,1,1,6,0.16666666666666666
ZZ6,ZZ,positive,layout,1,1,6,0.16666666666666666
ZZ6,ZZ,positive,massing,2,1,6,0.3333333333333333
ZZ6,ZZ,positive,open space,1,1,6,0.16666666666666666
ZZ6,ZZ,positive,scale,1,1,6,0.16666666666666666
ZZ6,ZZ,positive,structure,1,1,6,0.16666666666666666
ZZ6,ZZ,positive,sustainability,1,1,6,0.16666666666666666
ZZ6,ZZ,positive,urban integration,2,1,6,0.3333333333333333
ZZ6,ZZ,positive,visibility,1,1,6,0.16666666666666666
ZZ7,ZZ,negative,accessibility,2,1,10,0.2
ZZ7,ZZ,negative,acoustics,1,1,10,0.1
ZZ7,ZZ,negative,circulation,1,1,10,0.1
ZZ7,ZZ,negative,cost,1,1,10,0.1
ZZ7,ZZ,negative,daylight,1,1,10,0.1
ZZ7,ZZ,negative,expression,2,1,10,0.2
ZZ7,ZZ,negative,functionality,4,1,10,0.4
ZZ7,ZZ,negative,landscape,2,1,10,0.2
ZZ7,ZZ,negative,layout,3,1,10,0.3
ZZ7,ZZ,negative,massing,2,1,10,0.2
ZZ7,ZZ,negative,open space,3,1,10,0.3
ZZ7,ZZ,negative,proportion,2,1,10,0.2
ZZ7,ZZ,negative,structure,1,1,10,0.1
ZZ7,ZZ,negative,sustainability,2,1,10,0.2
ZZ7,ZZ,negative,urban integration,1,1,10,0.1
ZZ7,ZZ,positive,accessibility,1,1,5,0.2
ZZ7,ZZ,positive,circulation,1,1,5,0.2
ZZ7,ZZ,positive,expression,2,1,5,0.4
ZZ7,ZZ,positive,functionality,1,1,5,0.2
ZZ7,ZZ,positive,layout,1,1,5,0.2
ZZ7,ZZ,positive,massing,1,1,5,0.2
ZZ7,ZZ,positive,structure,1,1,5,0.2
ZZ7,ZZ,positive,sustainability,1,1,5,0.2
ZZ7,ZZ,positive,urban integration,1,1,5,0.2
ZZZ1,ZZZ,negative,cost,2,1,8,0.25
ZZZ1,ZZZ,negative,facade,4,1,8,0.5
ZZZ1,ZZZ,negative,functionality,1,1,8,0.125
ZZZ1,ZZZ,negative,layout,1,1,8,0.125
ZZZ1,ZZZ,negative,massing,1,1,8,0.125
ZZZ1,ZZZ,negative,safety,1,1,8,0.125
ZZZ1,ZZZ,negative,structure,5,1,8,0.625
ZZZ1,ZZZ,negative,sustainability,5,1,8,0.625
ZZZ1,ZZZ,positive,circulation,2,1,14,0.14285714285714285
ZZZ1,ZZZ,positive,cost,1,1,14,0.07142857142857142
ZZZ1,ZZZ,positive,daylight,2,1,14,0.14285714285714285
ZZZ1,ZZZ,positive,expression,2,1,14,0.14285714285714285
ZZZ1,ZZZ,positive,fire safety,1,1,14,0.07142857142857142
ZZZ1,ZZZ,positive,flexibility,1,1,14,0.07142857142857142
ZZZ1,ZZZ,positive,functionality,4,1,14,0.2857142857142857
ZZZ1,ZZZ,positive,identity,1,1,14,0.07142857142857142
ZZZ1,ZZZ,positive,layout,3,1,14,0.21428571428571427
ZZZ1,ZZZ,positive,massing,1,1,14,0.07142857142857142
ZZZ1,ZZZ,positive,open space,4,1,14,0.2857142857142857
ZZZ1,ZZZ,positive,operation,1,1,14,0.07142857142857142
ZZZ1,ZZZ,positive,proportion,1,1,14,0.07142857142857142
ZZZ1,ZZZ,positive,scale,1,1,14,0.07142857142857142
ZZZ1,ZZZ,positive,structure,2,1,14,0.14285714285714285
ZZZ1,ZZZ,positive,urban integration,6,1,14,0.42857142857142855
ZZZ1,ZZZ,positive,ventilation,1,1,14,0.07142857142857142
ZZZ1,ZZZ,positive,visibility,2,1,14,0.14285714285714285
ZZZ2,ZZZ,negative,circulation,1,1,7,0.14285714285714285
ZZZ2,ZZZ,negative,cost,1,1,7,0.14285714285714285
ZZZ2,ZZZ,negative,daylight,1,1,7,0.14285714285714285
ZZZ2,ZZZ,negative,expression,1,1,7,0.14285714285714285
ZZZ2,ZZZ,negative,fire safety,1,1,7,0.14285714285714285
ZZZ2,ZZZ,negative,functionality,1,1,7,0.14285714285714285
ZZZ2,ZZZ,negative,landscape,1,1,7,0.14285714285714285
ZZZ2,ZZZ,negative,safety,2,1,7,0.2857142857142857
ZZZ2,ZZZ,negative,structure,1,1,7,0.14285714285714285
ZZZ2,ZZZ,negative,sustainability,2,1,7,0.2857142857142857
ZZZ2,ZZZ,negative,ventilation,1,1,7,0.14285714285714285
ZZZ2,ZZZ,positive,circulation,2,1,8,0.25
ZZZ2,ZZZ,positive,expression,1,1,8,0.125
ZZZ2,ZZZ,positive,facade,1,1,8,0.125
ZZZ2,ZZZ,positive,flexibility,2,1,8,0.25
ZZZ2,ZZZ,positive,functionality,3,1,8,0.375
ZZZ2,ZZZ,positive,identity,1,1,8,0.125
ZZZ2,ZZZ,positive,landscape,1,1,8,0.125
ZZZ2,ZZZ,positive,layout,2,1,8,0.25
ZZZ2,ZZZ,positive,massing,1,1,8,0.125
ZZZ2,ZZZ,positive,open space,3,1,8,0.375
ZZZ2,ZZZ,positive,operation,1,1,8,0.125
ZZZ2,ZZZ,positive,structure,1,1,8,0.125
ZZZ2,ZZZ,positive,urban integration,4,1,8,0.5
ZZZ3,ZZZ,negative,accessibility,1,1,7,0.14285714285714285
ZZZ3,ZZZ,negative,cost,3,1,7,0.42857142857142855
ZZZ3,ZZZ,negative,expression,2,1,7,0.2857142857142857
ZZZ3,ZZZ,negative,facade,1,1,7,0.14285714285714285
ZZZ3,ZZZ,negative,flexibility,1,1,7,0.14285714285714285
ZZZ3,ZZZ,negative,functionality,2,1,7,0.2857142857142857
ZZZ3,ZZZ,negative,layout,1,1,7,0.14285714285714285
ZZZ3,ZZZ,negative,open space,1,1,7,0.14285714285714285
ZZZ3,ZZZ,negative,operation,1,1,7,0.14285714285714285
ZZZ3,ZZZ,negative,scale,1,1,7,0.14285714285714285
ZZZ3,ZZZ,negative,sustainability,1,1,7,0.14285714285714285
ZZZ3,ZZZ,negative,urban integration,1,1,7,0.14285714285714285
ZZZ3,ZZZ,positive,circulation,2,1,6,0.3333333333333333
ZZZ3,ZZZ,positive,cost,1,1,6,0.16666666666666666
ZZZ3,ZZZ,positive,daylight,1,1,6,0.16666666666666666
ZZZ3,ZZZ,positive,functionality,1,1,6,0.16666666666666666
ZZZ3,ZZZ,positive,landscape,1,1,6,0.16666666666666666
ZZZ3,ZZZ,positive,layout,3,1,6,0.5
ZZZ3,ZZZ,positive,open space,1,1,6,0.16666666666666666
ZZZ3,ZZZ,positive,operation,1,1,6,0.16666666666666666
ZZZ3,ZZZ,positive,proportion,1,1,6,0.16666666666666666
ZZZ3,ZZZ,positive,structure,1,1,6,0.16666666666666666
ZZZ3,ZZZ,positive,urban integration,2,1,6,0.3333333333333333
ZZZ4,ZZZ,negative,cost,1,1,9,0.1111111111111111
ZZZ4,ZZZ,negative,daylight,1,1,9,0.1111111111111111
ZZZ4,ZZZ,negative,facade,1,1,9,0.1111111111111111
ZZZ4,ZZZ,negative,fire safety,1,1,9,0.1111111111111111
ZZZ4,ZZZ,negative,flexibility,1,1,9,0.1111111111111111
ZZZ4,ZZZ,negative,functionality,2,1,9,0.2222222222222222
ZZZ4,ZZZ,negative,landscape,1,1,9,0.1111111111111111
ZZZ4,ZZZ,negative,layout,1,1,9,0.1111111111111111
ZZZ4,ZZZ,negative,open space,2,1,9,0.2222222222222222
ZZZ4,ZZZ,negative,operation,1,1,9,0.1111111111111111
ZZZ4,ZZZ,negative,proportion,1,1,9,0.1111111111111111
ZZZ4,ZZZ,negative,safety,2,1,9,0.2222222222222222
ZZZ4,ZZZ,negative,structure,1,1,9,0.1111111111111111
ZZZ4,ZZZ,negative,sustainability,1,1,9,0.1111111111111111
ZZZ4,ZZZ,negative,urban integration,2,1,9,0.2222222222222222
ZZZ4,ZZZ,positive,cost,1,1,6,0.16666666666666666
ZZZ4,ZZZ,positive,expression,2,1,6,0.3333333333333333
ZZZ4,ZZZ,positive,identity,2,1,6,0.3333333333333333
ZZZ4,ZZZ,positive,layout,2,1,6,0.3333333333333333
ZZZ4,ZZZ,positive,massing,2,1,6,0.3333333333333333
ZZZ4,ZZZ,positive,proportion,1,1,6,0.16666666666666666
ZZZ4,ZZZ,positive,scale,1,1,6,0.16666666666666666
ZZZ4,ZZZ,positive,structure,1,1,6,0.16666666666666666
ZZZ4,ZZZ,positive,urban integration,1,1,6,0.16666666666666666
ZZZ5,ZZZ,negative,circulation,1,1,8,0.125
ZZZ5,ZZZ,negative,cost,1,1,8,0.125
ZZZ5,ZZZ,negative,functionality,3,1,8,0.375
ZZZ5,ZZZ,negative,identity,1,1,8,0.125
ZZZ5,ZZZ,negative,layout,1,1,8,0.125
ZZZ5,ZZZ,negative,massing,1,1,8,0.125
ZZZ5,ZZZ,negative,open space,2,1,8,0.25
ZZZ5,ZZZ,negative,operation,1,1,8,0.125
ZZZ5,ZZZ,negative,proportion,1,1,8,0.125
ZZZ5,ZZZ,negative,structure,2,1,8,0.25
ZZZ5,ZZZ,negative,urban integration,1,1,8,0.125
ZZZ5,ZZZ,positive,circulation,1,1,8,0.125
ZZZ5,ZZZ,positive,cost,1,1,8,0.125
ZZZ5,ZZZ,positive,expression,1,1,8,0.125
ZZZ5,ZZZ,positive,facade,1,1,8,0.125
ZZZ5,ZZZ,positive,functionality,1,1,8,0.125
ZZZ5,ZZZ,positive,layout,2,1,8,0.25
ZZZ5,ZZZ,positive,massing,3,1,8,0.375
ZZZ5,ZZZ,positive,operation,1,1,8,0.125
ZZZ5,ZZZ,positive,proportion,2,1,8,0.25
ZZZ5,ZZZ,positive,sustainability,1,1,8,0.125
ZZZ5,ZZZ,positive,urban integration,4,1,8,0.5
ZZZ6,ZZZ,negative,accessibility,1,1,11,0.09090909090909091
ZZZ6,ZZZ,negative,circulation,2,1,11,0.18181818181818182
ZZZ6,ZZZ,negative,cost,1,1,11,0.09090909090909091
ZZZ6,ZZZ,negative,expression,2,1,11,0.18181818181818182
ZZZ6,ZZZ,negative,facade,2,1,11,0.18181818181818182
ZZZ6,ZZZ,negative,fire safety,1,1,11,0.09090909090909091
ZZZ6,ZZZ,negative,flexibility,2,1,11,0.18181818181818182
ZZZ6,ZZZ,negative,functionality,1,1,11,0.09090909090909091
ZZZ6,ZZZ,negative,layout,1,1,11,0.09090909090909091
ZZZ6,ZZZ,negative,massing,1,1,11,0.09090909090909091
ZZZ6,ZZZ,negative,open space,3,1,11,0.2727272727272727
ZZZ6,ZZZ,negative,operation,2,1,11,0.18181818181818182
ZZZ6,ZZZ,negative,proportion,1,1,11,0.09090909090909091
ZZZ6,ZZZ,negative,urban integration,4,1,11,0.36363636363636365
ZZZ6,ZZZ,negative,visibility,1,1,11,0.09090909090909091
ZZZ6,ZZZ,positive,circulation,2,1,7,0.2857142857142857
ZZZ6,ZZZ,positive,cost,1,1,7,0.14285714285714285
ZZZ6,ZZZ,positive,expression,1,1,7,0.14285714285714285
ZZZ6,ZZZ,positive,functionality,1,1,7,0.14285714285714285
ZZZ6,ZZZ,positive,identity,1,1,7,0.14285714285714285
ZZZ6,ZZZ,positive,layout,1,1,7,0.14285714285714285
ZZZ6,ZZZ,positive,massing,1,1,7,0.14285714285714285
ZZZ6,ZZZ,positive,open space,1,1,7,0.14285714285714285
ZZZ6,ZZZ,positive,operation,1,1,7,0.14285714285714285
ZZZ6,ZZZ,positive,proportion,1,1,7,0.14285714285714285
ZZZ6,ZZZ,positive,safety,1,1,7,0.14285714285714285
ZZZ6,ZZZ,positive,structure,1,1,7,0.14285714285714285
ZZZ6,ZZZ,positive,sustainability,1,1,7,0.14285714285714285
ZZZ6,ZZZ,positive,urban integration,2,1,7,0.2857142857142857
ZZZ7,ZZZ,negative,circulation,3,1,7,0.42857142857142855
ZZZ7,ZZZ,negative,cost,1,1,7,0.14285714285714285
ZZZ7,ZZZ,negative,daylight,1,1,7,0.14285714285714285
ZZZ7,ZZZ,negative,flexibility,2,1,7,0.2857142857142857
ZZZ7,ZZZ,negative,layout,5,1,7,0.7142857142857143
ZZZ7,ZZZ,negative,proportion,1,1,7,0.14285714285714285
ZZZ7,ZZZ,negative,structure,1,1,7,0.14285714285714285
ZZZ7,ZZZ,positive,circulation,1,1,9,0.1111111111111111
ZZZ7,ZZZ,positive,cost,1,1,9,0.1111111111111111
ZZZ7,ZZZ,positive,expression,1,1,9,0.1111111111111111
ZZZ7,ZZZ,positive,facade,1,1,9,0.1111111111111111
ZZZ7,ZZZ,positive,flexibility,1,1,9,0.1111111111111111
ZZZ7,ZZZ,positive,functionality,3,1,9,0.3333333333333333
ZZZ7,ZZZ,positive,landscape,1,1,9,0.1111111111111111
ZZZ7,ZZZ,positive,layout,3,1,9,0.3333333333333333
ZZZ7,ZZZ,positive,open space,3,1,9,0.3333333333333333
ZZZ7,ZZZ,positive,operation,1,1,9,0.1111111111111111
ZZZ7,ZZZ,positive,structure,3,1,9,0.3333333333333333
ZZZ7,ZZZ,positive,sustainability,1,1,9,0.1111111111111111
ZZZ7,ZZZ,positive,urban integration,2,1,9,0.2222222222222222
ZZZ7,ZZZ,positive,ventilation,1,1,9,0.1111111111111111
ZZZ7,ZZZ,positive,visibility,1,1,9,0.1111111111111111
